Age,BusinessTravel,DailyRate,Department,DistanceFromHome,Education,EducationField,EnvironmentSatisfaction,Gender,HourlyRate,JobInvolvement,JobLevel,JobRole,JobSatisfaction,MaritalStatus,MonthlyIncome,MonthlyRate,NumCompaniesWorked,OverTime,PercentSalaryHike,PerformanceRating,RelationshipSatisfaction,StockOptionLevel,TotalWorkingYears,TrainingTimesLastYear,WorkLifeBalance,YearsAtCompany,YearsInCurrentRole,YearsSinceLastPromotion,YearsWithCurrManager,CompRatio,SatisfactionScore,WorkLifeFlag,IncomePerYearExp
47,2,1225,2,2,4,1,2,0,47,4,4,3,2,0,15972,21086,6,0,14,3,3,3,29,2,3,3,2,1,2,2.775566947606221,2.3333333333333335,0,532.4
22,2,594,1,2,1,5,3,1,100,3,1,2,4,1,2523,19299,0,0,14,3,3,1,3,2,3,2,1,2,1,0.5768175582990398,3.3333333333333335,0,630.75
46,2,406,2,3,1,2,1,1,52,3,4,3,3,1,17465,15596,3,0,12,3,4,1,23,3,3,12,9,4,9,3.035016074376575,2.6666666666666665,0,727.7083333333334
25,2,622,2,13,1,3,2,1,40,3,1,8,3,1,2096,26376,1,0,11,3,3,0,7,1,3,7,4,0,6,0.36423668433399947,2.6666666666666665,0,262.0
43,1,1001,1,9,5,3,4,1,72,3,2,2,3,0,5679,19627,3,1,13,3,2,1,10,3,3,8,7,4,7,1.2983539094650205,3.0,0,516.2727272727273
28,2,1157,1,2,4,3,1,1,84,1,1,6,4,1,3464,24737,5,1,13,3,4,0,5,4,2,3,2,2,2,0.791952446273434,3.0,1,577.3333333333334
51,2,833,1,1,3,1,3,1,96,3,1,6,4,1,2723,23231,1,0,11,3,2,0,1,0,2,1,0,0,0,0.6225422953818015,3.0,1,1361.5
43,1,1082,1,27,3,1,3,0,83,3,3,4,1,1,10820,11535,8,0,11,3,3,1,18,1,3,8,7,0,1,2.473708276177412,2.3333333333333335,0,569.4736842105264
40,2,118,2,14,2,1,4,0,84,3,2,7,1,1,4639,11262,1,0,15,3,3,1,5,2,3,5,4,1,2,0.8061517073594578,2.6666666666666665,0,773.1666666666666
27,2,205,2,10,3,2,4,0,98,2,2,7,4,1,5769,7100,1,1,11,3,4,0,6,3,3,6,2,4,4,1.002519767138761,4.0,0,824.1428571428571
36,2,1218,2,9,4,1,3,1,82,2,1,8,1,2,3407,6986,7,0,23,4,2,0,10,4,3,5,3,0,3,0.5920583890868016,2.0,0,309.72727272727275
29,2,694,1,1,3,1,4,0,87,2,4,5,4,0,16124,3423,3,0,14,3,2,2,9,2,2,7,7,1,7,3.686328303612254,3.3333333333333335,1,1612.4
45,2,549,1,8,4,4,4,1,75,3,2,6,4,1,3697,9278,9,0,14,3,1,2,12,3,3,10,9,9,8,0.8452217649748514,3.0,0,284.38461538461536
23,2,507,1,20,1,1,1,1,97,3,2,2,3,2,2272,24812,0,0,14,3,2,0,5,2,3,4,3,1,2,0.5194330132601738,2.0,0,378.6666666666667
34,1,669,1,1,3,3,4,1,97,2,2,0,1,2,5343,25755,0,0,20,4,3,0,14,3,3,13,9,4,9,1.2215363511659807,2.6666666666666665,0,356.2
19,2,303,1,2,3,1,2,1,47,2,1,2,4,2,1102,9241,1,0,22,4,3,0,1,3,2,1,0,1,0,0.2519433013260174,3.0,1,551.0
44,2,621,1,15,3,3,1,0,73,3,3,0,4,1,7978,14075,1,0,11,3,4,1,10,2,3,10,7,0,5,1.8239597622313672,3.0,0,725.2727272727273
47,0,1169,1,14,4,5,3,1,64,3,2,6,2,1,5467,2125,8,0,18,3,3,1,16,4,4,8,7,1,7,1.249885688157293,2.6666666666666665,0,321.5882352941176
31,2,218,2,7,3,5,2,1,100,4,2,7,4,1,6929,12241,4,0,11,3,2,1,10,3,2,8,7,7,7,1.2041011382396385,2.6666666666666665,1,629.9090909090909
46,1,638,1,1,3,3,3,1,40,2,3,0,1,1,10673,3142,2,1,13,3,3,1,21,5,2,10,9,9,5,2.440100594421582,2.3333333333333335,1,485.1363636363636
33,2,117,1,9,3,3,1,1,60,3,1,6,4,1,2781,6311,0,0,13,3,2,1,15,5,3,14,10,4,10,0.6358024691358025,2.3333333333333335,0,173.8125
38,2,702,2,1,4,1,1,0,59,2,2,7,4,2,8686,12930,4,0,22,4,3,0,12,2,4,8,3,0,7,1.509427404639847,2.6666666666666665,0,668.1538461538462
36,2,1396,1,5,2,1,4,1,62,3,2,2,2,2,5914,9945,8,0,16,3,4,0,16,3,4,13,11,3,7,1.3520804755372657,3.3333333333333335,0,347.88235294117646
46,2,991,0,1,2,1,4,0,44,3,1,1,1,2,3423,22957,6,0,12,3,3,0,10,3,4,7,6,5,7,0.8808543489449305,2.6666666666666665,0,311.1818181818182
41,2,447,1,5,3,1,2,1,85,4,2,0,2,2,6870,15530,3,0,12,3,1,0,11,3,1,3,2,1,2,1.570644718792867,1.6666666666666667,1,572.5
20,2,654,2,21,3,2,3,1,43,4,1,8,4,2,2678,5050,1,0,17,3,4,0,2,2,3,2,1,2,2,0.4653749239725432,3.6666666666666665,0,892.6666666666666
31,2,1003,2,5,3,5,1,1,51,3,2,7,3,1,8346,20943,1,0,19,3,3,1,6,3,3,5,2,0,2,1.4503432096620037,2.3333333333333335,0,1192.2857142857142
31,0,976,1,3,2,3,3,1,48,3,1,6,1,0,3065,3995,1,1,13,3,4,1,4,3,4,4,2,2,3,0.7007315957933242,2.6666666666666665,0,613.0
46,2,1402,2,2,3,2,3,0,69,3,4,3,1,1,17048,24097,8,0,23,4,1,0,28,2,3,26,15,15,9,2.9625510470066905,1.6666666666666667,0,587.8620689655172
53,2,1070,1,3,4,3,3,1,45,3,4,5,3,1,17584,21016,3,1,16,3,4,3,21,5,2,5,3,1,3,4.020118884316415,3.3333333333333335,1,799.2727272727273
24,2,350,1,21,2,5,3,1,57,2,1,2,1,0,2296,10036,0,0,14,3,2,3,2,3,3,1,1,0,0,0.5249199817101051,2.0,0,765.3333333333334
52,2,1325,1,11,4,1,4,0,82,3,2,2,3,1,3149,21821,8,0,20,4,2,1,9,3,3,5,2,1,4,0.7199359853680841,3.0,0,314.9
36,1,1480,1,3,2,3,4,1,30,3,1,2,2,2,2088,15062,4,0,12,3,3,0,13,3,2,8,7,7,2,0.4773662551440329,3.0,1,149.14285714285714
29,2,1378,1,13,2,4,4,1,46,2,2,2,2,1,4025,23679,4,1,13,3,1,1,10,2,3,4,3,0,3,0.9202103337905807,2.3333333333333335,0,365.90909090909093
28,2,1300,1,17,2,3,3,1,79,3,2,2,1,0,4558,13535,1,0,12,3,4,1,10,2,3,10,0,1,8,1.042066758116141,2.6666666666666665,0,414.3636363636364
42,2,300,1,2,3,1,1,1,56,3,5,3,3,1,18880,17312,5,0,11,3,1,0,24,2,2,22,6,4,14,4.316415180612712,1.6666666666666667,1,755.2
21,2,501,2,5,1,3,3,1,58,3,1,8,1,2,2380,25479,1,1,11,3,4,0,2,6,3,2,2,1,2,0.413589364844904,2.6666666666666665,0,793.3333333333334
52,2,723,1,8,4,3,3,1,85,2,2,6,2,1,4941,17747,2,0,15,3,1,0,11,3,2,8,2,7,7,1.1296296296296295,2.0,1,411.75
22,2,604,1,6,1,3,1,1,69,3,1,6,3,1,2773,12145,0,0,20,4,4,0,3,3,3,2,2,2,2,0.633973479652492,2.6666666666666665,0,693.25
34,0,697,1,3,4,1,3,1,40,2,1,6,4,1,2979,22478,3,0,17,3,4,3,6,2,3,0,0,0,0,0.6810699588477366,3.6666666666666665,0,425.57142857142856
36,2,329,2,16,4,2,3,0,98,2,2,7,1,1,5647,13494,4,0,13,3,1,2,11,3,2,3,2,0,2,0.9813189677643583,1.6666666666666667,1,470.5833333333333
33,2,1277,1,15,1,3,2,1,56,3,3,3,3,1,13610,24619,7,1,12,3,4,0,15,2,4,7,6,7,7,3.111568358481939,3.0,0,850.625
22,2,1230,1,1,2,1,4,1,33,2,2,4,4,1,4775,19146,6,0,22,4,1,2,4,2,1,2,2,2,2,1.0916780978509373,3.0,1,955.0
56,2,718,1,4,4,5,4,0,92,3,5,3,1,0,19943,18575,4,0,13,3,4,1,28,2,3,5,2,4,2,4.55944215820759,3.0,0,687.6896551724138
29,2,1329,1,7,3,1,3,1,82,3,2,0,4,0,6623,4204,1,1,11,3,2,2,6,2,3,6,0,1,0,1.514174668495656,3.0,0,946.1428571428571
36,2,884,2,1,4,1,2,0,73,3,2,7,3,2,6815,21447,6,0,13,3,1,0,15,5,3,1,0,0,0,1.1842905552176557,2.0,0,425.9375
34,2,1239,2,13,4,3,4,1,39,3,3,7,3,0,8628,22914,1,0,18,3,3,1,9,2,2,8,7,1,1,1.4993483360848032,3.3333333333333335,1,862.8
34,2,665,1,6,4,4,1,0,41,3,2,6,3,2,4809,12482,1,0,14,3,3,0,16,3,3,16,13,2,10,1.0994513031550068,2.3333333333333335,0,282.88235294117646
50,2,989,1,7,2,3,2,0,43,2,5,5,3,0,18740,16701,5,1,12,3,4,1,29,2,2,27,3,13,8,4.284407864654778,3.0,1,624.6666666666666
38,2,903,1,2,3,3,3,1,81,3,2,4,2,1,4855,7653,4,0,11,3,1,2,7,2,3,5,2,1,4,1.109967992684042,2.0,0,606.875
30,2,740,2,1,3,1,2,1,64,2,2,7,1,1,9714,5323,1,0,11,3,4,1,10,4,3,10,8,6,7,1.6880702059257973,2.3333333333333335,0,883.0909090909091
44,2,1099,2,5,3,2,2,1,88,3,5,3,2,1,18213,8751,7,0,11,3,3,1,26,5,3,22,9,3,10,3.1650013033278306,2.3333333333333335,0,674.5555555555555
48,1,365,1,4,5,3,3,1,89,2,4,3,4,1,15202,5602,2,0,25,4,2,1,23,3,3,2,2,2,2,3.4755372656607224,3.0,0,633.4166666666666
58,2,1145,1,9,3,3,2,0,75,2,1,6,2,1,3346,11873,4,1,20,4,2,1,9,3,2,1,0,0,0,0.7649748513946045,2.0,1,334.6
29,0,746,2,2,3,1,4,1,61,3,2,7,3,1,4649,16928,1,0,14,3,1,1,4,3,2,4,3,0,2,0.8078894777999827,2.6666666666666665,1,929.8
34,2,258,2,21,4,1,4,1,74,4,2,7,4,2,5337,19921,1,0,12,3,4,0,10,3,3,10,7,5,7,0.9274480841080893,4.0,0,485.1818181818182
27,0,1277,1,8,5,1,1,1,87,1,1,2,3,1,4621,5869,1,0,19,3,4,3,3,4,3,3,2,1,2,1.0564700502972109,2.6666666666666665,0,1155.25
42,2,462,2,14,2,3,3,0,68,2,2,7,3,2,6244,7824,7,0,17,3,1,0,10,6,3,5,4,0,3,1.0850638630636893,2.3333333333333335,0,567.6363636363636
41,1,1200,1,22,3,1,4,0,75,3,2,6,4,0,5467,13953,3,1,14,3,1,2,12,4,2,6,2,3,3,1.249885688157293,3.0,1,420.53846153846155
37,2,1189,2,3,3,1,3,1,87,3,3,7,4,2,7428,14506,2,0,12,3,1,0,12,3,3,5,3,1,3,1.2908158832218264,2.6666666666666665,0,571.3846153846154
25,2,1219,1,4,1,5,4,1,32,3,1,2,4,1,3691,4605,1,1,15,3,2,1,7,3,4,7,7,5,6,0.8438500228623685,3.3333333333333335,0,461.375
33,1,1146,2,25,3,3,2,0,82,3,2,7,3,1,4539,4905,1,0,12,3,1,1,10,3,2,10,7,0,1,0.7887740029542097,2.0,1,412.6363636363636
32,2,1093,2,6,4,3,2,1,87,3,2,7,3,2,5010,24301,1,0,16,3,1,0,12,0,3,11,8,5,7,0.8706229907029281,2.0,0,385.38461538461536
36,2,852,1,5,4,1,2,0,82,2,1,6,1,1,3419,13072,9,1,14,3,4,1,6,3,4,1,1,0,0,0.7816643804298126,2.3333333333333335,0,488.42857142857144
26,2,1449,1,16,4,3,1,1,45,3,1,2,2,0,2373,14180,2,1,13,3,4,1,5,2,3,3,2,0,2,0.5425240054869684,2.3333333333333335,0,395.5
40,2,884,1,15,3,1,1,0,80,2,3,4,3,1,10435,25800,1,0,13,3,4,2,18,2,3,18,15,14,12,2.3856881572930955,2.6666666666666665,0,549.2105263157895
39,1,945,1,22,3,3,4,0,82,3,3,4,1,2,10880,5083,1,1,13,3,3,0,21,2,3,21,6,2,8,2.4874256973022404,2.6666666666666665,0,494.54545454545456
48,0,1262,1,1,4,3,1,1,35,4,4,3,4,2,16885,16154,2,0,22,4,3,0,27,3,2,5,4,2,1,3.860310928212163,2.6666666666666665,1,603.0357142857143
32,0,300,1,1,3,1,4,1,61,3,1,2,4,0,2314,9148,0,0,12,3,2,1,4,2,3,3,0,0,2,0.5290352080475538,3.3333333333333335,0,462.8
43,2,930,1,6,3,3,1,0,73,2,2,6,3,2,4081,20003,1,1,14,3,1,0,20,3,1,20,7,1,8,0.933013260173754,1.6666666666666667,1,194.33333333333334
39,1,203,1,2,3,1,1,1,84,3,4,0,4,0,12169,13547,7,0,11,3,4,3,21,4,3,18,7,11,5,2.78212162780064,3.0,0,553.1363636363636
20,1,871,1,6,3,1,4,0,66,2,1,2,4,2,2926,19783,1,1,18,3,2,0,1,5,3,1,0,1,0,0.6689529035208047,3.3333333333333335,0,1463.0
39,2,895,2,5,3,5,4,1,56,3,2,8,4,1,2086,3335,3,0,14,3,3,1,19,6,4,1,0,0,0,0.36249891389347466,3.6666666666666665,0,104.3
34,2,1320,1,20,3,5,3,0,89,4,1,6,3,1,2585,21643,0,0,17,3,4,0,2,5,2,1,0,0,0,0.590992226794696,3.3333333333333335,1,861.6666666666666
38,1,240,1,2,4,1,1,0,75,4,2,4,1,2,5980,26085,6,1,12,3,4,0,17,2,3,15,7,4,12,1.367169638774577,2.0,0,332.22222222222223
28,2,760,2,2,4,2,2,0,81,3,2,7,2,1,4779,3698,1,1,20,4,1,0,8,2,3,8,7,7,5,0.8304804935268051,1.6666666666666667,0,531.0
28,2,1404,1,17,3,5,3,1,32,2,1,2,4,0,2367,18779,5,0,12,3,1,1,6,2,2,4,1,0,3,0.5411522633744856,2.6666666666666665,1,338.14285714285717
45,0,1050,2,9,4,1,2,0,65,2,2,7,3,1,5593,17970,1,0,13,3,4,1,15,2,3,15,10,4,12,0.9719350073855244,3.0,0,349.5625
26,1,1283,2,1,3,3,3,1,52,2,2,7,1,2,4294,11148,1,0,12,3,2,0,7,2,3,7,7,0,7,0.746198627161352,2.0,0,536.75
36,2,429,1,2,4,1,3,0,53,3,2,4,2,2,5410,2323,9,1,11,3,4,0,18,2,3,16,14,5,12,1.236854138088706,3.0,0,284.7368421052632
48,2,817,2,2,1,2,2,1,56,4,2,7,2,1,8120,18597,3,0,12,3,4,0,12,3,3,2,2,2,2,1.411069597706143,2.6666666666666665,0,624.6153846153846
43,2,1473,1,8,4,4,3,0,74,3,2,0,3,0,4522,2227,4,1,14,3,4,0,8,3,3,5,2,0,2,1.0338363054412436,3.3333333333333335,0,502.44444444444446
31,2,1079,2,10,2,3,3,0,86,3,2,7,4,0,6583,20115,2,1,11,3,4,1,8,2,3,5,2,1,4,1.1439742809974802,3.6666666666666665,0,731.4444444444445
34,1,735,1,22,4,4,3,1,86,2,2,6,4,1,5747,26496,1,1,15,3,2,0,16,3,3,15,10,6,11,1.3139003200731596,3.0,0,338.05882352941177
47,2,465,1,1,3,5,1,1,74,3,1,6,4,1,3420,10205,7,0,12,3,3,1,17,2,2,6,5,1,2,0.7818930041152263,2.6666666666666665,1,190.0
34,2,285,1,29,3,3,2,1,86,3,2,2,3,1,5429,17491,4,0,13,3,1,2,10,1,3,8,7,7,7,1.2411979881115685,2.0,0,493.54545454545456
35,2,890,2,2,3,2,4,0,97,3,1,8,4,1,2014,9687,1,0,13,3,1,0,2,3,3,2,2,2,2,0.34998696672169605,3.0,0,671.3333333333334
38,2,1084,1,29,3,5,4,1,54,3,2,4,4,1,6261,4185,3,0,18,3,1,1,9,3,1,7,7,1,7,1.4314128943758573,3.0,1,626.1
23,2,373,1,1,2,1,4,1,47,3,1,6,3,1,1223,16901,1,0,22,4,4,1,1,2,3,1,0,0,1,0.27960676726108824,3.6666666666666665,0,611.5
44,1,920,1,24,3,1,4,1,43,3,1,2,3,0,3161,19920,3,1,22,4,4,1,19,0,1,1,0,0,0,0.7226794695930499,3.6666666666666665,1,158.05
29,2,468,1,28,4,3,4,0,73,2,1,6,1,2,3785,8489,1,0,14,3,2,0,5,3,1,5,4,0,4,0.8653406492912665,2.3333333333333335,1,630.8333333333334
34,2,971,2,1,3,5,4,1,64,2,3,7,3,1,7083,12288,1,1,14,3,4,0,10,3,3,10,9,8,6,1.2308628030237205,3.6666666666666665,0,643.9090909090909
36,0,1105,1,24,4,1,2,0,47,3,2,2,2,1,5674,6927,7,0,15,3,3,1,11,3,3,9,8,0,8,1.2972107910379516,2.3333333333333335,0,472.8333333333333
55,0,177,1,8,1,3,4,1,37,2,4,0,2,0,13577,25592,1,1,15,3,4,1,34,3,3,33,9,15,0,3.1040237768632832,3.3333333333333335,0,387.9142857142857
43,2,589,1,14,2,1,2,1,94,3,4,5,1,1,17159,5200,6,0,24,4,3,1,22,3,3,4,1,1,0,3.9229538180155465,2.0,0,746.0434782608696
32,1,1316,1,2,2,1,4,0,38,3,2,6,3,2,4998,2338,4,1,14,3,4,0,10,2,3,8,7,0,7,1.1426611796982167,3.6666666666666665,0,454.3636363636364
32,1,1318,2,10,4,2,4,1,79,3,2,7,4,2,4648,26075,8,0,13,3,3,0,4,2,4,0,0,0,0,0.8077157007559301,3.6666666666666665,0,929.6
25,2,883,2,26,1,3,3,0,32,3,2,7,4,2,6180,22807,1,0,23,4,2,0,6,5,2,6,5,1,4,1.0739421322443305,3.0,1,882.8571428571429
37,2,674,1,13,3,3,1,1,47,3,2,6,4,1,4285,3031,1,0,17,3,1,0,10,2,3,10,8,3,7,0.9796524919981711,2.0,0,389.54545454545456
45,2,954,2,2,2,5,2,1,46,1,2,8,3,2,6632,12388,0,0,13,3,1,0,9,3,3,8,7,3,1,1.1524893561560519,2.0,0,663.2
33,2,1198,1,1,4,4,3,1,100,2,1,6,1,2,2799,3339,3,1,11,3,2,0,6,1,3,3,2,0,2,0.6399176954732511,2.0,0,399.85714285714283
31,2,471,1,4,3,3,1,0,62,4,1,2,3,0,3978,16031,8,0,12,3,2,1,4,0,2,2,2,2,2,0.9094650205761317,2.0,1,795.6
26,2,775,2,29,2,3,1,1,45,3,2,7,3,0,4306,4267,5,0,12,3,1,2,8,5,3,0,0,0,0,0.7482839516899817,1.6666666666666667,0,478.44444444444446
46,0,849,2,26,2,1,2,1,98,2,2,7,2,2,7991,25166,8,0,15,3,3,0,6,3,3,2,2,2,2,1.388652359023373,2.3333333333333335,0,1141.5714285714287
29,2,408,2,23,1,1,4,0,45,2,3,7,1,1,7336,11162,1,0,13,3,1,1,11,3,1,11,8,3,10,1.2748283951689983,2.0,1,611.3333333333334
21,2,391,1,15,2,1,3,1,96,3,1,6,4,2,1232,19281,1,0,14,3,4,0,0,6,3,0,0,0,0,0.2816643804298125,3.6666666666666665,0,1232.0
52,2,266,2,2,1,2,1,0,57,1,5,3,4,1,19845,25846,1,0,15,3,4,1,33,3,3,32,14,6,9,3.448605439221479,3.0,0,583.6764705882352
37,2,1017,1,1,2,3,3,0,83,2,1,6,1,1,3920,18697,2,0,14,3,1,1,17,2,2,3,1,0,2,0.8962048468221308,1.6666666666666667,1,217.77777777777777
39,2,867,1,9,2,3,1,1,87,3,2,4,1,1,5151,12315,1,0,25,4,4,1,10,3,3,10,0,7,9,1.1776406035665294,2.0,0,468.27272727272725
27,2,1291,2,11,3,3,3,0,98,4,1,8,4,1,2534,6527,8,0,14,3,2,1,5,4,3,1,0,0,0,0.44035102962898603,3.0,0,422.3333333333333
36,2,1425,1,14,1,1,3,1,68,3,2,0,4,1,6586,4821,0,1,17,3,1,1,17,2,2,16,8,4,11,1.5057155921353451,2.6666666666666665,1,365.8888888888889
49,2,470,1,20,4,3,3,0,96,3,2,4,1,1,6567,5549,1,0,14,3,3,0,16,2,2,15,11,5,11,1.5013717421124828,2.3333333333333335,1,386.29411764705884
45,0,248,1,23,2,1,4,1,42,3,2,2,1,1,3633,14039,1,1,15,3,3,1,9,2,3,9,8,0,8,0.8305898491083676,2.6666666666666665,0,363.3
45,2,1005,1,28,2,5,4,0,48,2,4,5,2,2,16704,17119,1,0,11,3,3,0,21,2,3,21,6,8,6,3.8189300411522633,3.0,0,759.2727272727273
34,1,878,1,10,4,3,4,1,43,3,1,6,3,0,3815,5972,1,1,17,3,4,1,5,4,4,5,3,2,0,0.8721993598536808,3.6666666666666665,0,635.8333333333334
35,2,219,1,16,2,4,4,0,44,2,2,4,2,1,4788,25388,0,1,11,3,4,0,4,2,3,3,2,0,2,1.0946502057613168,3.3333333333333335,0,957.6
33,2,147,0,2,3,0,2,1,99,3,1,1,3,1,3600,8429,1,0,13,3,4,1,5,2,3,5,4,1,4,0.9264024704065877,3.0,0,600.0
32,2,1045,2,4,4,3,4,1,32,1,3,7,4,1,10400,25812,1,0,11,3,3,0,14,2,2,14,8,9,8,1.8072812581457989,3.6666666666666665,1,693.3333333333334
30,2,501,2,27,5,2,3,1,99,3,2,7,4,0,5304,25275,7,0,23,4,4,1,10,2,2,8,7,7,7,0.9217134416543574,3.6666666666666665,1,482.1818181818182
34,2,1442,1,9,3,3,4,0,46,2,3,0,2,2,8621,17654,1,0,14,3,2,0,9,3,4,8,7,7,7,1.9709647919524462,2.6666666666666665,0,862.1
23,2,541,2,2,1,5,3,1,62,3,1,8,1,0,2322,9518,3,0,13,3,3,1,3,3,3,0,0,0,0,0.4035102962898601,2.3333333333333335,0,580.5
51,2,632,2,21,4,2,3,1,71,3,2,7,4,2,5441,8423,0,1,22,4,4,0,11,2,1,10,7,1,0,0.9455208966895473,3.6666666666666665,1,453.4166666666667
28,1,791,1,1,4,3,4,1,44,3,1,2,3,2,2154,6842,0,1,11,3,3,0,5,2,2,4,2,0,2,0.4924554183813443,3.3333333333333335,1,359.0
31,2,616,1,12,3,3,4,0,41,3,2,0,4,1,5855,17369,0,1,11,3,3,2,10,2,1,9,7,8,5,1.3385916780978508,3.6666666666666665,1,532.2727272727273
27,2,608,1,1,2,1,3,0,68,3,3,4,1,1,7412,6009,1,0,11,3,4,0,9,3,3,9,7,0,7,1.6945587562871514,2.6666666666666665,0,741.2
28,2,1169,0,8,2,3,2,1,63,2,1,1,4,0,4936,23965,1,0,13,3,4,1,6,6,3,5,1,0,4,1.2702007205352548,3.3333333333333335,0,705.1428571428571
45,0,589,2,2,4,1,3,0,67,3,2,7,3,1,5154,19665,4,0,22,4,2,2,10,3,4,8,7,5,7,0.8956468850464854,2.6666666666666665,0,468.54545454545456
39,0,792,1,1,3,1,4,1,77,3,2,2,4,1,6472,8989,1,1,15,3,4,1,9,2,3,9,8,5,8,1.479652491998171,4.0,0,647.2
42,1,1271,1,2,1,3,2,1,35,3,1,6,4,2,2515,9068,5,1,14,3,4,0,8,2,3,2,1,2,2,0.5749885688157294,3.3333333333333335,0,279.44444444444446
33,1,508,2,10,3,2,2,1,46,2,2,7,4,2,4682,4317,3,0,14,3,3,0,9,6,2,7,7,0,1,0.8136241202537144,3.0,1,468.2
36,2,557,2,3,3,3,1,0,94,2,3,7,4,1,7644,12695,0,0,19,3,3,2,10,2,3,9,7,3,4,1.3283517247371621,2.6666666666666665,0,694.9090909090909
38,2,723,2,2,4,2,2,0,77,1,2,8,4,1,5405,4244,2,1,20,4,1,2,20,4,2,4,2,0,3,0.9392649231036581,2.3333333333333335,1,257.3809523809524
59,2,715,1,2,3,1,3,0,69,2,4,4,4,2,13726,21829,3,1,13,3,1,0,30,4,3,5,3,4,3,3.1380887059899405,2.6666666666666665,0,442.7741935483871
29,2,1247,2,20,2,2,4,1,45,3,2,7,4,0,6931,10732,2,0,14,3,4,1,10,2,3,3,2,0,2,1.2044486923277435,4.0,0,630.0909090909091
49,1,1064,1,2,1,1,2,1,42,3,5,5,4,1,19161,13738,3,0,15,3,4,0,28,3,3,5,4,4,3,4.3806584362139915,3.3333333333333335,0,660.7241379310345
50,0,145,2,1,3,1,4,0,95,3,2,7,3,1,6347,24920,0,0,12,3,1,1,19,3,3,18,7,0,13,1.1029628986010949,2.6666666666666665,0,317.35
27,0,210,2,1,1,2,3,1,73,3,2,7,2,1,6349,22107,0,1,13,3,4,1,6,0,3,5,4,1,4,1.1033104526891997,3.0,0,907.0
42,0,355,1,10,4,5,3,1,38,3,1,6,3,1,2936,6161,3,0,22,4,2,2,10,1,2,6,3,3,3,0.6712391403749428,2.6666666666666665,1,266.90909090909093
37,2,408,1,19,2,1,2,1,73,3,1,6,2,1,3022,10227,4,0,21,4,1,0,8,1,3,1,0,0,0,0.6909007773205305,1.6666666666666667,0,335.77777777777777
36,1,469,1,3,3,5,3,1,46,3,1,6,2,1,3692,9256,1,0,12,3,3,0,12,2,2,11,10,0,7,0.8440786465477823,2.6666666666666665,1,284.0
47,2,983,1,2,2,3,1,0,65,3,2,4,4,0,5070,7389,5,0,13,3,3,3,20,2,3,5,0,0,4,1.159122085048011,2.6666666666666665,0,241.42857142857142
39,2,119,2,15,4,2,2,1,77,3,4,7,1,2,13341,25098,0,0,12,3,1,0,21,3,3,20,8,11,10,2.3183595447041445,1.3333333333333333,0,606.4090909090909
41,0,552,0,4,3,0,3,1,60,1,2,1,2,1,6430,20794,6,0,19,3,2,1,10,4,3,3,2,1,2,1.6546577457539886,2.3333333333333335,0,584.5454545454545
29,1,337,1,14,1,4,3,0,84,3,3,0,4,2,7553,22930,0,1,12,3,1,0,9,1,3,8,7,7,7,1.7267946959304985,2.6666666666666665,0,755.3
38,2,364,1,3,5,5,4,0,32,3,2,6,3,2,4317,2302,3,1,20,4,2,0,19,2,3,3,2,2,2,0.9869684499314129,3.0,0,215.85
32,2,1062,1,2,3,3,3,0,75,3,1,2,2,1,2370,3956,1,0,13,3,3,1,8,4,3,8,0,0,7,0.541838134430727,2.6666666666666665,0,263.3333333333333
31,1,1445,1,1,5,1,3,0,100,4,3,4,2,2,7446,8931,1,0,11,3,1,0,10,2,3,10,8,4,7,1.702331961591221,2.0,0,676.9090909090909
21,2,546,1,5,1,3,3,1,97,3,1,6,4,2,3117,26009,1,0,18,3,3,0,3,2,3,2,2,2,2,0.7126200274348422,3.3333333333333335,0,779.25
43,1,422,1,1,3,1,4,0,33,3,2,0,4,1,5562,21782,4,0,13,3,2,1,12,2,2,5,2,2,2,1.271604938271605,3.3333333333333335,1,427.84615384615387
38,2,1495,1,4,2,3,4,0,87,3,1,2,3,1,3306,26176,7,0,19,3,4,1,7,5,2,0,0,0,0,0.7558299039780522,3.6666666666666665,1,413.25
50,2,813,1,17,5,1,4,0,50,2,3,5,1,0,13269,21981,5,0,15,3,3,3,19,3,3,14,11,1,11,3.03360768175583,2.6666666666666665,0,663.45
31,2,1274,1,9,1,1,3,1,33,3,3,4,2,0,10648,14394,1,0,25,4,4,1,13,6,4,13,8,0,8,2.4343850022862368,3.0,0,760.5714285714286
35,2,303,2,27,3,1,3,1,84,3,2,7,4,2,5813,13492,1,1,18,3,4,0,10,2,3,10,7,7,7,1.01016595707707,3.6666666666666665,0,528.4545454545455
37,2,1305,1,10,4,1,3,1,49,3,2,4,2,2,4197,21123,2,1,12,3,4,0,18,2,2,1,0,0,1,0.9595336076817559,3.0,1,220.89473684210526
27,2,1130,2,8,4,2,2,0,56,3,2,7,2,1,6214,3415,1,0,18,3,1,1,8,3,3,8,7,0,7,1.0798505517421149,1.6666666666666667,0,690.4444444444445
48,2,1355,1,4,4,1,3,1,78,2,3,0,3,2,10999,22245,7,0,14,3,2,0,27,3,3,15,11,4,8,2.5146319158664836,2.6666666666666665,0,392.82142857142856
38,1,1394,1,8,3,3,4,0,58,2,2,6,2,0,2133,18115,1,1,16,3,3,1,20,3,3,20,11,0,7,0.4876543209876543,3.0,0,101.57142857142857
36,0,894,1,1,4,3,4,0,33,2,2,4,3,1,4374,15411,0,0,15,3,3,0,4,6,3,3,2,1,2,1.0,3.3333333333333335,0,874.8
27,2,1377,1,11,1,1,2,1,91,3,1,2,1,1,2099,7679,0,0,14,3,2,0,6,3,4,5,0,1,4,0.4798811156835848,1.6666666666666667,0,299.85714285714283
34,0,999,1,26,1,5,1,0,92,2,1,6,3,0,2029,15891,1,0,20,4,3,3,5,2,3,5,4,0,0,0.4638774577046182,2.3333333333333335,0,338.1666666666667
47,1,217,2,3,3,3,4,0,49,3,4,7,3,0,13770,10225,9,1,12,3,4,2,28,2,2,22,2,11,13,2.3929098966026587,3.6666666666666665,1,474.82758620689657
49,2,464,1,16,3,3,4,0,74,3,1,2,1,0,2587,24941,4,1,16,3,2,1,17,2,2,2,2,2,2,0.5914494741655235,2.3333333333333335,1,143.72222222222223
58,2,605,2,21,3,1,4,0,72,3,4,3,4,1,17875,11761,4,1,13,3,3,1,29,2,2,1,0,0,0,3.106264662438092,3.6666666666666665,1,595.8333333333334
24,2,1448,2,1,1,5,1,0,62,3,1,8,2,2,3202,21972,1,1,16,3,2,0,6,4,3,5,3,1,4,0.5564340950560431,1.6666666666666667,0,457.42857142857144
29,1,410,1,2,1,1,4,0,97,3,1,2,2,1,3180,4668,0,0,13,3,3,3,4,3,3,3,2,0,2,0.7270233196159122,3.0,0,636.0
35,2,1017,1,6,4,1,2,1,82,1,2,6,4,2,6646,19368,1,0,13,3,2,0,17,3,3,17,11,11,8,1.5194330132601737,2.6666666666666665,0,369.22222222222223
26,2,841,1,6,3,4,3,0,46,2,1,6,2,1,2368,23300,1,0,19,3,3,0,5,3,2,5,4,4,3,0.5413808870598994,2.6666666666666665,1,394.6666666666667
58,2,286,1,2,4,1,4,1,31,3,5,5,2,2,19246,25761,7,1,12,3,4,0,40,2,3,31,15,13,8,4.400091449474165,3.3333333333333335,0,469.4146341463415
45,1,364,1,25,3,3,2,0,83,3,5,3,2,2,18061,13035,3,0,22,4,3,0,22,4,3,0,0,0,0,4.129172382258802,2.3333333333333335,0,785.2608695652174
38,2,849,1,25,2,1,1,0,81,2,3,5,2,1,12061,26707,3,0,17,3,3,1,19,2,3,10,8,0,1,2.757430269775949,2.0,0,603.05
22,2,253,1,11,3,3,1,0,43,3,1,6,2,1,2244,24440,1,0,13,3,4,1,2,1,3,2,1,1,2,0.5130315500685871,2.3333333333333335,0,748.0
33,2,1017,1,25,3,3,1,1,55,2,1,6,2,2,2313,2993,4,1,20,4,2,0,5,0,3,2,2,2,2,0.5288065843621399,1.6666666666666667,0,385.5
30,0,1398,2,22,4,4,3,0,69,3,3,7,1,1,8412,2890,0,0,11,3,3,0,10,3,3,9,8,7,8,1.4618124945694673,2.3333333333333335,0,764.7272727272727
38,2,395,2,9,3,2,2,1,98,2,1,8,2,1,2899,12102,0,0,19,3,4,1,3,3,3,2,2,1,2,0.5037796507081415,2.6666666666666665,0,724.75
35,1,636,1,4,4,4,4,1,47,2,1,2,4,1,2376,26537,1,0,13,3,2,1,2,2,4,2,2,2,2,0.5432098765432098,3.3333333333333335,0,792.0
30,2,1138,1,6,3,5,1,0,48,2,2,2,4,1,4627,23631,0,0,12,3,1,1,10,6,3,9,2,6,7,1.0578417924096937,2.0,0,420.6363636363636
27,1,1410,2,3,1,3,4,0,71,4,2,7,4,0,4647,16673,1,1,20,4,2,2,6,3,3,6,5,0,4,0.8075419237118776,3.3333333333333335,0,663.8571428571429
23,2,571,1,12,2,4,4,1,78,3,1,2,4,2,2647,13672,1,0,13,3,3,0,5,6,4,5,2,1,4,0.6051668952903521,3.6666666666666665,0,441.1666666666667
46,2,734,1,2,4,3,3,1,46,3,5,5,4,0,19328,14218,7,1,17,3,3,1,24,3,3,2,1,2,2,4.418838591678098,3.3333333333333335,0,773.12
27,2,975,1,7,3,3,4,0,55,2,2,0,1,2,6811,23398,8,0,19,3,1,0,9,2,1,7,6,0,7,1.5571559213534523,2.0,1,681.1
33,2,587,1,10,1,3,1,1,38,1,1,2,4,0,3408,6705,7,0,13,3,1,3,8,2,3,4,3,1,3,0.7791495198902606,2.0,0,378.6666666666667
48,2,492,2,16,4,1,3,0,96,3,2,7,3,0,6439,13693,8,0,14,3,3,1,18,2,3,8,7,7,7,1.118950386653923,3.0,0,338.89473684210526
38,2,833,1,18,3,3,2,1,60,1,2,0,4,1,5811,24539,3,1,16,3,3,1,15,2,3,1,0,1,0,1.3285322359396434,3.0,0,363.1875
34,1,702,1,16,4,1,3,0,100,2,1,6,4,2,2553,8306,1,0,16,3,3,0,6,3,3,5,2,1,3,0.5836762688614541,3.3333333333333335,0,364.7142857142857
27,1,829,2,8,1,2,3,1,84,3,2,7,4,1,4342,24008,0,0,19,3,2,1,5,3,3,4,2,1,1,0.7545399252758711,3.0,0,723.6666666666666
30,1,160,1,3,3,3,3,0,71,3,1,6,3,0,2083,22653,1,0,20,4,3,1,1,2,3,1,0,0,0,0.47622313671696387,3.0,0,1041.5
33,0,530,2,16,3,1,3,0,36,3,2,7,4,0,5368,16130,1,1,25,4,3,1,7,2,3,6,5,1,2,0.9328351724737162,3.3333333333333335,0,671.0
28,1,1009,1,1,3,3,1,1,45,2,1,2,2,0,2596,7160,1,0,15,3,1,2,1,2,3,1,0,0,0,0.5935070873342478,1.3333333333333333,0,1298.0
23,1,638,2,9,3,2,4,1,33,3,1,8,1,1,1790,26956,1,0,19,3,1,1,1,3,2,1,0,1,0,0.3110609088539404,2.0,1,895.0
47,1,1379,1,16,4,3,3,1,64,4,2,4,3,0,5067,6759,1,1,19,3,3,0,20,3,4,19,10,2,7,1.1584362139917694,3.0,0,241.28571428571428
51,2,432,1,9,4,1,4,1,96,3,1,2,4,1,2075,18725,3,0,23,4,2,2,10,4,3,4,2,0,3,0.4743941472336534,3.3333333333333335,0,188.63636363636363
35,2,750,1,28,3,1,2,1,46,4,2,2,3,1,3407,25348,1,0,17,3,4,2,10,3,2,10,9,6,8,0.7789208962048468,3.0,1,309.72727272727275
30,2,1005,1,3,3,5,4,0,88,3,1,6,1,2,2657,8556,5,1,11,3,3,0,8,5,3,5,2,0,4,0.6074531321444901,2.6666666666666665,0,295.22222222222223
38,1,471,1,12,3,1,1,1,45,2,2,0,1,0,6288,4284,2,0,15,3,3,1,13,3,2,4,3,1,2,1.4375857338820301,1.6666666666666667,1,449.14285714285717
25,2,688,1,3,3,3,1,1,91,3,1,2,1,1,4031,9396,5,0,13,3,3,1,6,5,3,2,2,0,2,0.9215820759030635,1.6666666666666667,0,575.8571428571429
47,2,955,2,4,2,1,4,0,83,3,2,7,4,2,4163,8571,1,1,17,3,3,0,9,0,3,9,0,0,7,0.723433834390477,3.6666666666666665,0,416.3
48,2,1224,1,10,3,1,4,1,91,2,5,5,2,1,19665,13583,4,0,12,3,4,0,29,3,3,22,10,12,9,4.495884773662551,3.3333333333333335,0,655.5
35,2,672,1,25,3,5,4,1,78,2,3,4,2,1,10903,9129,3,0,16,3,1,0,16,2,3,13,10,4,8,2.492684042066758,2.3333333333333335,0,641.3529411764706
26,1,426,0,17,4,1,2,0,58,3,1,1,3,0,2741,22808,0,1,11,3,2,1,8,2,2,7,7,1,0,0.7053525476067937,2.3333333333333335,1,304.55555555555554
32,2,1018,1,3,2,1,3,0,39,3,3,5,4,2,11159,19373,3,0,15,3,4,0,10,6,3,7,7,7,7,2.551211705532693,3.6666666666666665,0,1014.4545454545455
35,2,528,0,8,4,5,3,1,100,3,1,1,3,2,4323,7108,1,0,17,3,2,0,6,2,1,5,4,1,4,1.1124549665465775,2.6666666666666665,1,617.5714285714286
39,0,592,1,2,3,1,1,0,54,2,1,2,1,2,3646,17181,2,1,23,4,2,0,11,2,4,1,0,0,0,0.8335619570187471,1.3333333333333333,0,303.8333333333333
40,1,791,1,2,2,3,3,0,38,4,2,0,2,1,4244,9931,1,0,24,4,4,1,8,2,3,8,7,3,7,0.9702789208962048,3.0,0,471.55555555555554
30,2,1465,1,1,3,3,4,1,63,3,1,6,2,1,3579,9369,0,1,21,4,1,1,12,2,3,11,9,5,7,0.8182441700960219,2.3333333333333335,0,275.3076923076923
40,2,107,2,10,3,5,2,0,84,2,2,7,2,0,6852,11591,7,0,12,3,2,1,7,2,4,5,1,1,3,1.1907203058475975,2.0,0,856.5
26,2,192,1,1,2,3,1,1,59,2,1,2,1,1,3955,11141,1,0,16,3,1,2,6,2,3,5,3,1,3,0.9042066758116141,1.0,0,565.0
21,0,895,2,9,2,3,1,1,39,3,1,8,4,2,2610,2851,1,0,24,4,3,0,3,3,2,3,2,2,2,0.45355808497697453,2.6666666666666665,1,652.5
36,2,913,1,9,2,3,2,1,48,2,2,4,2,0,8847,13934,2,1,11,3,3,1,13,2,3,3,2,0,2,2.022633744855967,2.3333333333333335,0,631.9285714285714
28,0,1103,1,16,3,3,3,1,49,3,1,6,3,2,2144,2122,1,0,14,3,3,0,5,3,2,5,3,1,4,0.49016918152720623,3.0,1,357.3333333333333
28,1,289,1,2,2,3,3,1,38,2,1,2,1,2,2561,5355,7,0,11,3,3,0,8,2,2,0,0,0,0,0.5855052583447645,2.3333333333333335,1,284.55555555555554
21,2,337,2,7,1,2,2,1,31,3,1,8,2,2,2679,4567,1,0,13,3,2,0,1,3,3,1,0,1,0,0.46554870101659573,2.0,0,1339.5
40,2,555,1,2,3,3,2,0,78,2,2,2,3,1,3448,13436,6,0,22,4,2,1,20,3,3,1,0,0,0,0.788294467306813,2.3333333333333335,0,164.1904761904762
33,1,970,2,7,3,1,4,0,30,3,2,7,2,1,4302,13401,0,0,17,3,3,1,4,3,3,3,2,0,2,0.7475888435137719,3.0,0,860.4
42,2,1142,1,8,3,1,4,1,81,3,1,2,3,2,3968,13624,4,0,13,3,4,0,8,3,3,0,0,0,0,0.9071787837219936,3.6666666666666665,0,440.8888888888889
50,1,809,2,12,3,2,3,0,77,3,3,7,4,2,9208,6645,4,0,11,3,4,0,16,3,3,2,2,2,1,1.600139021635242,3.6666666666666665,0,541.6470588235294
46,2,644,1,1,4,3,4,1,97,3,3,0,1,0,9396,12368,7,0,16,3,3,1,17,3,3,4,2,0,3,2.1481481481481484,2.6666666666666665,0,522.0
20,2,1362,1,10,1,3,4,1,32,3,1,6,3,2,1009,26999,1,1,11,3,4,0,1,5,3,1,0,1,1,0.23068129858253314,3.6666666666666665,0,504.5
45,2,374,2,20,3,1,4,0,50,3,2,7,3,2,4850,23333,8,0,15,3,3,0,8,3,3,5,3,0,1,0.8428186636545313,3.3333333333333335,0,538.8888888888889
29,2,350,0,13,3,0,1,1,56,2,1,1,1,0,2335,3157,4,1,15,3,4,3,4,3,3,2,2,2,0,0.6008749356664951,2.0,0,467.0
32,2,1018,1,2,4,3,1,0,74,4,2,6,4,2,5055,10557,7,0,16,3,3,0,10,0,2,7,7,0,7,1.1556927297668038,2.6666666666666665,1,459.54545454545456
35,2,619,2,1,3,2,2,1,85,3,2,7,3,1,4717,18659,9,0,11,3,3,0,15,2,3,11,9,6,9,0.8197063167955513,2.6666666666666665,0,294.8125
42,2,622,1,2,4,1,3,0,81,3,2,0,4,1,4089,5718,1,0,13,3,2,2,10,4,3,10,2,2,2,0.9348422496570644,3.0,0,371.72727272727275
37,1,504,1,10,3,3,1,1,61,3,3,4,3,0,10048,22573,6,0,11,3,2,2,17,5,3,1,0,0,0,2.2972107910379513,2.0,0,558.2222222222222
40,2,750,1,12,3,1,2,0,47,3,2,0,1,0,4448,10748,2,0,12,3,2,1,15,3,3,7,4,7,7,1.016918152720622,1.6666666666666667,0,278.0
56,2,1162,1,24,2,1,1,1,97,3,1,2,4,2,2587,10261,1,0,16,3,4,0,5,3,3,4,2,1,0,0.5914494741655235,3.0,0,431.1666666666667
34,1,1069,1,2,1,1,4,1,45,2,2,4,3,1,9547,14074,1,0,17,3,3,0,10,2,2,10,9,1,9,2.1826703246456334,3.3333333333333335,1,867.9090909090909
31,2,480,1,7,2,3,2,0,31,3,2,4,1,1,4306,4156,1,0,12,3,2,1,13,5,1,13,10,3,12,0.984453589391861,1.6666666666666667,1,307.57142857142856
39,1,1218,1,1,1,1,2,1,52,3,5,3,3,0,19197,8213,1,1,14,3,3,1,21,3,3,21,8,1,6,4.388888888888889,2.6666666666666665,0,872.5909090909091
34,2,479,1,7,4,3,1,1,35,3,1,6,4,2,2972,22061,1,0,13,3,3,0,1,4,1,1,0,0,0,0.67946959304984,2.6666666666666665,1,1486.0
30,2,153,1,8,2,1,2,0,73,4,3,5,1,1,11416,17802,0,1,12,3,3,3,9,4,2,8,7,1,7,2.6099679926840422,2.0,1,1141.6
52,1,322,1,28,2,3,4,0,59,4,4,4,3,1,13247,9731,2,1,11,3,2,1,24,3,2,5,3,0,2,3.028577960676726,3.0,1,529.88
37,2,482,1,3,3,4,3,1,36,3,3,4,3,1,9434,9606,1,0,15,3,3,1,10,2,3,10,7,7,8,2.156835848193873,3.0,0,857.6363636363636
32,2,638,1,8,2,3,3,0,91,4,2,6,3,1,5175,22162,5,0,12,3,3,1,9,3,2,5,3,1,3,1.183127572016461,3.0,1,517.5
33,2,392,2,2,4,3,4,1,93,3,2,7,4,0,5505,3921,1,0,14,3,3,2,6,5,3,6,2,0,4,0.956642627508906,3.6666666666666665,0,786.4285714285714
18,0,247,1,8,1,3,3,1,80,3,1,2,3,2,1904,13556,1,0,12,3,4,0,0,0,3,0,0,0,0,0.4352994970278921,3.3333333333333335,0,1904.0
33,2,465,1,2,2,1,1,0,39,3,1,2,1,1,2707,21509,7,0,20,4,1,0,13,3,4,9,7,1,7,0.6188843164151806,1.0,0,193.35714285714286
33,0,1313,1,1,2,3,2,1,59,2,1,2,3,0,2008,20439,1,0,12,3,3,3,1,2,2,1,1,0,0,0.4590763603109282,2.6666666666666665,1,1004.0
30,1,1012,1,5,4,1,2,1,75,2,1,6,4,0,3761,2373,9,0,12,3,2,1,10,3,2,5,4,0,3,0.8598536808413352,2.6666666666666665,1,341.90909090909093
36,2,164,2,2,2,3,2,1,61,2,3,7,3,1,7596,3809,1,0,13,3,2,2,10,2,3,10,9,9,0,1.3200104266226431,2.3333333333333335,0,690.5454545454545
40,1,692,1,11,3,5,4,0,73,3,2,2,3,1,6323,26849,1,0,11,3,1,1,10,2,4,10,9,9,4,1.4455875628715136,2.6666666666666665,0,574.8181818181819
27,0,691,1,9,3,3,4,1,57,3,1,6,2,0,2024,5970,6,0,18,3,4,1,6,1,1,2,2,2,2,0.46273433927754914,3.3333333333333335,1,289.14285714285717
48,2,715,1,1,3,1,4,1,76,2,5,5,4,2,18265,8733,6,0,12,3,3,0,25,3,4,1,0,0,0,4.175811614083219,3.6666666666666665,0,702.5
37,2,589,2,9,2,2,2,1,46,2,2,7,2,1,4189,8800,1,0,14,3,1,2,5,2,3,5,2,0,3,0.7279520375358415,1.6666666666666667,0,698.1666666666666
50,2,328,1,1,3,3,3,1,86,2,1,2,3,1,3690,3425,2,0,15,3,4,1,5,2,2,3,2,0,2,0.8436213991769548,3.3333333333333335,1,615.0
26,2,991,1,6,3,1,3,0,71,3,1,2,4,1,2659,17759,1,1,13,3,3,1,3,2,3,3,2,0,2,0.6079103795153178,3.3333333333333335,0,664.75
42,2,201,1,1,4,1,2,0,95,3,1,2,1,0,2576,20490,3,0,16,3,2,1,8,5,3,5,2,1,2,0.5889346136259717,1.6666666666666667,0,286.22222222222223
26,2,1066,1,2,2,3,4,1,32,4,2,4,4,1,5472,3334,1,0,12,3,2,0,8,2,3,8,7,1,3,1.2510288065843622,3.3333333333333335,0,608.0
25,2,1280,1,7,1,3,4,1,64,2,1,6,4,1,2889,26897,1,0,11,3,3,2,2,2,3,2,2,2,1,0.6604938271604939,3.6666666666666665,0,963.0
50,1,562,2,8,2,5,2,1,50,3,2,7,3,1,6796,23452,3,1,14,3,1,1,18,4,3,4,3,1,3,1.1809887913806587,2.0,0,357.6842105263158
40,1,1469,1,9,4,3,4,1,35,3,1,6,2,0,3617,25063,8,1,14,3,4,1,3,2,3,1,1,0,0,0.8269318701417467,3.3333333333333335,0,904.25
40,2,898,0,6,2,3,3,1,38,3,4,3,4,2,16437,17381,1,1,21,4,4,0,21,2,3,21,7,7,7,4.229799279464745,3.6666666666666665,0,747.1363636363636
51,1,1456,1,1,4,3,1,0,30,2,3,0,1,2,7484,25796,3,0,20,4,3,0,23,1,2,13,12,12,8,1.7110196616369455,1.6666666666666667,1,311.8333333333333
28,2,654,1,1,2,1,1,0,67,1,1,6,2,2,2216,3872,7,1,13,3,4,0,10,4,3,7,7,3,7,0.5066300868770005,2.3333333333333335,0,201.45454545454547
40,1,1184,2,2,4,3,2,1,62,3,2,7,2,1,4327,25440,5,0,12,3,4,3,5,2,3,0,0,0,0,0.7519332696150839,2.6666666666666665,0,721.1666666666666
46,2,1003,1,8,4,1,4,0,74,2,2,6,1,0,4615,21029,8,1,23,4,1,3,19,2,3,16,13,1,7,1.0550983081847278,2.0,0,230.75
40,2,523,1,2,3,1,3,1,98,3,2,6,4,2,4661,22455,1,0,13,3,3,0,9,4,3,9,8,8,8,1.0656149977137632,3.3333333333333335,0,466.1
33,2,1069,1,1,3,1,2,0,42,2,2,0,4,2,6949,12291,0,0,14,3,1,0,6,3,3,5,0,1,4,1.5887059899405578,2.3333333333333335,0,992.7142857142857
53,2,1219,2,2,4,1,1,0,78,2,4,3,4,1,15427,22021,2,0,16,3,3,0,31,3,3,25,8,3,7,2.680858458597619,2.6666666666666665,0,482.09375
30,2,202,2,2,1,5,3,1,72,3,1,8,2,1,2476,17434,1,0,18,3,1,1,1,3,3,1,0,0,0,0.4302719610739421,2.0,0,1238.0
40,2,1342,2,9,2,3,1,1,47,3,2,7,1,1,5473,19345,0,0,12,3,4,0,9,5,4,8,4,7,1,0.9510817620992267,2.0,0,547.3
39,1,505,1,2,4,5,3,0,64,3,3,0,3,2,10938,6420,0,0,25,4,4,0,20,1,3,19,6,11,8,2.5006858710562416,3.3333333333333335,0,520.8571428571429
26,2,157,1,1,3,3,3,1,95,3,1,2,1,2,2867,20006,0,0,13,3,4,0,8,6,2,7,7,7,6,0.65546410608139,2.6666666666666665,1,318.55555555555554
52,2,1323,1,2,3,1,3,0,89,2,1,2,4,2,3212,3300,7,0,15,3,2,0,6,3,2,2,2,2,2,0.7343392775491541,3.0,1,458.85714285714283
31,0,697,1,10,3,3,3,0,40,3,3,5,3,1,11031,26862,4,0,20,4,3,1,13,2,4,11,7,4,8,2.521947873799726,3.0,0,787.9285714285714
36,2,1299,1,27,3,3,3,1,94,3,2,0,3,1,5237,16577,6,0,13,3,2,2,17,3,2,7,7,7,7,1.197302240512117,2.6666666666666665,1,290.94444444444446
38,1,693,1,7,3,1,4,1,57,4,1,6,3,0,2610,15748,1,0,11,3,4,3,4,2,3,4,2,0,3,0.5967078189300411,3.6666666666666665,0,522.0
42,0,495,1,2,1,1,3,1,37,3,4,3,3,1,17861,26582,0,1,13,3,4,0,21,3,2,20,8,2,10,4.08344764517604,3.3333333333333335,1,811.8636363636364
38,2,433,0,1,3,0,3,1,37,4,1,1,3,1,2844,6004,1,0,13,3,4,1,7,2,4,7,6,5,0,0.7318579516212044,3.3333333333333335,0,355.5
39,2,1383,0,2,3,1,4,0,42,2,2,1,4,1,5204,7790,8,0,11,3,3,2,13,2,3,5,4,0,4,1.339166237776634,3.6666666666666665,0,371.7142857142857
22,2,391,1,7,1,1,4,1,75,3,1,6,2,2,2472,26092,1,1,23,4,1,0,1,2,3,1,0,0,0,0.5651577503429356,2.3333333333333335,0,1236.0
24,2,240,0,22,1,0,4,1,58,1,1,1,3,1,1555,11585,1,0,11,3,3,1,1,2,3,1,0,0,0,0.40015440041173445,3.3333333333333335,0,777.5
47,2,202,1,2,2,4,3,0,33,3,4,3,4,1,16752,12982,1,1,11,3,3,1,26,3,2,26,14,3,0,3.8299039780521262,3.3333333333333335,1,620.4444444444445
44,2,661,1,9,2,1,2,1,61,3,1,6,1,1,2559,7508,1,1,13,3,4,0,8,0,3,8,7,7,1,0.5850480109739369,2.3333333333333335,0,284.3333333333333
46,2,566,1,7,2,3,4,1,75,3,3,4,3,0,10845,24208,6,0,13,3,2,1,13,3,3,8,7,0,7,2.4794238683127574,3.0,0,774.6428571428571
34,1,988,0,23,3,0,2,0,43,3,3,1,1,0,9950,11533,9,1,15,3,3,3,11,2,3,3,2,0,2,2.5604734945959855,2.0,0,829.1666666666666
40,0,1479,2,24,3,1,2,0,100,4,4,7,2,2,13194,17071,4,1,16,3,4,0,22,2,2,1,0,0,0,2.29281431922843,2.6666666666666665,1,573.6521739130435
30,2,1288,2,29,4,5,3,1,33,3,3,7,2,1,9250,17799,3,0,12,3,2,1,9,3,3,4,2,1,3,1.607437657485446,2.3333333333333335,0,925.0
49,2,527,1,8,2,4,1,0,51,3,3,2,2,1,7403,22477,4,0,11,3,3,1,29,3,2,26,9,1,7,1.6925011431184271,2.0,1,246.76666666666668
55,2,685,2,26,5,2,3,1,60,2,5,3,4,1,19586,23037,1,0,21,4,3,1,36,3,3,36,6,2,13,3.4035971848118862,3.3333333333333335,0,529.3513513513514
30,1,334,2,26,4,2,3,0,52,2,2,7,1,2,6696,22967,5,0,15,3,3,0,9,5,2,6,3,0,1,1.1636110869754106,2.3333333333333335,1,669.6
40,1,1395,1,26,3,3,2,0,54,3,2,6,2,0,5605,8504,1,0,11,3,1,1,20,2,3,20,7,2,13,1.2814357567443988,1.6666666666666667,0,266.9047619047619
27,0,1450,1,3,3,3,3,1,79,2,1,6,3,0,2566,25326,1,1,15,3,4,1,1,2,2,1,1,0,1,0.5866483767718336,3.3333333333333335,1,1283.0
32,2,548,1,1,3,1,2,1,66,3,2,6,2,1,6220,7346,1,0,17,3,2,2,10,3,3,10,4,0,9,1.4220393232738913,2.0,0,565.4545454545455
53,2,661,2,7,2,2,1,0,78,2,3,7,4,1,10934,20715,7,1,18,3,4,1,35,3,3,5,2,0,4,1.9000781996698237,3.0,0,303.72222222222223
27,2,1354,1,2,4,5,2,1,41,3,1,6,2,1,2226,6073,1,0,11,3,3,1,6,3,2,5,3,1,2,0.5089163237311386,2.3333333333333335,1,318.0
31,2,828,2,2,1,1,2,1,77,3,2,7,4,2,6582,8346,4,1,13,3,3,0,10,2,4,6,5,0,5,1.1438005039534278,3.0,0,598.3636363636364
36,2,325,1,10,4,5,4,0,63,3,3,0,3,1,7094,5747,3,0,12,3,1,0,10,0,3,7,7,1,7,1.6218564243255602,2.6666666666666665,0,644.9090909090909
35,2,763,2,15,2,3,1,1,59,1,2,7,4,0,5440,22098,6,1,14,3,4,2,7,2,2,2,2,2,2,0.9453471196454948,3.0,1,680.0
42,2,557,1,18,4,1,4,1,35,3,2,6,1,0,5410,11189,6,1,17,3,3,1,9,3,2,4,3,1,2,1.236854138088706,2.6666666666666665,1,541.0
41,2,918,2,6,3,2,4,1,35,3,3,7,3,2,9241,15869,1,0,12,3,2,0,10,3,3,10,8,8,7,1.605873664088974,3.0,0,840.0909090909091
45,1,306,2,26,4,1,1,0,100,3,2,7,1,1,4286,5630,2,0,14,3,4,2,5,4,3,1,1,0,0,0.7448084108089321,2.0,0,714.3333333333334
38,1,888,0,10,4,0,3,1,71,3,2,1,3,1,6077,14814,3,0,11,3,3,0,10,2,3,6,3,1,2,1.5638188368502317,3.0,0,552.4545454545455
32,1,379,2,5,2,1,2,1,48,3,2,7,2,1,6524,8891,1,0,14,3,4,1,10,3,3,10,8,5,3,1.1337214353983838,2.6666666666666665,0,593.0909090909091
38,2,1153,1,6,2,4,4,0,40,2,1,2,3,1,3702,16376,1,0,11,3,2,1,5,3,3,5,4,0,4,0.8463648834019204,3.0,0,617.0
26,2,572,2,10,3,3,3,1,46,3,2,7,4,2,4684,9125,1,0,13,3,1,0,5,4,3,5,3,1,2,0.8139716743418195,2.6666666666666665,0,780.6666666666666
41,2,1102,2,1,2,1,2,0,94,3,2,7,4,2,5993,19479,8,1,11,3,1,0,8,0,1,6,4,0,5,1.0414458250065166,2.3333333333333335,1,665.8888888888889
37,2,342,2,16,4,2,4,1,66,2,2,7,3,0,6334,24558,4,0,19,3,4,2,9,2,3,1,0,0,0,1.1007037970284126,3.6666666666666665,0,633.4
29,2,332,0,17,3,4,2,1,51,2,3,1,1,2,7988,9769,1,0,13,3,1,0,10,3,2,10,9,0,9,2.055584148224395,1.3333333333333333,1,726.1818181818181
44,2,1315,1,3,4,4,4,1,35,3,5,3,4,1,19513,9358,4,1,12,3,1,1,26,2,4,2,2,0,1,4.461133973479653,3.0,0,722.7037037037037
31,2,1079,2,16,4,2,1,1,70,3,3,7,3,1,8161,19002,2,0,13,3,1,3,10,2,3,1,0,0,0,1.4181944565122948,1.6666666666666667,0,741.9090909090909
48,2,626,1,1,2,1,1,1,98,2,3,2,3,2,5381,19294,9,1,13,3,4,0,23,2,3,1,0,0,0,1.2302240512117055,2.6666666666666665,0,224.20833333333334
32,2,929,2,10,3,2,4,1,55,3,2,7,4,2,5396,21703,1,0,12,3,4,0,10,2,2,10,7,0,8,0.9377009297071857,4.0,1,490.54545454545456
56,0,667,1,1,4,1,3,1,57,3,2,0,3,0,6306,26236,1,0,21,4,1,1,13,2,2,13,12,1,9,1.4417009602194788,2.3333333333333335,1,450.42857142857144
36,2,363,1,1,3,5,3,0,77,1,3,4,1,0,10252,4235,2,1,21,4,3,1,17,2,3,7,7,7,7,2.3438500228623687,2.3333333333333335,0,569.5555555555555
19,0,504,1,10,3,3,1,0,96,2,1,6,2,2,1859,6148,1,1,25,4,2,0,1,2,4,1,1,0,0,0.4250114311842707,1.6666666666666667,0,929.5
24,2,581,1,9,3,3,3,1,62,4,1,6,3,1,4401,17616,1,0,16,3,4,1,5,1,3,5,3,0,4,1.0061728395061729,3.3333333333333335,0,733.5
36,0,1434,2,8,4,1,1,1,76,2,3,7,1,2,7587,14229,1,0,15,3,2,0,10,1,3,10,7,0,9,1.3184464332261707,1.3333333333333333,0,689.7272727272727
25,2,1372,2,18,1,1,1,1,93,4,2,7,3,1,6232,12477,2,0,11,3,2,0,6,3,2,3,2,1,2,1.0829785385350594,2.0,1,890.2857142857143
29,2,352,0,6,1,3,4,1,87,2,1,1,2,1,2804,15434,1,0,11,3,4,0,1,3,3,1,0,0,0,0.7215645908389089,3.3333333333333335,0,1402.0
36,2,132,1,6,3,1,2,0,55,4,1,2,4,1,3038,22002,3,0,12,3,2,0,5,3,3,1,0,0,0,0.6945587562871514,2.6666666666666665,0,506.3333333333333
29,2,1090,2,10,3,2,4,1,83,3,1,8,2,0,2297,17967,1,0,14,3,4,2,2,2,3,2,2,2,2,0.3991658701885481,3.3333333333333335,0,765.6666666666666
24,2,1353,2,3,2,4,1,0,33,3,2,7,3,1,4999,17519,0,0,21,4,1,1,4,2,2,3,2,0,2,0.8687114432183508,1.6666666666666667,1,999.8
32,2,267,1,29,4,1,3,0,49,2,1,2,2,2,2837,15919,1,0,13,3,3,0,6,3,3,6,2,4,1,0.6486053955189758,2.6666666666666665,0,405.2857142857143
39,0,105,1,9,3,1,4,1,87,3,5,3,4,2,19431,15302,2,0,13,3,3,0,21,3,2,6,0,1,3,4.44238683127572,3.6666666666666665,1,883.2272727272727
41,2,1206,2,23,2,1,4,1,80,3,3,7,3,2,7082,11591,3,1,16,3,4,0,21,2,3,2,0,0,2,1.2306890259796681,3.6666666666666665,0,321.90909090909093
46,2,1450,1,15,2,1,4,1,52,3,5,5,2,1,19081,10849,5,0,11,3,1,1,25,2,3,4,2,0,3,4.362368541380887,2.3333333333333335,0,733.8846153846154
29,2,318,1,8,4,4,2,1,77,1,1,2,1,1,2119,4759,1,1,11,3,4,0,7,4,2,7,7,0,7,0.484453589391861,2.3333333333333335,1,264.875
31,1,534,1,20,3,1,1,1,66,3,3,0,3,1,9824,22908,3,0,12,3,1,0,12,2,3,1,0,0,0,2.2459990855052583,1.6666666666666667,0,755.6923076923077
47,2,571,2,14,3,3,3,0,78,3,2,7,3,1,4591,24200,3,1,17,3,3,1,11,4,2,5,4,1,2,0.7978104092449387,3.0,1,382.5833333333333
28,2,890,1,2,4,3,3,1,46,3,1,6,3,2,4382,16374,6,0,17,3,4,0,5,3,2,2,2,2,1,1.0018289894833106,3.3333333333333335,1,730.3333333333334
44,0,489,1,23,3,3,2,1,67,3,2,2,2,1,2042,25043,4,0,12,3,3,1,17,3,4,3,2,1,2,0.46684956561499774,2.3333333333333335,0,113.44444444444444
39,2,1122,1,6,3,3,4,1,70,3,1,2,1,1,2404,4303,7,1,21,4,4,0,8,2,1,2,2,2,2,0.5496113397347965,3.0,1,267.1111111111111
30,0,829,1,1,1,1,3,1,88,2,3,4,3,2,8474,20925,1,0,22,4,3,0,12,2,3,11,8,5,8,1.9373571101966163,3.0,0,651.8461538461538
59,2,818,0,6,2,3,2,1,52,3,1,1,3,1,2267,25657,8,0,17,3,4,0,7,2,2,2,2,2,2,0.5833762223365929,3.0,1,283.375
28,2,895,1,15,2,1,1,1,50,3,1,2,3,0,2207,22482,1,0,16,3,4,1,4,5,2,4,2,2,2,0.5045724737082762,2.6666666666666665,1,441.4
39,0,439,1,9,3,1,3,1,70,3,2,2,2,2,6782,8770,9,0,15,3,3,0,9,2,2,5,4,0,3,1.5505258344764519,2.6666666666666665,1,678.2
50,2,316,2,8,4,2,4,1,54,3,1,8,2,1,3875,9983,7,0,15,3,4,1,4,2,3,2,2,2,2,0.6733860457033626,3.3333333333333335,0,775.0
44,2,1448,2,28,3,3,4,0,53,4,4,7,4,1,13320,11737,3,1,18,3,3,1,23,2,3,12,11,11,11,2.3147102267790425,3.6666666666666665,0,555.0
33,1,827,1,29,4,3,1,0,54,2,2,6,3,2,4508,3129,1,0,22,4,2,0,14,4,3,13,7,3,8,1.0306355738454505,2.0,0,300.53333333333336
50,2,1452,1,11,3,1,3,0,53,3,5,3,2,2,19926,17053,3,0,15,3,2,0,21,5,3,5,4,4,4,4.555555555555555,2.3333333333333335,0,905.7272727272727
19,1,602,2,1,1,5,3,0,100,1,1,8,1,2,2325,20989,0,0,21,4,1,0,1,5,4,0,0,0,0,0.40403162742201754,1.6666666666666667,0,1162.5
42,2,319,1,24,3,3,4,1,56,3,3,4,1,1,7406,6950,1,1,21,4,4,1,10,5,2,10,9,5,8,1.6931870141746685,3.0,1,673.2727272727273
38,2,1245,2,14,3,1,3,1,80,3,2,7,2,1,9924,12355,0,0,11,3,4,1,10,3,3,9,8,7,7,1.724563385176818,3.0,0,902.1818181818181
50,2,854,2,1,4,3,4,0,68,3,5,3,4,0,19517,24118,3,0,11,3,3,1,32,3,2,7,0,0,6,3.391606568772265,3.6666666666666665,1,591.4242424242424
23,2,650,1,9,1,3,2,1,37,3,1,2,1,1,2500,4344,1,0,14,3,4,1,5,2,4,4,3,0,2,0.5715592135345222,2.3333333333333335,0,416.6666666666667
29,2,1176,2,3,2,3,2,0,62,3,2,7,3,1,5561,3487,1,0,14,3,1,1,6,5,2,6,0,1,2,0.966374141975845,2.0,1,794.4285714285714
31,2,1154,2,2,2,1,1,1,54,3,1,8,3,1,3067,6393,0,0,19,3,3,1,3,1,3,2,2,1,2,0.5329741941089582,2.3333333333333335,0,766.75
33,2,924,1,2,3,3,3,1,78,3,1,2,4,2,2496,6670,4,0,11,3,4,0,7,3,3,1,1,0,0,0.5706447187928669,3.6666666666666665,0,312.0
29,1,574,1,20,1,3,4,1,40,3,1,2,4,1,3812,7003,1,0,13,3,2,0,11,3,4,11,8,3,10,0.8715134887974394,3.3333333333333335,0,317.6666666666667
29,2,469,2,10,3,3,3,1,42,2,2,7,3,2,5869,23413,9,0,11,3,3,0,8,2,3,5,2,1,4,1.019897471544009,3.0,0,652.1111111111111
45,2,1316,1,29,3,3,3,1,83,3,1,6,4,2,3452,9752,5,0,13,3,2,0,9,2,2,6,5,0,3,0.7892089620484682,3.0,1,345.2
45,2,252,1,1,3,4,3,1,70,4,5,3,4,1,19202,15970,0,0,11,3,3,1,25,2,3,24,0,1,7,4.390032007315958,3.3333333333333335,0,738.5384615384615
36,1,1302,1,6,4,1,1,1,80,4,2,2,1,1,5562,19711,3,1,13,3,4,1,9,3,3,3,2,0,2,1.271604938271605,2.0,0,556.2
37,2,1115,1,1,4,1,1,1,51,2,2,4,3,0,5993,2689,1,0,18,3,3,1,7,2,4,7,5,0,7,1.3701417466849566,2.3333333333333335,0,749.125
32,2,1259,1,2,4,1,4,1,95,3,1,2,2,2,1393,24852,1,0,12,3,1,0,1,2,3,1,0,0,0,0.3184727937814358,2.3333333333333335,0,696.5
24,1,381,1,9,3,3,2,1,89,3,1,2,1,2,3172,16998,2,1,11,3,3,0,4,2,2,0,0,0,0,0.7251943301326017,2.0,1,634.4
28,2,1117,1,8,2,1,4,0,66,3,1,6,4,2,3310,4488,1,0,21,4,4,0,5,3,3,5,3,0,2,0.7567443987197073,4.0,0,551.6666666666666
34,0,967,1,16,4,5,4,1,85,1,1,6,1,1,2307,14460,1,1,23,4,2,1,5,2,3,5,2,3,0,0.5274348422496571,2.3333333333333335,0,384.5
29,2,598,1,9,3,1,3,1,91,4,1,6,3,1,2451,22376,6,0,18,3,1,2,5,2,2,1,0,0,0,0.5603566529492455,2.3333333333333335,1,408.5
45,2,788,0,24,4,3,2,1,36,3,1,1,2,2,2177,8318,1,0,16,3,1,0,6,3,3,6,3,0,4,0.5602161605764282,1.6666666666666667,0,311.0
30,0,879,1,9,2,3,3,0,72,3,2,4,3,2,4695,12858,7,1,18,3,3,0,10,3,3,8,4,1,7,1.0733882030178326,3.0,0,426.8181818181818
24,2,813,1,1,3,3,2,1,61,3,1,6,4,1,2293,3020,2,1,16,3,1,1,6,2,2,2,0,2,0,0.5242341106538637,2.3333333333333335,1,327.57142857142856
31,2,408,1,9,4,1,3,1,42,2,1,6,2,2,2657,7551,0,1,16,3,4,0,3,5,3,2,2,2,2,0.6074531321444901,3.0,0,664.25
54,2,1147,2,3,3,2,4,0,52,3,2,7,1,1,5940,17011,2,0,14,3,4,1,16,4,3,6,2,0,5,1.032235641671735,3.0,0,349.4117647058824
37,2,228,2,6,4,3,3,1,98,3,2,7,4,1,6502,22825,4,0,14,3,2,1,7,5,4,5,4,0,1,1.1298983404292293,3.0,0,812.75
35,2,464,1,4,2,4,3,1,75,3,1,2,4,0,1951,10910,1,0,12,3,3,1,1,3,3,1,0,0,0,0.4460448102423411,3.3333333333333335,0,975.5
60,2,370,1,1,4,3,3,1,92,1,3,0,4,0,10883,20467,3,0,20,4,3,1,19,2,4,1,0,0,0,2.488111568358482,3.3333333333333335,0,544.15
36,2,917,1,6,4,1,3,1,60,1,1,2,3,0,2741,6865,1,0,14,3,3,1,7,4,3,7,7,1,7,0.6266575217192502,3.0,0,342.625
39,2,722,2,24,1,2,2,0,60,2,4,7,4,1,12031,8828,0,0,11,3,1,1,21,2,2,20,9,9,6,2.090711616995395,2.3333333333333335,1,546.8636363636364
29,2,153,1,15,2,1,4,0,49,2,2,2,3,2,4193,12682,0,1,12,3,4,0,10,3,3,9,5,0,8,0.9586191129401006,3.6666666666666665,0,381.1818181818182
27,2,1115,1,3,4,3,1,1,54,2,1,6,4,2,2045,15174,0,0,13,3,4,0,5,0,3,4,2,1,1,0.46753543667123915,3.0,0,340.8333333333333
38,2,770,2,10,4,2,3,1,73,2,3,7,3,0,8740,5569,0,1,14,3,2,2,9,2,3,8,7,2,7,1.518811365018681,2.6666666666666665,0,874.0
42,1,458,1,26,5,3,1,0,60,3,3,5,1,1,13191,23281,3,1,17,3,3,0,20,6,3,1,0,0,0,3.015775034293553,1.6666666666666667,0,628.1428571428571
59,2,1324,1,3,3,3,3,0,81,4,1,2,1,1,2670,9964,4,1,20,4,1,3,12,3,2,1,0,0,0,0.6104252400548696,1.6666666666666667,1,205.3846153846154
42,2,469,1,2,2,3,4,1,35,3,4,3,1,1,17665,14399,0,0,17,3,4,1,23,3,3,22,6,13,7,4.038637402834934,3.0,0,736.0416666666666
26,2,1330,1,21,3,3,1,1,37,3,1,2,3,0,2377,19373,1,0,20,4,3,1,1,0,2,1,1,0,0,0.5434385002286237,2.3333333333333335,1,1188.5
41,2,483,1,6,3,3,4,1,95,2,2,4,2,2,6032,10110,6,1,15,3,4,0,8,3,3,5,4,1,2,1.379058070416095,3.3333333333333335,0,670.2222222222222
35,2,144,1,22,3,1,4,1,46,1,1,2,3,2,4230,19225,0,0,15,3,3,0,6,2,3,5,4,4,3,0.9670781893004116,3.3333333333333335,0,604.2857142857143
57,2,593,1,1,4,3,4,1,88,3,2,0,3,1,6755,2967,2,0,11,3,3,0,15,2,3,3,2,1,2,1.544352994970279,3.3333333333333335,0,422.1875
31,2,1062,1,24,3,3,3,0,96,2,2,0,1,2,6812,17198,1,0,19,3,2,0,10,2,3,10,9,1,8,1.557384545038866,2.0,0,619.2727272727273
59,0,1420,0,2,4,0,3,0,32,2,5,3,4,1,18844,21922,9,0,21,4,4,1,30,3,3,3,2,2,2,4.849202264539372,3.6666666666666665,0,607.8709677419355
34,2,943,1,9,3,1,4,1,86,3,3,0,4,0,8500,5494,0,0,11,3,4,1,10,0,2,9,7,1,6,1.9433013260173755,4.0,1,772.7272727272727
40,2,905,1,19,2,3,3,1,99,3,2,2,4,1,2741,16523,8,1,15,3,3,1,15,2,4,7,2,3,7,0.6266575217192502,3.3333333333333335,0,171.3125
34,1,618,1,3,1,1,1,1,45,3,2,0,4,2,7756,22266,0,0,17,3,3,0,7,1,2,6,2,0,4,1.7732053040695015,2.6666666666666665,1,969.5
41,1,840,1,9,3,3,1,1,64,3,5,5,3,0,19419,3735,2,0,17,3,2,1,21,2,4,18,16,0,11,4.439643347050755,2.0,0,882.6818181818181
35,2,1204,2,4,3,5,4,1,86,3,3,7,1,2,9582,10333,0,1,22,4,1,0,9,2,3,8,7,4,7,1.6651316361108697,2.0,0,958.2
35,2,1315,1,22,3,1,2,0,71,4,3,3,2,0,11996,19100,7,0,18,3,2,1,10,6,2,7,7,6,2,2.742569730224051,2.0,1,1090.5454545454545
35,2,1219,2,18,3,3,3,0,86,3,2,7,3,1,4601,6179,1,0,16,3,2,0,5,3,3,5,2,1,0,0.7995481796854635,2.6666666666666665,0,766.8333333333334
25,0,675,1,5,2,1,2,1,85,4,2,0,1,0,4000,18384,1,0,12,3,4,2,6,2,3,6,3,1,5,0.9144947416552355,2.3333333333333335,0,571.4285714285714
49,2,1495,1,5,4,5,1,1,96,3,2,0,3,1,6651,21534,2,0,14,3,2,1,20,0,2,3,2,1,2,1.5205761316872428,2.0,1,316.7142857142857
36,2,1266,2,10,4,5,2,0,63,2,2,7,3,1,5673,6060,1,1,13,3,1,1,10,4,3,10,9,1,7,0.9858371709097228,2.0,0,515.7272727272727
26,2,471,1,24,3,5,3,1,66,1,1,2,4,2,2340,23213,1,1,18,3,2,0,1,3,1,1,0,0,0,0.5349794238683128,3.0,1,1170.0
58,2,682,2,10,4,3,4,1,37,3,4,7,3,2,13872,24409,0,0,13,3,3,0,38,1,2,37,10,1,8,2.4106351550960117,3.3333333333333335,1,355.6923076923077
27,1,1242,2,20,3,1,4,0,90,3,2,7,3,2,9981,12916,1,0,14,3,4,0,7,2,3,7,7,0,7,1.7344686766878095,3.6666666666666665,0,1247.625
42,2,603,1,7,4,3,2,0,78,4,2,6,2,1,2372,5628,6,1,16,3,4,0,18,2,3,1,0,0,0,0.5422953818015547,2.6666666666666665,0,124.84210526315789
29,2,1210,2,2,3,3,1,1,78,2,2,7,2,1,6644,3687,2,0,19,3,2,2,10,2,3,0,0,0,0,1.1545746806846815,1.6666666666666667,0,604.0
27,2,1055,1,2,4,1,1,0,47,3,2,4,4,1,4227,4658,0,0,18,3,2,1,4,2,3,3,2,2,2,0.96639231824417,2.3333333333333335,0,845.4
42,2,1128,1,13,3,3,2,1,95,4,2,0,1,1,5538,5696,5,0,18,3,3,2,10,2,2,0,0,0,0,1.2661179698216736,2.0,1,503.45454545454544
30,2,413,2,7,1,2,4,1,57,3,1,8,2,2,2983,18398,0,0,14,3,1,0,4,3,3,3,2,1,2,0.5183769224085498,2.3333333333333335,0,596.6
20,2,959,1,1,3,1,4,0,83,2,1,6,2,2,2836,11757,1,0,13,3,4,0,1,0,4,1,0,0,0,0.6483767718335619,3.3333333333333335,0,1418.0
32,1,1005,1,2,2,1,4,1,79,3,1,2,4,2,3068,11864,0,0,13,3,3,0,8,2,2,7,7,3,6,0.7014174668495656,3.6666666666666665,1,340.8888888888889
21,1,251,1,10,2,1,1,0,45,2,1,2,3,2,2625,25308,1,0,20,4,3,0,2,2,1,2,2,2,2,0.6001371742112482,2.3333333333333335,1,875.0
27,1,793,2,2,1,1,4,1,43,1,2,7,4,2,5071,20392,3,0,20,4,2,0,8,3,3,6,2,0,0,0.8812233903901294,3.3333333333333335,0,563.4444444444445
18,1,1306,2,5,3,2,2,1,69,3,1,8,2,2,1878,8059,1,1,14,3,4,0,0,3,3,0,0,0,0,0.3263532887305587,2.6666666666666665,0,1878.0
18,2,230,1,3,3,1,3,1,54,3,1,2,3,2,1420,25233,1,0,13,3,3,0,0,2,3,0,0,0,0,0.3246456332876086,3.0,0,1420.0
30,2,1334,2,4,2,3,3,0,63,2,2,7,2,0,5209,19760,1,1,12,3,2,3,11,4,2,11,8,2,7,0.9052046224693718,2.3333333333333335,1,434.0833333333333
41,2,548,1,9,4,1,3,1,94,3,1,2,1,0,2289,20520,1,0,20,4,2,2,5,2,3,5,3,0,4,0.5233196159122085,2.0,0,381.5
28,1,1496,2,1,3,5,1,1,92,3,1,8,3,1,2909,15747,3,0,15,3,4,1,5,3,4,3,2,1,2,0.5055174211486663,2.6666666666666665,0,484.8333333333333
30,2,852,1,1,1,1,4,1,55,2,2,2,4,1,5126,15998,1,1,12,3,3,2,10,1,2,10,8,3,0,1.1719250114311843,3.6666666666666665,1,466.0
21,2,1334,1,10,3,1,3,0,36,2,1,2,1,2,1416,17258,1,0,13,3,1,0,1,6,2,1,0,1,0,0.32373113854595337,1.6666666666666667,1,708.0
36,2,660,1,15,3,4,1,1,81,3,2,2,3,0,4834,7858,7,0,14,3,2,1,9,3,2,1,0,0,0,1.1051668952903522,2.0,1,483.4
32,1,967,2,8,3,2,2,0,43,3,3,7,4,2,8998,15589,1,0,14,3,4,0,9,2,3,9,8,3,7,1.563645842384221,3.3333333333333335,0,899.8
38,1,1391,1,10,1,3,3,1,66,3,1,6,3,1,2684,12127,0,0,17,3,2,1,3,0,2,2,1,0,2,0.613625971650663,2.6666666666666665,1,671.0
32,2,801,2,1,4,2,3,0,48,3,3,7,4,1,10422,24032,1,0,19,3,3,2,14,3,3,14,10,5,7,1.8111043531149535,3.3333333333333335,0,694.8
27,1,1297,1,5,2,1,4,0,53,3,1,2,4,2,2379,19826,0,1,14,3,3,0,6,3,2,5,4,0,2,0.5438957475994513,3.6666666666666665,1,339.85714285714283
29,2,144,2,10,1,2,4,0,39,2,2,7,2,0,8268,11866,1,1,14,3,1,2,7,2,3,7,7,1,7,1.4367886002259103,2.3333333333333335,0,1033.5
29,2,1328,1,2,3,1,3,1,76,3,1,6,2,1,2703,4956,0,0,23,4,4,1,6,3,3,5,4,0,4,0.6179698216735254,3.0,0,386.14285714285717
33,2,213,1,7,3,3,3,1,49,3,3,5,3,1,11691,25995,0,0,11,3,4,0,14,3,4,13,9,3,7,2.6728395061728394,3.3333333333333335,0,779.4
50,2,264,2,9,3,2,3,1,59,3,5,3,3,1,19331,19519,4,1,16,3,3,1,27,2,3,1,0,0,0,3.3592840385785037,3.0,0,690.3928571428571
32,2,427,1,1,3,3,1,1,33,3,2,4,4,1,6162,10877,1,1,22,4,2,1,9,3,3,9,8,7,8,1.4087791495198903,2.3333333333333335,0,616.2
36,2,1383,1,10,3,1,4,1,90,3,3,0,1,1,8321,25949,7,1,13,3,4,1,15,1,3,12,8,5,7,1.9023776863283035,3.0,0,520.0625
36,2,1351,1,26,4,1,1,1,80,3,2,0,3,1,5347,7419,6,0,14,3,2,2,10,2,2,3,2,0,2,1.222450845907636,2.0,1,486.09090909090907
38,2,322,2,7,2,3,1,0,44,4,2,7,1,0,5605,19191,1,1,24,4,3,1,8,3,3,8,0,7,7,0.9740203319141542,1.6666666666666667,0,622.7777777777778
55,2,267,2,13,4,2,1,1,85,4,4,7,3,2,13695,9277,6,1,17,3,3,0,24,2,2,19,7,3,8,2.3798766182987228,2.3333333333333335,1,547.8
30,2,201,1,5,3,5,4,0,84,3,1,6,1,0,3204,10415,5,0,14,3,4,1,8,3,3,3,2,2,2,0.7325102880658436,3.0,0,356.0
45,0,1195,1,2,2,3,1,1,65,2,4,3,4,1,16792,20462,9,0,23,4,4,1,22,1,3,20,8,11,8,3.8390489254686786,3.0,0,730.0869565217391
37,2,1107,1,14,3,1,4,0,95,3,1,2,1,0,3034,26914,1,0,12,3,3,1,18,2,2,18,7,12,17,0.6936442615454961,2.6666666666666665,1,159.68421052631578
51,2,1302,1,2,3,3,4,1,84,1,2,4,2,0,5482,16321,5,0,18,3,4,1,13,3,3,4,1,1,2,1.2533150434385003,3.3333333333333335,0,391.57142857142856
30,2,1329,2,29,4,1,3,1,61,3,2,7,1,0,4115,13192,8,0,19,3,3,3,8,3,3,4,3,0,3,0.7150925362759579,2.3333333333333335,0,457.22222222222223
29,2,121,2,27,3,2,2,0,35,3,3,7,4,1,7639,24525,1,0,22,4,4,3,10,3,2,10,4,1,9,1.3274828395168998,3.3333333333333335,1,694.4545454545455
32,2,499,2,2,1,2,3,1,36,3,2,7,2,1,4078,20497,0,1,13,3,1,3,4,3,2,3,2,1,2,0.7086627856460161,2.0,1,815.6
39,2,835,1,19,4,4,4,1,41,3,2,6,4,0,3902,5141,8,0,14,3,2,3,7,2,3,2,2,2,2,0.8920896204846822,3.3333333333333335,0,487.75
37,2,1439,1,4,1,1,3,1,54,3,1,6,3,1,2996,5182,7,1,15,3,4,0,8,2,3,6,4,1,3,0.6849565614997714,3.3333333333333335,0,332.8888888888889
36,2,188,1,7,4,4,2,1,65,3,1,6,4,2,4678,23293,2,0,18,3,3,0,8,6,3,6,2,0,1,1.069501600365798,3.0,0,519.7777777777778
38,2,1333,1,1,3,5,4,0,80,3,3,5,1,1,13582,16292,1,0,13,3,2,1,15,3,3,15,12,5,11,3.105166895290352,2.3333333333333335,0,848.875
48,2,1221,2,7,3,2,3,1,96,3,2,7,1,0,5486,24795,4,0,11,3,1,3,15,3,3,2,2,2,2,0.953340863671909,1.6666666666666667,0,342.875
26,1,575,1,1,2,1,1,0,71,1,1,2,4,0,4364,5288,3,0,14,3,1,1,5,2,3,2,2,2,0,0.9977137631458619,2.0,0,727.3333333333334
33,2,931,1,14,3,3,4,0,72,3,1,6,2,1,2756,4673,1,0,13,3,4,1,8,5,3,8,7,1,6,0.6300868770004573,3.3333333333333335,0,306.22222222222223
57,2,334,1,24,2,1,3,1,83,4,3,0,4,0,9439,23402,3,1,16,3,2,1,12,2,1,5,3,1,4,2.157978966620942,3.0,1,726.0769230769231
38,1,148,1,2,3,3,4,0,42,2,1,2,2,2,2440,23826,1,0,22,4,2,0,4,3,3,4,3,3,3,0.5578417924096937,2.6666666666666665,0,488.0
42,2,1147,0,10,3,0,3,0,31,3,4,3,1,1,16799,16616,0,0,14,3,3,1,21,5,3,20,7,0,9,4.3229541945445185,2.3333333333333335,0,763.5909090909091
36,1,541,2,3,4,3,1,1,48,2,3,7,4,1,9699,7246,4,0,11,3,1,1,16,2,3,13,9,1,12,1.68546355026501,2.0,0,570.5294117647059
51,1,237,2,9,3,1,4,1,83,3,5,3,2,0,19847,19196,4,1,24,4,1,1,31,5,2,29,10,11,10,3.4489529933095837,2.3333333333333335,1,620.21875
45,1,1249,1,7,3,1,1,1,97,3,3,2,1,0,5210,20308,1,0,18,3,1,1,24,2,3,24,9,9,11,1.191129401005944,1.0,0,208.4
40,2,1322,1,2,4,1,3,1,52,2,1,6,3,2,2809,2725,2,0,14,3,4,0,8,2,3,2,2,2,2,0.6422039323273891,3.3333333333333335,0,312.1111111111111
43,2,1372,2,9,3,2,1,0,85,1,2,7,3,2,5346,9489,8,0,13,3,2,0,7,2,2,4,3,1,3,0.9290120775045616,2.0,1,668.25
35,2,1142,1,23,4,3,3,0,30,3,1,2,1,1,4014,16002,3,1,15,3,3,1,4,3,3,2,2,2,2,0.9176954732510288,2.3333333333333335,0,802.8
26,2,583,1,4,2,1,3,1,53,3,1,6,4,2,2875,9973,1,1,20,4,2,0,8,2,2,8,5,2,2,0.6572930955647005,3.0,1,319.44444444444446
31,1,163,1,24,1,5,4,0,30,3,2,4,4,2,5238,6670,2,0,20,4,4,0,9,3,2,5,4,1,4,1.1975308641975309,4.0,1,523.8
37,2,161,1,10,3,1,3,0,42,4,3,5,4,1,13744,15471,1,1,25,4,1,1,16,2,3,16,11,6,8,3.142203932327389,2.6666666666666665,0,808.4705882352941
34,2,507,2,15,2,3,3,0,66,3,2,7,1,2,6125,23553,1,0,12,3,4,0,10,6,4,10,8,9,6,1.064384394821444,2.6666666666666665,0,556.8181818181819
53,2,970,1,7,3,1,3,1,59,4,4,5,3,1,14814,13514,3,0,19,3,3,0,32,3,3,5,1,1,3,3.3868312757201644,3.0,0,448.90909090909093
40,2,611,2,7,4,3,2,1,88,3,5,3,2,2,19833,4349,1,0,14,3,2,0,21,3,2,21,8,12,8,3.446520114692849,2.0,1,901.5
47,1,1093,2,9,3,1,3,1,82,1,4,7,3,1,12936,24164,7,0,11,3,3,0,25,3,1,23,5,14,10,2.24797984186289,3.0,1,497.53846153846155
30,0,641,2,25,2,5,4,0,85,3,2,7,3,1,4736,6069,7,1,12,3,2,1,4,2,4,2,2,2,2,0.8230080806325485,3.0,0,947.2
31,2,154,2,7,4,1,2,1,41,2,1,8,3,1,2329,11737,3,0,15,3,2,0,13,2,4,7,7,5,2,0.40472673559822747,2.3333333333333335,0,166.35714285714286
52,2,621,2,3,4,2,3,1,31,2,4,3,1,1,16856,10084,1,0,11,3,1,0,34,3,4,34,6,1,16,2.929185854548614,1.6666666666666667,0,481.6
26,1,1479,1,1,3,1,3,0,84,3,2,4,2,0,6397,26767,1,0,20,4,1,1,6,6,1,6,5,1,4,1.4625057155921353,2.0,1,913.8571428571429
44,1,602,0,1,5,0,1,1,37,3,2,1,4,1,5743,10503,4,1,11,3,3,0,14,3,3,10,7,0,2,1.4778692743180648,2.6666666666666665,0,382.8666666666667
45,2,930,2,9,3,2,4,1,74,3,3,7,1,0,10761,19239,4,1,12,3,3,1,18,2,3,5,4,0,2,1.8700147710487445,2.6666666666666665,0,566.3684210526316
20,2,1097,1,11,3,3,4,0,98,2,1,6,1,2,2600,18275,1,1,15,3,1,0,1,2,3,1,0,0,0,0.594421582075903,2.0,0,1300.0
28,2,440,1,21,3,3,3,1,42,3,1,6,4,1,2713,6672,1,0,11,3,3,1,5,2,1,5,2,0,2,0.6202560585276634,3.3333333333333335,1,452.1666666666667
39,2,1498,2,21,4,1,1,1,44,2,2,7,4,1,6120,3567,3,1,12,3,4,2,8,2,4,5,4,1,4,1.0635155096011817,3.0,0,680.0
37,2,671,1,19,3,1,3,1,85,3,2,4,3,1,5768,26493,3,0,17,3,1,3,9,2,2,4,3,0,2,1.3187014174668497,2.3333333333333335,1,576.8
31,2,1112,2,5,4,1,1,0,67,3,2,7,4,1,5476,22589,1,0,11,3,1,2,10,2,3,10,0,0,2,0.9516030932313841,2.0,0,497.8181818181818
34,2,121,1,2,4,3,3,0,86,2,1,6,1,2,4381,7530,1,0,11,3,3,0,6,3,3,6,5,1,3,1.0016003657978967,2.3333333333333335,0,625.8571428571429
37,2,446,1,1,4,1,2,0,65,3,2,4,2,1,6447,15701,6,0,12,3,2,1,8,2,2,6,5,4,3,1.4739368998628257,2.0,1,716.3333333333334
28,2,640,1,1,3,5,4,1,84,3,1,6,1,2,2080,4732,2,0,11,3,2,0,5,2,2,3,2,1,2,0.47553726566072246,2.3333333333333335,1,346.6666666666667
31,2,691,1,5,4,5,3,1,86,3,1,6,4,1,4821,10077,0,1,12,3,3,1,6,4,3,5,2,0,3,1.1021947873799727,3.3333333333333335,0,688.7142857142857
50,2,1322,1,28,3,1,4,0,43,3,4,5,1,1,16880,22422,4,1,11,3,2,0,25,2,3,3,2,1,2,3.859167809785094,2.3333333333333335,0,649.2307692307693
43,1,807,1,17,3,5,3,1,38,2,1,6,3,1,2437,15587,9,1,16,3,4,1,6,4,3,1,0,0,0,0.5571559213534523,3.3333333333333335,0,348.14285714285717
27,2,1420,2,2,1,2,3,1,85,3,1,8,1,0,3041,16346,0,0,11,3,2,1,5,3,3,4,3,0,2,0.5284559909635937,2.0,0,506.8333333333333
45,2,1268,2,4,2,1,3,0,30,3,2,7,1,0,5006,6319,4,1,11,3,1,1,9,3,4,5,4,0,3,0.8699278825267183,1.6666666666666667,0,500.6
54,0,142,0,26,3,0,4,0,30,4,4,3,4,2,17328,13871,2,1,12,3,3,0,23,3,3,5,3,4,4,4.459083890890375,3.6666666666666665,0,722.0
35,2,1490,1,11,4,3,4,1,43,3,1,2,3,1,2660,20232,7,1,11,3,3,1,5,3,3,2,2,2,2,0.6081390032007316,3.3333333333333335,0,443.3333333333333
30,2,231,2,8,2,4,3,1,62,3,3,7,3,0,7264,9977,5,0,11,3,1,1,10,2,4,8,4,7,7,1.2623164479972195,2.3333333333333335,0,660.3636363636364
22,0,457,1,26,2,4,2,0,85,2,1,6,3,1,2814,10293,1,1,14,3,2,0,4,2,2,4,2,1,3,0.6433470507544582,2.3333333333333335,1,562.8
55,2,189,0,26,4,0,3,1,71,4,5,3,2,1,19636,25811,4,1,18,3,1,1,35,0,3,10,9,1,4,5.053010808028821,2.0,0,545.4444444444445
54,2,431,1,7,4,3,4,0,68,3,2,6,4,1,6854,15696,4,0,15,3,2,1,14,2,2,7,1,1,7,1.566986739826246,3.3333333333333335,1,456.93333333333334
31,0,979,1,1,4,3,3,1,90,1,2,4,3,1,4345,4381,0,0,12,3,4,1,6,2,3,5,4,1,4,0.9933699131229995,3.3333333333333335,0,620.7142857142857
20,2,500,2,2,3,3,3,0,49,2,1,8,3,2,2044,22052,1,0,13,3,4,0,2,3,2,2,2,0,2,0.3552002780432705,3.3333333333333335,1,681.3333333333334
49,1,279,1,8,1,1,3,1,61,2,2,6,2,1,5130,24907,1,0,23,4,4,1,10,3,3,10,7,1,7,1.1728395061728396,3.0,0,466.3636363636364
37,0,1063,1,25,5,3,2,0,72,3,2,6,3,1,4449,23866,3,1,15,3,1,2,15,2,3,13,11,10,7,1.0171467764060356,2.0,0,278.0625
25,2,977,1,2,1,4,4,1,57,3,1,2,3,0,3977,7298,6,1,19,3,3,1,7,2,2,2,2,0,2,0.9092363968907179,3.3333333333333335,1,497.125
29,2,1370,1,3,1,3,2,1,87,3,1,2,1,2,4723,16213,1,1,18,3,4,0,10,3,3,10,9,1,5,1.0797896662094193,2.3333333333333335,0,429.3636363636364
28,2,1172,2,3,3,3,2,0,78,3,1,8,2,1,2856,3692,1,0,19,3,4,1,1,3,3,1,0,0,0,0.4963072378138848,2.6666666666666665,0,1428.0
41,2,465,1,14,3,1,1,1,56,3,1,6,3,0,2451,4609,4,0,12,3,1,1,13,2,3,9,8,1,8,0.5603566529492455,1.6666666666666667,0,175.07142857142858
31,0,1188,2,20,2,2,4,0,45,3,2,7,3,1,6932,24406,1,0,13,3,4,1,9,2,2,9,8,0,0,1.204622469371796,3.6666666666666665,1,693.2
30,2,1358,2,16,1,1,4,1,96,3,2,7,3,1,5301,2939,8,0,15,3,3,2,4,2,2,2,1,2,2,0.9211921105222001,3.3333333333333335,1,1060.2
36,1,635,1,18,1,3,2,0,73,3,1,2,4,2,2153,7703,1,0,13,3,1,0,8,2,3,8,1,1,7,0.4922267946959305,2.3333333333333335,0,239.22222222222223
54,2,685,1,3,3,1,4,1,85,3,4,5,4,1,17779,23474,3,0,14,3,1,0,36,2,3,10,9,0,9,4.064700502972108,3.0,0,480.5135135135135
38,2,130,2,2,2,2,4,1,32,3,3,7,2,2,7351,20619,7,0,16,3,3,0,10,2,3,1,0,0,0,1.2774350508297854,3.0,0,668.2727272727273
38,2,1261,1,2,4,1,4,1,88,3,2,4,3,1,6553,7259,9,0,14,3,2,0,14,3,3,1,0,0,0,1.4981710105166894,3.0,0,436.8666666666667
38,1,216,1,23,3,1,4,1,44,2,3,4,3,2,9526,8787,0,0,21,4,2,0,10,2,3,9,7,1,8,2.1778692272519433,3.0,0,866.0
28,2,1179,1,19,4,3,4,1,78,2,1,2,1,1,3196,12449,1,0,12,3,3,3,6,2,3,6,5,3,3,0.7306812985825332,2.6666666666666665,0,456.57142857142856
34,2,216,2,1,4,2,2,1,75,4,2,7,4,0,9725,12278,0,0,11,3,4,1,16,2,2,15,1,0,9,1.6899817534103745,3.3333333333333335,1,572.0588235294117
36,0,845,2,1,5,3,4,0,45,3,2,7,4,2,6653,15276,4,0,15,3,2,0,7,6,3,1,0,0,0,1.156138674081154,3.3333333333333335,0,831.625
29,1,459,1,24,2,1,4,1,73,2,1,6,4,2,2439,14753,1,1,24,4,2,0,1,3,2,1,0,1,0,0.5576131687242798,3.3333333333333335,1,1219.5
54,1,928,1,20,4,1,4,0,31,3,2,6,3,2,4869,16885,3,0,12,3,4,0,20,4,2,4,3,0,3,1.1131687242798354,3.6666666666666665,1,231.85714285714286
36,1,566,1,18,4,1,3,1,81,4,1,2,4,1,3688,7122,4,0,18,3,4,2,4,2,3,1,0,0,0,0.8431641518061271,3.6666666666666665,0,737.6
36,2,1120,2,11,4,2,2,0,100,2,2,7,4,1,6652,14369,4,0,13,3,1,1,8,2,2,6,3,0,0,1.1559648970371015,2.3333333333333335,1,739.1111111111111
32,0,1200,1,1,4,5,4,1,62,3,2,6,1,1,4087,25174,4,0,14,3,2,1,9,3,2,6,5,1,2,0.9343850022862369,2.3333333333333335,1,408.7
60,2,1179,2,16,4,2,1,1,84,3,2,7,1,2,5405,11924,8,0,14,3,4,0,10,1,3,2,2,2,2,0.9392649231036581,2.0,0,491.3636363636364
33,2,867,1,8,4,1,4,1,90,4,1,6,1,1,3143,6076,6,0,19,3,2,1,14,1,3,10,8,7,6,0.7185642432556013,2.3333333333333335,0,209.53333333333333
38,1,1189,1,1,3,1,4,1,90,3,2,6,4,1,4735,9867,7,0,15,3,4,2,19,4,4,13,11,2,9,1.082533150434385,4.0,0,236.75
29,2,942,1,15,1,1,2,0,69,1,1,6,4,1,2168,26933,0,1,18,3,1,1,6,2,2,5,4,1,3,0.49565614997713764,2.3333333333333335,1,309.7142857142857
53,2,238,2,1,1,3,4,0,34,3,2,7,1,2,8381,7507,7,0,20,4,4,0,18,2,4,14,7,8,10,1.4564254062038404,3.0,0,441.10526315789474
55,2,147,1,20,2,5,2,1,37,3,2,2,4,1,5415,15972,3,1,19,3,4,1,12,4,3,10,7,0,8,1.237997256515775,3.3333333333333335,0,416.53846153846155
50,2,1046,1,10,3,5,4,1,100,2,3,0,4,2,10496,2755,6,0,15,3,4,0,20,2,3,4,3,1,3,2.399634202103338,4.0,0,499.8095238095238
35,2,1229,1,8,1,1,4,1,36,4,1,2,4,1,2269,4892,1,0,19,3,4,0,1,2,3,1,0,0,1,0.5187471422039324,4.0,0,1134.5
46,2,1254,2,10,3,1,3,0,64,3,3,7,2,1,7314,14011,5,0,21,4,3,3,14,2,3,8,7,0,7,1.2710053001998436,2.6666666666666665,0,487.6
23,2,1320,1,8,1,3,4,1,93,2,1,2,3,2,3989,20586,1,1,11,3,1,0,5,2,3,5,4,1,2,0.9119798811156836,2.6666666666666665,0,664.8333333333334
54,2,1217,1,2,4,5,1,0,60,3,3,5,3,1,13549,24001,9,0,12,3,1,1,16,5,1,4,3,0,3,3.0976223136716965,1.6666666666666667,1,797.0
25,2,867,2,19,2,2,3,1,36,2,1,8,2,1,2413,18798,1,1,18,3,3,3,1,2,3,1,0,0,0,0.41932400729863584,2.6666666666666665,0,1206.5
28,2,1158,1,9,3,3,4,1,94,3,1,6,4,1,2070,2613,1,0,23,4,4,1,5,3,2,5,2,0,4,0.4732510288065844,4.0,1,345.0
56,2,1400,1,7,3,1,4,1,49,1,3,4,4,2,7260,21698,4,0,11,3,1,0,37,3,2,6,4,0,2,1.6598079561042525,3.0,1,191.05263157894737
44,2,1097,1,10,4,1,3,1,96,3,1,6,3,2,2936,10826,1,1,11,3,3,0,6,4,3,6,4,0,2,0.6712391403749428,3.0,0,419.42857142857144
45,1,1199,1,7,4,1,1,1,77,4,2,4,3,1,6434,5118,4,0,17,3,4,1,9,1,3,3,2,0,2,1.4709647919524462,2.6666666666666665,0,643.4
38,0,152,2,10,3,5,3,0,85,3,2,7,4,2,5666,19899,1,1,13,3,2,0,6,1,3,5,3,1,3,0.9846207316013554,3.0,0,809.4285714285714
48,2,1108,1,15,4,4,3,0,65,3,1,6,1,1,2367,16530,8,0,12,3,4,1,10,3,2,8,2,7,6,0.5411522633744856,2.6666666666666665,1,215.1818181818182
33,2,1216,2,8,4,2,3,1,39,3,2,7,3,0,7104,20431,0,0,12,3,4,0,6,3,3,5,0,1,2,1.2345121209488226,3.3333333333333335,0,1014.8571428571429
40,1,580,2,5,4,1,4,1,48,2,3,7,1,1,10475,23772,5,1,21,4,3,1,20,2,3,18,13,1,12,1.820314536449735,2.6666666666666665,0,498.8095238095238
38,2,1180,1,29,1,3,2,1,70,3,2,0,1,1,6673,11354,7,1,19,3,2,0,17,2,3,1,0,0,0,1.5256058527663465,1.6666666666666667,0,370.72222222222223
41,2,930,2,3,3,1,3,1,57,2,2,7,2,0,8938,12227,2,0,11,3,3,1,14,5,3,5,4,0,4,1.5532192197410721,2.6666666666666665,0,595.8666666666667
39,2,170,1,3,2,3,3,1,76,2,2,2,3,0,3069,10302,0,0,15,3,4,1,11,3,3,10,8,0,7,0.7016460905349794,3.3333333333333335,0,255.75
41,0,256,2,10,2,3,3,1,40,1,2,7,2,2,6151,22074,1,0,13,3,1,0,19,4,3,19,2,11,9,1.0689025979668085,2.0,0,307.55
33,0,722,2,17,3,1,4,1,38,3,4,3,3,2,17444,20489,1,0,11,3,4,0,10,2,3,10,8,6,0,3.031366756451473,3.6666666666666665,0,1585.8181818181818
24,1,1287,1,7,3,1,1,0,55,3,1,2,3,1,2886,14168,1,1,16,3,4,1,6,4,3,6,3,1,2,0.6598079561042524,2.6666666666666665,0,412.2857142857143
38,2,168,1,1,3,1,3,0,81,3,3,4,3,2,7861,15397,4,1,14,3,4,0,10,4,4,1,0,0,0,1.7972107910379516,3.3333333333333335,0,714.6363636363636
36,2,1278,0,8,3,1,1,1,77,2,1,1,1,1,2342,8635,0,0,21,4,3,0,6,3,3,5,4,0,3,0.6026762738033968,1.6666666666666667,0,334.57142857142856
29,1,1413,2,1,1,3,2,0,42,3,3,7,4,1,7918,6599,1,0,14,3,4,1,11,5,3,11,10,4,1,1.3759666348075419,3.3333333333333335,0,659.8333333333334
33,2,461,1,13,1,1,2,0,53,3,1,6,4,2,3452,17241,3,0,18,3,1,0,5,4,3,3,2,0,2,0.7892089620484682,2.3333333333333335,0,575.3333333333334
29,2,986,1,3,4,3,2,1,93,2,3,5,3,1,11935,21526,1,0,18,3,3,0,10,2,3,10,2,0,7,2.728623685413809,2.6666666666666665,0,1085.0
37,2,807,0,6,4,0,3,1,63,3,1,1,1,0,2073,23648,4,1,22,4,4,0,7,3,3,3,2,0,2,0.5334534225424601,2.6666666666666665,0,259.125
38,2,343,1,15,2,1,3,1,92,2,3,5,4,0,11510,15682,0,1,14,3,2,1,12,3,3,11,10,2,9,2.6314586191129403,3.0,0,885.3846153846154
45,0,1238,1,1,1,1,3,1,74,2,3,0,3,1,10748,3395,3,0,23,4,4,1,25,3,2,23,15,14,4,2.4572473708276177,3.3333333333333335,1,413.38461538461536
24,0,1092,1,9,3,1,3,1,60,2,1,2,2,0,2694,26551,1,0,11,3,3,3,1,4,3,1,0,0,0,0.6159122085048011,2.6666666666666665,0,1347.0
36,2,938,1,2,4,3,3,1,79,3,1,2,3,2,2519,12287,4,0,21,4,3,0,16,6,3,11,8,3,9,0.5759030635573845,3.0,0,148.1764705882353
24,0,673,1,11,2,4,1,0,96,4,2,4,3,0,4011,8232,0,0,18,3,4,1,5,5,2,4,2,1,3,0.9170096021947873,2.6666666666666665,1,668.5
35,2,607,1,9,3,1,4,0,66,2,3,4,3,1,10685,23457,1,1,20,4,2,1,17,2,3,17,14,5,15,2.442844078646548,3.0,0,593.6111111111111
52,1,890,1,25,4,3,3,0,81,2,4,4,4,1,13826,19028,3,0,22,4,3,0,31,3,3,9,8,0,0,3.1609510745313214,3.3333333333333335,0,432.0625
54,2,376,1,19,4,3,4,0,95,3,2,4,1,0,5485,22670,9,1,11,3,2,2,9,4,3,5,3,1,4,1.2540009144947417,2.3333333333333335,0,548.5
45,2,1339,1,7,3,1,2,1,59,3,3,6,1,0,9724,18787,2,0,17,3,3,1,25,2,3,1,0,0,0,2.2231367169638774,2.0,0,374.0
39,2,1387,1,10,5,3,2,1,76,3,2,4,1,1,5377,3835,2,0,13,3,4,3,10,3,3,7,7,7,7,1.2293095564700502,2.3333333333333335,0,488.8181818181818
45,2,561,2,2,3,4,4,1,61,3,2,7,2,1,4805,16177,0,0,19,3,2,1,9,3,4,8,7,3,7,0.8349986966721696,2.6666666666666665,0,480.5
35,1,130,1,25,4,1,4,0,96,3,1,6,2,0,2022,16612,1,1,19,3,1,1,10,3,2,10,2,7,8,0.46227709190672156,2.3333333333333335,1,183.8181818181818
39,2,117,1,10,1,3,3,1,99,3,4,3,1,1,17068,5355,1,1,14,3,4,0,21,3,3,21,9,11,10,3.9021490626428896,2.6666666666666665,0,775.8181818181819
34,2,254,1,1,2,1,2,1,83,2,1,6,4,1,3622,22794,1,1,13,3,4,1,6,3,3,6,5,1,3,0.8280749885688158,3.3333333333333335,0,517.4285714285714
45,0,1052,2,6,3,3,4,0,57,2,3,7,4,2,8865,16840,6,0,12,3,4,0,23,2,3,19,7,12,8,1.5405334955252412,4.0,0,369.375
25,2,309,0,2,3,0,3,0,82,3,1,1,2,1,2187,19655,4,0,14,3,3,0,6,3,3,2,0,1,2,0.5627895007720021,2.6666666666666665,0,312.42857142857144
37,0,728,1,1,4,3,1,0,80,3,3,5,4,0,13603,11677,2,1,18,3,1,2,15,2,3,5,2,0,2,3.1099679926840422,2.0,0,850.1875
22,2,1294,1,8,1,3,3,0,79,3,1,2,1,1,2398,15999,1,1,17,3,3,0,1,6,3,1,0,0,0,0.5482395976223137,2.3333333333333335,0,1199.0
45,2,1015,1,5,5,3,3,0,50,1,2,2,1,2,5769,23447,1,1,14,3,1,0,10,3,3,10,7,1,4,1.3189300411522633,1.6666666666666667,0,524.4545454545455
42,1,288,1,2,3,1,4,1,40,3,3,0,4,1,10124,18611,2,1,14,3,3,1,24,3,1,20,8,13,9,2.314586191129401,3.6666666666666665,1,404.96
34,2,629,1,27,2,3,4,0,95,3,1,6,2,2,2311,5711,2,0,15,3,4,0,9,3,3,3,2,1,2,0.5283493369913123,3.3333333333333335,0,231.1
34,2,167,1,8,5,1,2,0,32,3,2,4,1,0,5121,4187,3,0,14,3,3,1,7,3,3,0,0,0,0,1.1707818930041152,2.0,0,640.125
49,2,809,1,1,3,1,3,1,36,3,4,3,3,2,15379,22384,4,0,14,3,1,0,23,2,3,8,7,0,0,3.5160036579789664,2.3333333333333335,0,640.7916666666666
36,2,1223,1,8,3,5,3,0,59,3,3,0,3,0,10096,8202,1,0,13,3,2,3,17,2,3,17,14,12,8,2.3081847279378143,2.6666666666666665,0,560.8888888888889
29,2,665,1,15,3,1,3,1,60,3,1,6,4,2,2340,22673,1,0,19,3,1,0,6,1,3,6,5,1,5,0.5349794238683128,2.6666666666666665,0,334.2857142857143
27,2,199,1,6,3,1,4,1,55,2,1,6,3,1,2539,7950,1,0,13,3,3,1,4,0,3,4,2,2,2,0.5804755372656607,3.3333333333333335,0,507.8
36,1,1213,0,2,1,0,2,1,94,2,2,1,4,2,3886,4223,1,0,21,4,4,0,10,2,2,10,1,0,8,1.0,3.3333333333333335,1,353.27272727272725
35,2,660,2,7,1,1,4,1,76,3,1,8,3,1,2404,16192,1,0,13,3,1,1,1,3,3,1,0,0,0,0.41776001390216355,2.6666666666666665,0,1202.0
43,1,313,1,21,3,3,4,1,61,3,1,2,4,1,2258,15238,7,0,20,4,1,1,8,1,3,3,2,1,2,0.5162322816643804,3.0,0,250.88888888888889
35,2,992,1,1,3,3,4,1,68,2,1,2,1,2,2450,21731,1,0,19,3,2,0,3,3,3,3,0,1,2,0.5601280292638318,2.3333333333333335,0,612.5
53,1,124,2,2,3,2,3,0,38,2,3,7,2,1,7525,23537,2,0,12,3,1,1,30,2,3,15,7,6,12,1.307672256494917,2.0,0,242.74193548387098
31,2,525,2,6,4,3,1,1,66,4,2,7,4,0,5460,6219,4,0,22,4,4,2,13,4,4,7,7,5,7,0.9488226605265444,3.0,0,390.0
50,1,333,1,22,5,3,3,1,88,1,4,5,4,2,14411,24450,1,1,13,3,4,0,32,2,3,32,6,13,9,3.2946959304983996,3.6666666666666665,0,436.6969696969697
25,2,949,1,1,3,5,1,1,81,3,1,2,4,1,3229,4910,4,0,11,3,2,1,7,2,2,3,2,0,2,0.7382258802011888,2.3333333333333335,1,403.625
39,2,613,1,6,1,3,4,1,42,2,3,0,1,1,9991,21457,4,0,15,3,1,1,9,5,3,7,7,1,7,2.2841792409693644,2.0,0,999.1
34,2,419,1,7,4,1,1,0,53,3,3,5,2,2,11994,21293,0,0,11,3,3,0,13,4,3,12,6,2,11,2.7421124828532237,2.0,0,856.7142857142857
35,2,950,1,7,3,4,3,1,59,3,3,4,3,2,10221,18869,3,0,21,4,2,0,17,3,4,8,5,1,6,2.3367626886145403,2.6666666666666665,0,567.8333333333334
20,2,805,1,3,3,1,1,1,87,2,1,2,3,2,3033,12828,1,0,12,3,1,0,2,2,2,2,2,1,2,0.6934156378600823,1.6666666666666667,1,1011.0
27,2,591,1,2,1,3,1,1,40,3,1,2,2,1,3468,16632,9,0,12,3,4,1,6,3,3,2,2,2,2,0.7928669410150891,2.3333333333333335,0,495.42857142857144
27,2,1377,2,2,3,1,4,1,74,3,2,7,3,2,4478,5242,1,1,11,3,1,0,5,3,3,5,4,0,4,0.7781736032670085,2.6666666666666665,0,746.3333333333334
52,2,1053,1,1,2,1,4,1,70,3,4,3,4,1,17099,13829,2,0,15,3,2,1,26,2,2,9,8,7,8,3.909236396890718,3.3333333333333335,1,633.2962962962963
32,1,116,1,13,3,4,3,0,77,2,1,2,2,1,2743,7331,1,0,20,4,3,1,2,2,3,2,2,2,2,0.6271147690900777,2.6666666666666665,0,914.3333333333334
50,2,1099,1,29,4,1,2,1,88,2,4,3,3,1,17046,9314,0,0,15,3,2,1,28,2,3,27,10,15,7,3.897119341563786,2.3333333333333335,0,587.7931034482758
49,1,636,1,10,4,1,3,0,35,3,5,5,1,2,18665,25594,9,1,11,3,4,0,22,4,3,3,2,1,2,4.267261088248743,2.6666666666666665,0,811.5217391304348
32,2,374,1,25,4,1,1,1,87,3,1,2,4,2,2795,18016,1,1,24,4,3,0,1,2,1,1,0,0,1,0.6390032007315958,2.6666666666666665,1,1397.5
34,1,135,1,19,3,3,3,0,46,3,2,2,2,0,4444,22534,4,0,13,3,3,2,15,2,4,11,8,5,10,1.0160036579789666,2.6666666666666665,0,277.75
36,2,922,1,3,2,1,1,0,39,3,1,2,4,0,2835,2561,5,0,22,4,1,1,7,2,3,1,0,0,0,0.6481481481481481,2.0,0,354.375
52,2,994,1,7,4,1,2,1,87,3,3,0,2,2,10445,15322,7,0,19,3,4,0,18,4,3,8,6,4,0,2.387974394147234,2.6666666666666665,0,549.7368421052631
30,2,1427,1,2,1,3,2,1,35,2,1,2,4,2,2720,11162,0,0,13,3,4,0,6,3,3,5,3,1,2,0.6218564243255601,3.3333333333333335,0,388.57142857142856
58,0,350,2,2,3,3,2,1,52,3,4,3,2,0,16291,22577,4,0,22,4,4,1,37,0,2,16,9,14,14,2.8310018246589626,2.6666666666666665,1,428.7105263157895
42,1,570,1,8,3,1,2,1,66,3,5,3,4,0,18430,16225,1,0,13,3,2,1,24,4,2,24,7,14,9,4.213534522176498,2.6666666666666665,1,737.2
49,2,1313,2,11,4,2,4,0,80,3,2,7,4,2,4507,8191,3,0,12,3,3,0,8,1,4,5,1,0,4,0.7832131375445304,3.6666666666666665,0,500.77777777777777
43,2,415,2,25,3,3,3,1,79,2,3,7,4,0,10798,5268,5,0,13,3,3,1,18,5,3,1,0,0,0,1.8764445216786863,3.3333333333333335,0,568.3157894736842
40,2,896,1,2,3,3,3,1,68,3,1,6,3,0,2345,8045,2,0,14,3,3,1,8,3,4,3,1,1,2,0.5361225422953818,3.0,0,260.55555555555554
55,2,452,1,1,3,3,4,1,81,3,5,3,1,2,19045,18938,0,1,14,3,3,0,37,2,3,36,10,4,13,4.35413808870599,2.6666666666666665,0,501.1842105263158
32,1,1311,1,7,3,1,2,1,100,4,1,2,2,1,2794,26062,1,0,20,4,3,0,5,3,1,5,1,0,3,0.638774577046182,2.3333333333333335,1,465.6666666666667
55,0,444,1,2,1,3,3,1,40,2,4,3,1,2,16756,17323,7,0,15,3,2,0,31,3,4,9,7,6,2,3.8308184727937813,2.0,0,523.625
31,2,192,1,2,4,1,3,1,32,3,1,6,4,0,2695,7747,0,1,18,3,2,1,3,2,1,2,2,2,2,0.6161408321902149,3.0,1,673.75
43,2,990,1,27,3,5,4,1,87,4,1,2,2,0,4876,5855,5,0,12,3,3,1,8,0,3,6,4,0,2,1.114769090077732,3.0,0,541.7777777777778
34,2,404,1,2,4,5,3,0,98,3,2,0,4,2,6687,6163,1,0,11,3,4,0,14,2,4,14,11,4,11,1.52880658436214,3.6666666666666665,0,445.8
40,2,804,1,2,1,3,4,0,86,2,1,6,4,2,2342,22929,0,1,20,4,4,0,5,2,2,4,2,2,3,0.5354366712391404,4.0,1,390.3333333333333
42,0,335,1,23,2,1,4,1,37,2,2,6,3,2,4332,14811,1,0,12,3,4,0,20,2,3,20,9,3,7,0.99039780521262,3.6666666666666665,0,206.28571428571428
28,2,580,1,27,3,3,2,0,39,1,2,4,1,0,4877,20460,0,0,21,4,2,1,6,5,2,5,3,0,0,1.114997713763146,1.6666666666666667,1,696.7142857142857
40,1,720,1,16,4,3,1,1,51,2,2,2,3,2,5094,11983,6,0,14,3,4,0,10,6,3,1,0,0,0,1.1646090534979423,2.6666666666666665,0,463.09090909090907
35,2,1343,1,27,1,3,3,0,53,2,1,6,1,2,2559,17852,1,0,11,3,4,0,6,3,2,6,5,1,1,0.5850480109739369,2.6666666666666665,1,365.57142857142856
32,2,1089,1,7,2,1,4,1,79,3,2,2,3,1,4883,22845,1,0,18,3,1,1,10,3,3,10,4,1,1,1.1163694558756287,2.6666666666666665,0,443.90909090909093
34,2,1153,1,1,2,3,1,1,94,3,2,4,2,1,4325,17736,1,0,15,3,3,0,5,2,3,5,2,1,3,0.9887974394147233,2.0,0,720.8333333333334
35,2,104,1,2,3,1,1,0,69,3,1,2,1,0,2074,26619,1,1,12,3,4,1,1,2,3,1,0,0,0,0.4741655235482396,2.0,0,1037.0
20,2,1141,2,2,3,3,3,0,31,3,1,8,3,2,2783,13251,1,0,19,3,1,0,2,3,3,2,2,2,2,0.4836215135980537,2.3333333333333335,0,927.6666666666666
52,2,1490,1,4,2,1,4,0,30,3,4,3,4,1,16555,10310,2,0,13,3,4,0,31,2,1,5,2,1,4,3.784865112025606,4.0,1,517.34375
49,2,271,1,3,2,3,3,0,43,2,2,2,1,1,4789,23070,4,0,25,4,1,1,10,3,3,3,2,1,2,1.0948788294467307,1.6666666666666667,0,435.3636363636364
44,0,981,1,5,3,1,3,1,90,2,1,2,3,2,3162,7973,3,0,14,3,4,0,7,5,3,5,2,0,3,0.7229080932784636,3.3333333333333335,0,395.25
36,0,1229,2,8,4,5,1,1,84,3,2,7,4,0,5079,25952,4,0,13,3,4,2,12,3,3,7,7,0,7,0.8826136067425493,3.0,0,390.6923076923077
32,2,634,1,5,4,4,2,0,35,4,1,6,4,1,3312,18783,3,0,17,3,4,2,6,3,3,3,2,0,2,0.757201646090535,3.3333333333333335,0,473.14285714285717
22,2,581,1,1,2,1,4,1,63,3,1,6,3,2,3375,17624,0,0,12,3,4,0,4,2,4,3,2,1,2,0.7716049382716049,3.6666666666666665,0,675.0
37,2,367,1,25,2,3,3,0,52,2,2,0,4,0,5731,17171,7,0,13,3,3,2,9,2,3,6,2,1,3,1.3102423411065387,3.3333333333333335,0,573.1
30,0,1116,1,2,3,3,3,0,49,3,1,2,4,2,2564,7181,0,0,14,3,3,0,12,2,2,11,7,6,7,0.5861911294010059,3.3333333333333335,1,197.23076923076923
33,2,589,1,28,4,1,2,1,79,3,2,2,3,1,5207,22949,1,1,12,3,2,1,15,3,3,15,14,5,7,1.1904435299497027,2.3333333333333335,0,325.4375
41,2,337,2,8,3,2,3,0,54,3,2,7,2,1,4393,26841,5,0,21,4,3,1,14,3,3,5,4,1,4,0.7634025545225476,2.6666666666666665,0,292.8666666666667
41,2,582,1,28,4,1,1,0,60,2,4,4,2,1,13570,5640,0,0,23,4,3,1,21,3,3,20,7,0,10,3.1024234110653865,2.0,0,616.8181818181819
29,1,490,1,10,3,1,4,0,61,3,1,6,2,0,3291,17940,0,0,14,3,4,2,8,2,2,7,5,1,1,0.752400548696845,3.3333333333333335,1,365.6666666666667
51,2,1178,2,14,2,1,3,0,87,3,2,7,4,1,4936,14862,4,0,11,3,3,1,18,2,2,7,7,0,7,0.8577634894430446,3.3333333333333335,1,259.7894736842105
53,2,1168,2,24,4,1,1,1,66,3,3,7,1,2,10448,5843,6,1,13,3,2,0,15,2,2,2,2,2,2,1.815622556260318,1.3333333333333333,1,653.0
43,2,177,1,8,3,1,1,0,55,3,2,4,2,0,4765,23814,4,0,21,4,3,1,4,2,4,1,0,0,0,1.0893918609967992,2.0,0,953.0
29,1,746,2,24,3,5,3,1,45,4,1,8,1,2,1091,10642,1,0,17,3,4,0,1,3,3,1,0,0,0,0.18959075506125642,2.6666666666666665,0,545.5
32,1,430,1,24,4,1,1,1,80,3,2,2,4,1,5309,21146,1,0,15,3,4,2,10,2,3,10,8,4,7,1.2137631458619114,3.0,0,482.6363636363636
28,2,1434,1,5,4,5,3,1,50,3,1,2,3,2,3441,11179,1,1,13,3,3,0,2,3,2,2,2,2,2,0.7866941015089163,3.0,1,1147.0
27,2,135,1,17,4,1,4,0,51,3,1,6,3,2,2394,25681,1,1,13,3,4,0,8,2,3,8,2,7,7,0.5473251028806584,3.6666666666666665,0,266.0
35,1,944,2,1,3,2,3,0,92,3,3,7,3,2,8789,9096,1,0,14,3,1,0,10,3,4,10,7,0,8,1.5273264401772526,2.3333333333333335,0,799.0
42,2,932,1,1,2,1,4,0,43,2,2,4,4,1,6062,4051,9,1,13,3,4,1,8,4,3,4,3,0,2,1.3859167809785093,4.0,0,673.5555555555555
34,2,1354,1,5,3,3,3,0,45,2,3,3,1,2,11631,5615,2,0,12,3,4,0,14,6,3,11,10,5,8,2.659122085048011,2.6666666666666665,0,775.4
25,2,141,2,3,1,4,3,1,98,3,2,7,1,1,4194,14363,1,1,18,3,4,0,5,3,3,5,3,0,3,0.7288209227561039,2.6666666666666665,0,699.0
34,2,1346,1,19,2,3,2,1,93,3,1,2,4,0,2661,8758,0,0,11,3,3,1,3,2,3,2,2,1,2,0.6083676268861454,3.0,0,665.25
27,2,798,1,6,4,3,1,0,66,2,1,6,3,0,2187,5013,0,0,12,3,3,2,6,5,2,5,3,0,3,0.5,2.3333333333333335,1,312.42857142857144
34,1,234,1,9,4,1,4,1,93,3,2,2,1,1,5346,6208,4,0,17,3,3,1,11,3,2,7,1,0,7,1.2222222222222223,2.6666666666666665,1,445.5
33,2,813,1,14,3,3,3,1,58,3,1,2,4,1,2436,22149,5,1,13,3,3,1,8,2,1,5,4,0,4,0.5569272976680384,3.3333333333333335,1,270.6666666666667
27,2,1302,1,19,3,4,4,1,67,2,1,2,1,0,4066,16290,1,0,11,3,1,2,7,3,3,7,7,0,7,0.9295839048925468,2.0,0,508.25
35,2,982,1,1,4,3,4,1,58,2,1,2,3,1,2258,16340,6,0,12,3,2,1,10,2,3,8,0,1,7,0.5162322816643804,3.0,0,205.27272727272728
35,2,662,2,1,5,2,3,1,94,3,3,7,2,1,7295,11439,1,0,13,3,1,2,10,3,3,10,8,0,6,1.2677035363628464,2.0,0,663.1818181818181
23,2,977,1,10,3,5,4,1,45,4,1,6,3,1,2073,12826,2,0,16,3,4,1,4,2,3,2,2,2,2,0.4739368998628258,3.6666666666666665,0,414.6
45,2,538,1,1,4,5,1,1,66,3,3,0,2,0,7441,20933,1,0,12,3,1,3,10,4,3,10,8,7,7,1.7011888431641518,1.3333333333333333,0,676.4545454545455
31,1,307,1,29,2,3,3,1,71,2,1,2,2,2,3479,11652,0,0,11,3,2,0,6,2,4,5,4,1,4,0.7953818015546411,2.3333333333333335,0,497.0
47,0,1162,1,1,1,3,3,0,98,3,3,5,2,1,11957,17231,0,0,18,3,1,2,14,3,1,13,8,5,12,2.7336534064929126,2.0,1,797.1333333333333
46,2,488,2,2,3,5,3,0,75,1,4,3,2,1,16872,14977,3,1,12,3,2,1,28,2,2,7,7,7,7,2.931966287253454,2.3333333333333335,1,581.7931034482758
42,2,916,1,17,2,1,4,0,82,4,2,6,1,2,6545,23016,3,1,13,3,3,0,10,1,3,3,2,0,2,1.496342021033379,2.6666666666666665,0,595.0
35,1,662,2,18,4,2,4,0,67,3,2,7,3,1,4614,23288,0,1,18,3,3,1,5,0,2,4,2,3,2,0.8018072812581458,3.3333333333333335,1,769.0
55,2,1311,1,2,3,1,3,0,97,3,4,3,4,2,16659,23258,2,1,13,3,3,0,30,2,3,5,4,1,2,3.808641975308642,3.3333333333333335,0,537.3870967741935
34,1,648,0,11,3,1,3,1,56,2,2,1,2,1,4490,21833,4,0,11,3,4,2,14,5,4,10,9,1,8,1.1554297478126607,3.0,0,299.3333333333333
45,2,193,1,6,4,4,4,1,52,3,3,5,1,1,13245,15067,4,1,14,3,2,0,17,3,4,0,0,0,0,3.0281207133058983,2.3333333333333335,0,735.8333333333334
32,0,1146,1,15,4,3,3,0,34,3,2,0,4,0,6667,16542,5,0,18,3,2,1,9,6,3,5,1,1,2,1.5242341106538637,3.0,0,666.7
51,2,770,0,5,3,1,3,1,84,3,4,3,2,0,14026,17588,1,1,11,3,2,1,33,2,3,33,9,0,10,3.609366958311889,2.3333333333333335,0,412.52941176470586
30,0,1400,1,3,3,1,3,1,53,3,1,2,4,1,2097,16734,4,0,15,3,3,1,9,3,1,5,3,1,4,0.4794238683127572,3.3333333333333335,1,209.7
37,0,1252,2,19,2,3,1,1,32,3,3,7,2,2,7642,4814,1,1,13,3,4,0,10,2,3,10,0,0,9,1.3280041706490573,2.3333333333333335,0,694.7272727272727
34,1,1003,1,2,2,1,4,1,95,3,2,4,3,2,4033,15834,2,0,11,3,4,0,5,3,2,3,2,0,2,0.9220393232738912,3.6666666666666665,1,672.1666666666666
54,2,157,1,10,3,3,3,0,77,3,2,4,1,2,4440,25198,6,1,19,3,4,0,9,3,3,5,2,1,4,1.0150891632373114,2.6666666666666665,0,444.0
49,1,1475,1,28,2,1,1,1,97,2,2,2,1,2,4284,22710,3,0,20,4,1,0,20,2,3,4,3,1,3,0.9794238683127572,1.0,0,204.0
28,1,773,1,6,3,1,3,1,39,2,1,6,3,0,2703,22088,1,1,14,3,4,1,3,2,3,3,1,0,2,0.6179698216735254,3.3333333333333335,0,675.75
38,2,437,2,16,3,1,2,0,90,3,2,7,2,2,4198,16379,2,0,12,3,2,0,8,5,4,3,2,1,2,0.7295160309323139,2.0,0,466.44444444444446
26,2,1357,1,25,3,1,1,1,48,1,1,2,3,2,2293,10558,1,0,12,3,3,0,1,2,2,1,0,0,1,0.5242341106538637,2.3333333333333335,1,1146.5
26,0,786,1,7,3,3,4,1,76,3,1,2,4,2,2570,11925,1,0,20,4,3,0,7,5,3,7,7,5,7,0.5875628715134888,3.6666666666666665,0,321.25
31,1,561,1,3,3,1,4,0,33,3,1,6,3,2,4084,4156,1,0,12,3,1,0,7,2,1,7,2,7,7,0.9336991312299955,2.6666666666666665,1,510.5
32,2,495,1,10,3,3,3,1,64,3,3,3,4,2,11244,21072,2,0,25,4,2,0,10,5,4,5,2,0,0,2.570644718792867,3.0,0,1022.1818181818181
40,2,759,2,2,2,2,4,0,46,3,2,7,2,0,5715,22553,7,0,12,3,3,2,8,5,3,5,4,1,3,0.993135806759927,3.0,0,635.0
58,2,848,1,23,4,1,1,1,88,3,1,6,3,0,2372,26076,1,0,12,3,4,2,2,3,3,2,2,2,2,0.5422953818015547,2.6666666666666665,0,790.6666666666666
42,2,810,1,23,5,1,1,0,44,3,4,5,4,2,15992,15901,2,0,14,3,2,0,16,2,3,1,0,0,0,3.6561499771376313,2.3333333333333335,0,940.7058823529412
34,2,1107,0,9,4,5,1,0,52,3,1,1,3,1,2742,3072,1,0,15,3,4,0,2,0,3,2,2,2,2,0.705609881626351,2.6666666666666665,0,914.0
40,2,630,2,4,4,2,3,1,67,2,3,7,4,1,10855,8552,7,0,11,3,1,1,15,2,2,12,11,2,11,1.8863498131896776,2.6666666666666665,1,678.4375
34,2,511,2,3,2,1,4,0,32,1,2,7,4,2,6029,25353,5,0,12,3,1,0,6,3,3,2,2,2,2,1.047701798592406,3.0,0,861.2857142857143
28,0,280,0,1,2,1,3,1,43,3,1,1,4,0,2706,10494,1,0,15,3,2,1,3,2,3,3,2,2,2,0.6963458569222851,3.0,0,676.5
40,1,530,1,1,4,1,3,1,78,2,4,0,2,1,13503,14115,1,0,22,4,4,1,22,3,2,22,3,11,11,3.0871056241426613,3.0,1,587.0869565217391
32,2,588,2,8,2,5,3,0,65,2,2,7,2,1,5228,24624,1,1,11,3,4,0,13,2,3,13,12,11,9,0.9085063863063689,3.0,0,373.42857142857144
48,2,1236,1,1,4,1,4,0,40,2,4,3,1,1,15402,17997,7,0,11,3,1,1,21,3,1,3,2,0,2,3.521262002743484,2.0,1,700.0909090909091
36,1,607,2,7,3,2,1,0,83,4,2,7,1,1,4639,2261,2,0,16,3,4,1,17,2,2,15,7,6,13,0.8061517073594578,2.0,1,257.72222222222223
42,0,926,1,21,2,3,3,0,36,3,2,4,3,0,5265,16439,2,0,16,3,2,1,11,5,3,5,3,0,2,1.2037037037037037,2.6666666666666665,0,438.75
58,1,781,1,2,1,1,4,1,57,2,1,2,4,0,2380,13384,9,1,14,3,4,1,3,3,2,1,0,0,0,0.5441243712848651,4.0,1,595.0
34,0,1381,2,4,4,2,3,0,72,3,2,7,3,1,6538,12740,9,0,15,3,1,1,6,3,3,3,2,1,2,1.1361543140151187,2.3333333333333335,0,934.0
34,2,1157,1,5,2,3,2,1,57,2,2,2,4,1,3986,11912,1,0,14,3,3,1,15,3,4,15,10,4,13,0.9112940100594421,3.0,0,249.125
41,2,642,1,1,3,1,4,1,76,3,1,6,4,1,2782,21412,3,0,22,4,1,1,12,3,3,5,3,1,0,0.6360310928212163,3.0,0,214.0
35,2,735,1,6,1,1,3,1,66,3,1,6,3,1,3506,6020,0,1,14,3,4,0,4,3,3,3,2,2,2,0.8015546410608139,3.3333333333333335,0,701.2
30,2,1275,1,28,2,3,4,0,64,3,2,6,4,1,5775,11934,1,0,13,3,4,2,11,2,3,10,8,1,9,1.3203017832647461,4.0,0,481.25
26,2,652,1,7,3,4,3,1,100,4,1,2,1,2,3578,23577,0,0,12,3,4,0,8,2,3,7,7,0,7,0.8180155464106081,2.6666666666666665,0,397.55555555555554
29,2,1107,1,28,4,1,3,0,93,3,1,6,4,0,2514,26968,4,0,22,4,1,1,11,1,3,7,5,1,7,0.5747599451303155,2.6666666666666665,0,209.5
41,2,509,1,7,2,5,2,0,43,4,1,6,3,1,3376,18863,1,0,13,3,3,0,10,3,3,10,6,0,8,0.7718335619570188,2.6666666666666665,0,306.90909090909093
55,2,836,1,2,4,5,2,1,98,2,1,6,4,1,2662,7975,8,0,20,4,2,1,19,2,4,5,2,0,4,0.6085962505715592,2.6666666666666665,0,133.1
54,2,821,1,5,2,3,1,1,86,3,5,5,1,1,19406,8509,4,0,11,3,3,1,24,4,2,4,2,1,2,4.436671239140375,1.6666666666666667,1,776.24
39,2,466,1,1,1,1,4,0,65,2,4,4,4,1,12742,7060,1,0,16,3,3,1,21,3,3,21,6,11,8,2.9131229995427526,3.6666666666666665,0,579.1818181818181
31,1,523,1,2,3,1,2,1,94,3,1,2,4,1,3722,21081,6,1,13,3,3,1,7,2,1,2,2,2,2,0.8509373571101966,3.0,1,465.25
44,2,921,1,2,3,1,3,0,96,4,3,0,4,1,7879,14810,1,1,19,3,2,1,9,2,3,8,7,6,7,1.8013260173754,3.0,0,787.9
36,2,530,2,3,1,1,3,1,51,2,3,7,4,1,10325,5518,1,1,11,3,1,1,16,6,3,16,7,3,7,1.794247979841863,2.6666666666666665,0,607.3529411764706
29,2,1401,1,6,1,3,2,0,54,3,1,2,4,1,3131,26342,1,0,13,3,1,1,10,5,3,10,8,0,8,0.7158207590306356,2.3333333333333335,0,284.6363636363636
41,2,802,2,9,1,1,3,1,96,3,3,7,3,0,8189,21196,3,1,13,3,3,1,12,2,3,9,7,0,7,1.4230602137457642,3.0,0,629.9230769230769
52,2,956,1,6,2,5,4,1,78,3,2,6,1,0,5577,22087,3,1,12,3,2,2,18,3,3,10,9,6,9,1.275034293552812,2.3333333333333335,0,293.5263157894737
28,2,103,1,24,3,1,3,1,50,2,1,2,3,2,2028,12947,5,1,14,3,2,0,6,4,3,4,2,0,3,0.46364883401920437,2.6666666666666665,0,289.7142857142857
40,2,676,1,9,4,1,4,1,86,3,1,2,1,2,2018,21831,3,0,14,3,2,0,15,3,1,5,4,1,0,0.4613625971650663,2.3333333333333335,1,126.125
59,2,1435,2,25,3,1,1,0,99,3,3,7,1,2,7637,2354,7,0,11,3,4,0,28,3,2,21,16,7,9,1.3271352854287948,2.0,1,263.3448275862069
45,2,192,1,10,2,1,1,1,69,3,1,6,4,1,2654,9655,3,0,21,4,4,2,8,3,2,2,2,0,2,0.6067672610882487,3.0,1,294.8888888888889
53,2,1436,2,6,2,2,2,1,34,3,2,8,3,1,2306,16047,2,1,20,4,4,1,13,3,1,7,7,4,5,0.40072986358502044,3.0,1,164.71428571428572
46,2,377,2,9,3,2,1,1,52,3,3,7,4,0,10096,15986,4,0,11,3,1,1,28,1,4,7,7,4,3,1.754453036753845,2.0,0,348.13793103448273
40,2,1171,1,10,4,1,4,0,46,4,1,2,3,1,2213,22495,3,1,13,3,3,1,10,3,3,7,7,1,7,0.505944215820759,3.3333333333333335,0,201.1818181818182
31,2,182,1,8,5,1,1,0,93,3,4,5,2,2,16422,8847,3,0,11,3,3,0,9,3,4,3,2,1,0,3.7544581618655695,2.0,0,1642.2
42,1,555,2,26,3,2,3,0,77,3,4,7,2,1,13525,14864,5,0,14,3,4,1,23,2,4,20,4,4,8,2.350334520809801,3.0,0,563.5416666666666
60,2,696,2,7,4,2,2,1,52,4,2,7,4,0,5220,10893,0,1,18,3,2,1,12,3,3,11,7,1,9,0.9071161699539491,2.6666666666666665,0,401.53846153846155
40,2,1124,2,1,2,3,2,1,57,1,2,7,4,1,7457,13273,2,1,22,4,3,3,6,2,2,4,3,0,2,1.2958554174993484,3.0,1,1065.2857142857142
19,2,1181,1,3,1,3,2,0,79,3,1,2,2,2,1483,16102,1,0,14,3,4,0,1,3,3,1,0,0,0,0.33904892546867854,2.6666666666666665,0,741.5
26,2,1349,1,23,3,1,1,0,90,3,1,6,4,0,2886,3032,1,0,22,4,2,2,3,3,1,3,2,0,2,0.6598079561042524,2.3333333333333335,1,721.5
45,0,805,1,4,2,1,3,1,57,3,2,2,2,1,4447,23163,1,0,12,3,2,0,9,5,2,9,7,0,8,1.016689529035208,2.3333333333333335,1,444.7
50,2,1207,1,28,1,3,4,1,74,4,1,2,3,1,3221,3297,1,1,11,3,3,3,20,3,3,20,8,3,8,0.7363968907178784,3.3333333333333335,0,153.38095238095238
29,1,115,2,13,3,5,1,0,51,3,2,7,2,2,5765,17485,5,0,11,3,1,0,7,4,1,5,3,0,0,1.001824658962551,1.3333333333333333,1,720.625
28,2,1476,1,16,2,3,2,1,68,4,2,0,1,2,5661,4824,0,0,19,3,3,0,9,2,3,8,3,0,7,1.294238683127572,2.0,0,566.1
40,1,902,1,26,2,3,3,0,92,2,2,6,4,1,4422,21203,3,1,13,3,4,1,16,3,1,1,1,0,0,1.010973936899863,3.6666666666666665,1,260.11764705882354
32,0,1184,1,1,3,1,3,0,70,2,1,2,2,1,2332,3974,6,0,20,4,3,0,5,3,3,3,0,0,2,0.5331504343850023,2.6666666666666665,0,388.6666666666667
59,2,1089,2,1,2,5,2,1,66,3,3,3,4,1,11904,11038,3,1,14,3,3,1,14,1,1,6,4,0,4,2.06864193240073,3.0,1,793.6
32,2,1373,1,5,4,1,4,1,56,2,2,4,4,2,9679,10138,8,0,24,4,2,0,8,1,3,1,0,0,0,2.212848651120256,3.3333333333333335,0,1075.4444444444443
40,2,300,2,26,3,2,3,1,74,3,2,7,1,1,8396,22217,1,0,14,3,2,1,8,3,2,7,7,7,5,1.4590320618646277,2.0,1,932.8888888888889
33,0,775,1,4,3,5,4,1,90,3,2,6,2,0,3055,6194,5,0,15,3,4,2,11,2,2,9,8,1,7,0.6984453589391861,3.3333333333333335,1,254.58333333333334
36,0,635,2,10,4,3,2,1,32,3,3,7,4,2,9980,15318,1,0,14,3,4,0,10,3,2,10,3,9,7,1.734294899643757,3.3333333333333335,1,907.2727272727273
19,2,645,1,9,2,1,3,1,54,3,1,6,1,2,2552,7172,1,0,25,4,3,0,1,4,3,1,1,0,0,0.5834476451760402,2.3333333333333335,0,1276.0
37,2,1470,1,10,3,3,2,0,71,3,1,6,2,1,3936,9953,1,0,11,3,1,1,8,2,1,8,4,7,7,0.8998628257887518,1.6666666666666667,1,437.3333333333333
39,2,412,1,13,4,3,3,0,94,2,4,3,2,0,17123,17334,6,1,13,3,4,2,21,4,3,19,9,15,2,3.9147233653406492,3.0,0,778.3181818181819
33,1,553,1,5,4,1,4,0,74,3,3,3,2,1,11878,23364,6,0,11,3,2,2,12,2,3,10,6,8,8,2.7155921353452217,2.6666666666666665,0,913.6923076923077
30,2,855,2,7,4,2,4,0,73,3,2,7,1,0,4779,12761,7,0,14,3,2,2,8,3,3,3,2,0,2,0.8304804935268051,2.3333333333333335,0,531.0
31,2,202,1,8,3,1,1,0,34,2,1,6,2,2,1261,22262,1,0,12,3,3,0,1,3,4,1,0,0,0,0.28829446730681296,2.0,0,630.5
26,1,921,1,1,1,3,1,0,66,2,1,6,3,0,2007,25265,1,0,13,3,3,2,5,5,3,5,3,1,3,0.4588477366255144,2.3333333333333335,0,334.5
40,2,1194,1,2,4,3,3,0,98,3,1,6,3,1,2001,12549,2,0,14,3,2,3,20,2,3,5,3,0,2,0.45747599451303156,2.6666666666666665,0,95.28571428571429
36,2,711,1,5,4,1,2,0,42,3,3,0,1,1,8008,22792,4,0,12,3,3,2,9,6,3,3,2,0,2,1.8308184727937815,2.0,0,800.8
25,2,1356,2,10,4,1,3,1,57,3,2,7,4,2,4950,20623,0,0,14,3,2,0,5,4,3,4,3,1,1,0.8601963680597793,3.0,0,825.0
33,1,1141,2,1,3,1,3,0,42,4,2,7,1,1,5376,3193,2,0,19,3,1,2,10,3,3,5,3,1,3,0.934225388826136,1.6666666666666667,0,488.72727272727275
43,2,1291,1,15,2,1,3,1,65,2,4,5,3,1,17603,3525,1,0,24,4,1,1,14,3,3,14,10,6,11,4.024462734339277,2.3333333333333335,0,1173.5333333333333
40,1,593,1,9,4,3,2,0,88,3,3,5,3,2,13499,13782,9,0,17,3,3,0,20,3,2,18,7,2,13,3.086191129401006,2.6666666666666665,1,642.8095238095239
45,0,336,2,26,3,2,1,1,52,2,2,7,1,1,4385,24162,1,0,15,3,1,1,10,2,3,10,7,4,5,0.7620123381701277,1.0,0,398.6363636363636
32,0,1474,2,11,4,4,4,1,60,4,2,7,3,1,4707,23914,8,0,12,3,4,0,6,2,3,4,2,1,2,0.8179685463550265,3.6666666666666665,0,672.4285714285714
29,2,1246,2,19,3,1,3,1,77,2,2,7,3,0,8620,23757,1,0,14,3,3,2,10,3,3,10,7,0,4,1.4979581197323832,3.0,0,783.6363636363636
38,1,1444,0,1,4,4,4,1,88,3,1,1,2,1,2991,5224,0,1,11,3,2,1,7,2,3,6,2,1,2,0.76968605249614,2.6666666666666665,0,373.875
24,2,984,1,17,2,1,4,0,97,3,1,2,2,1,2210,3372,1,0,13,3,1,1,1,3,1,1,0,0,0,0.5052583447645176,2.3333333333333335,1,1105.0
25,2,240,2,5,3,2,3,1,46,2,2,7,3,2,5744,26959,1,1,11,3,4,0,6,1,3,6,4,0,3,0.998175341037449,3.3333333333333335,0,820.5714285714286
30,2,305,1,16,3,1,3,1,58,4,2,0,3,1,5294,9128,3,0,16,3,3,1,10,3,3,7,0,1,7,1.2103337905807041,3.0,0,481.27272727272725
35,2,1395,1,9,4,3,2,1,48,3,2,6,3,2,5098,18698,1,0,19,3,2,0,10,5,3,10,7,0,8,1.1655235482395976,2.3333333333333335,0,463.45454545454544
55,2,436,2,2,1,3,3,1,37,3,2,7,4,2,5160,21519,4,0,16,3,3,0,12,3,2,9,7,7,3,0.8966895473108002,3.3333333333333335,1,396.9230769230769
35,1,853,2,18,5,1,2,1,71,3,3,7,1,1,9069,11031,1,0,22,4,4,1,9,3,2,9,8,1,8,1.575984012511947,2.3333333333333335,1,906.9
33,2,350,2,5,3,2,4,0,34,3,1,8,3,2,2851,9150,1,1,13,3,2,0,1,2,3,1,0,0,0,0.4954383525936224,3.0,0,1425.5
33,2,516,1,8,5,1,4,1,69,3,2,0,3,2,6388,22049,2,1,17,3,1,0,14,6,3,0,0,0,0,1.460448102423411,2.6666666666666665,0,425.8666666666667
35,2,737,2,10,3,3,4,1,55,2,3,7,1,1,10306,21530,9,0,17,3,3,0,15,3,3,13,12,6,0,1.7909462160048657,2.6666666666666665,0,644.125
32,0,1109,1,29,4,3,4,0,69,3,1,2,3,2,4025,11135,9,0,12,3,2,0,10,2,3,8,7,7,7,0.9202103337905807,3.0,0,365.90909090909093
58,2,1272,1,5,3,5,3,0,37,2,3,0,2,0,10552,9255,2,1,13,3,4,1,24,3,3,6,0,0,4,2.4124371284865114,3.0,0,422.08
34,1,296,2,6,2,2,4,0,33,1,1,8,3,0,2351,12253,0,0,16,3,4,1,3,3,2,2,2,1,0,0.40854983056738203,3.6666666666666665,1,587.75
49,2,1418,1,1,3,5,3,0,36,3,1,6,1,1,3580,10554,2,0,16,3,2,1,7,2,3,4,2,0,2,0.8184727937814358,2.0,0,447.5
50,2,939,1,24,3,1,4,1,95,3,4,4,3,1,13973,4161,3,1,18,3,4,1,22,2,3,12,11,1,5,3.1945587562871514,3.6666666666666665,0,607.5217391304348
30,2,570,2,5,3,2,4,0,30,2,2,7,3,0,6118,5431,1,0,13,3,3,3,10,2,3,10,9,1,2,1.0631679555130766,3.3333333333333335,0,556.1818181818181
42,1,1368,1,28,4,5,4,0,88,2,2,0,4,1,4523,4386,0,0,11,3,4,3,7,4,4,6,5,0,4,1.0340649291266575,4.0,0,565.375
53,0,661,1,1,4,3,1,0,60,2,4,4,3,1,12965,22308,4,1,20,4,4,3,27,2,2,3,2,0,2,2.964106081390032,2.6666666666666665,1,463.0357142857143
29,2,441,1,8,1,4,3,0,39,1,2,0,1,1,9715,7288,3,0,13,3,3,1,9,3,3,7,7,0,7,2.2210791037951534,2.3333333333333335,0,971.5
27,2,1167,1,4,2,1,1,1,76,3,1,6,3,0,2517,3208,1,0,11,3,2,3,5,2,3,5,3,0,3,0.5754458161865569,2.0,0,419.5
35,2,1224,2,7,4,1,3,0,55,3,2,7,4,1,5204,13586,1,1,11,3,4,0,10,2,3,10,8,0,9,0.9043357372491094,3.6666666666666665,0,473.09090909090907
19,2,489,0,2,2,5,1,1,52,2,1,1,4,2,2564,18437,1,0,12,3,3,0,1,3,4,1,0,0,0,0.6598044261451363,2.6666666666666665,0,1282.0
40,2,1492,1,20,4,5,1,1,61,3,3,0,4,1,10322,26542,4,0,20,4,4,1,14,6,3,11,10,11,1,2.359853680841335,3.0,0,688.1333333333333
35,1,1182,2,11,2,2,4,1,54,3,2,7,4,0,4968,18500,1,0,11,3,4,1,5,3,3,5,2,0,2,0.863324354852724,4.0,0,828.0
46,2,945,0,5,2,3,2,1,80,3,2,1,2,0,5021,10425,8,1,22,4,4,1,16,2,3,4,2,0,2,1.2920741121976325,2.6666666666666665,0,295.3529411764706
42,1,532,1,29,2,1,1,0,92,3,2,6,3,0,4556,12932,2,0,11,3,2,1,19,3,3,5,4,0,2,1.0416095107453132,2.0,0,227.8
45,2,1329,1,2,2,4,4,0,59,2,2,4,4,0,5770,5388,1,0,19,3,1,2,10,3,3,10,7,3,9,1.3191586648376772,3.0,0,524.5454545454545
29,2,428,2,9,3,2,2,0,52,1,1,8,2,2,2760,14630,1,0,13,3,3,0,2,3,3,2,2,2,2,0.47962464158484663,2.3333333333333335,0,920.0
34,1,560,1,1,4,4,4,1,91,3,1,6,1,0,2996,20284,5,0,14,3,3,2,10,2,3,4,3,1,3,0.6849565614997714,2.6666666666666665,0,272.3636363636364
49,2,1091,1,1,2,5,3,0,90,2,4,0,3,2,13964,17810,7,1,12,3,4,0,25,2,3,7,1,0,7,3.192501143118427,3.3333333333333335,0,537.0769230769231
24,2,1371,2,10,4,2,4,0,77,3,2,7,3,0,4260,5915,1,1,12,3,4,1,5,2,4,5,2,0,3,0.7402902076635677,3.6666666666666665,0,710.0
22,1,1368,1,4,1,5,3,1,99,2,1,2,3,2,3894,9129,5,0,16,3,3,0,4,3,3,2,2,1,2,0.8902606310013718,3.0,0,778.8
30,0,990,1,7,3,5,3,1,64,3,1,6,3,0,1274,7152,1,0,13,3,2,2,1,2,2,1,0,0,0,0.2912665752171925,2.6666666666666665,1,637.0
44,2,200,1,29,4,4,4,1,32,3,2,6,4,2,4541,7744,1,0,25,4,2,0,20,3,3,20,11,13,17,1.0381801554641061,3.3333333333333335,0,216.23809523809524
30,2,1358,1,24,1,1,4,1,67,3,1,2,3,0,2693,13335,1,0,22,4,2,1,1,2,3,1,0,0,0,0.6156835848193873,3.0,0,1346.5
27,1,994,2,8,3,1,4,1,37,3,3,7,3,2,8726,2975,1,0,15,3,4,0,9,0,3,9,8,1,7,1.5163784864019463,3.6666666666666665,0,872.6
30,2,852,2,10,3,2,3,1,72,2,2,7,3,1,6578,2706,1,0,18,3,1,1,10,3,3,10,3,1,4,1.143105395777218,2.3333333333333335,0,598.0
24,2,771,1,1,2,1,2,1,45,2,2,0,3,2,4617,14120,1,0,12,3,2,0,4,2,2,4,3,1,2,1.0555555555555556,2.3333333333333335,1,923.4
33,2,501,1,15,2,3,2,0,95,3,2,0,4,1,4878,21653,0,1,13,3,1,1,10,6,3,9,7,8,1,1.1152263374485596,2.3333333333333335,0,443.45454545454544
43,1,185,1,10,4,1,3,0,33,3,1,2,4,2,2455,10675,0,0,19,3,1,0,9,5,3,8,7,1,7,0.5612711476909008,2.6666666666666665,0,245.5
34,2,1111,2,8,2,1,3,0,93,3,2,7,1,1,6500,13305,5,0,17,3,2,1,6,1,3,3,2,1,2,1.1295507863411243,2.0,0,928.5714285714286
46,1,1211,2,5,4,2,1,1,98,3,2,7,4,2,5772,20445,4,1,21,4,3,0,14,4,3,9,6,0,8,1.0030410982709184,2.6666666666666665,0,384.8
50,1,1115,1,1,3,1,1,0,73,3,5,5,2,1,18172,9755,3,1,19,3,1,0,28,1,2,8,3,0,7,4.154549611339735,1.3333333333333333,1,626.6206896551724
37,2,625,2,1,4,1,1,1,46,2,3,7,3,1,10609,14922,5,0,11,3,3,0,17,2,1,14,1,11,7,1.8436006603527675,2.3333333333333335,1,589.3888888888889
29,1,442,2,2,2,1,2,1,44,3,2,7,4,2,4554,20260,1,0,18,3,1,0,10,3,2,10,7,0,9,0.791380658614997,2.3333333333333335,1,414.0
44,1,383,2,1,5,2,1,0,79,3,2,7,3,1,4768,9282,7,0,12,3,3,1,11,4,2,1,0,0,0,0.8285689460422279,2.3333333333333335,1,397.3333333333333
44,2,1467,1,20,3,1,4,1,49,3,1,6,2,2,3420,21158,1,0,13,3,3,0,6,3,2,5,2,1,3,0.7818930041152263,3.0,1,488.57142857142856
35,0,727,1,3,3,1,3,1,41,2,1,2,3,1,1281,16900,1,0,18,3,3,2,1,3,3,1,0,0,0,0.29286694101508914,3.0,0,640.5
54,1,966,1,1,4,1,4,0,53,3,3,4,3,0,10502,9659,7,0,17,3,1,1,33,2,1,5,4,1,4,2.4010059442158207,2.6666666666666665,1,308.88235294117646
48,2,530,2,29,1,3,1,0,91,3,3,3,3,1,12504,23978,3,0,21,4,2,1,15,3,1,0,0,0,0,2.172908158832218,2.0,1,781.5
31,1,853,1,1,1,1,3,0,96,3,2,4,1,1,4148,11275,1,0,12,3,3,1,4,1,3,4,3,0,3,0.9483310470964792,2.3333333333333335,0,829.6
32,2,824,1,5,2,1,4,0,67,2,2,6,2,1,5878,15624,3,0,12,3,1,1,12,2,3,7,1,2,5,1.3438500228623684,2.3333333333333335,0,452.15384615384613
42,2,635,2,1,1,1,2,1,99,3,2,7,3,1,4907,24532,1,0,25,4,3,0,20,3,3,20,16,11,6,0.8527239551655227,2.6666666666666665,0,233.66666666666666
31,1,874,1,15,3,3,3,1,72,3,1,2,3,1,2610,6233,1,0,12,3,3,1,2,5,2,2,2,2,2,0.5967078189300411,3.0,1,870.0
36,2,885,1,16,4,1,3,0,43,4,1,2,1,2,2743,8269,1,0,16,3,3,0,18,1,3,17,13,15,14,0.6271147690900777,2.3333333333333335,0,144.3684210526316
39,2,116,1,24,1,1,1,1,52,3,2,6,4,2,4108,5340,7,0,13,3,1,0,18,2,3,7,7,1,7,0.9391860996799268,2.0,0,216.21052631578948
29,2,224,1,1,4,5,1,1,100,2,1,6,1,2,2362,7568,6,0,13,3,3,0,11,2,1,9,7,0,7,0.5400091449474166,1.6666666666666667,1,196.83333333333334
26,2,1167,2,5,3,4,4,0,30,2,1,8,3,2,2966,21378,0,0,18,3,4,0,5,2,3,4,2,0,0,0.5154227126596577,3.6666666666666665,0,494.3333333333333
34,0,1362,2,19,3,2,1,1,67,4,2,7,4,2,5304,4652,8,1,13,3,2,0,9,3,2,5,2,0,4,0.9217134416543574,2.3333333333333335,1,530.4
46,2,1319,2,3,3,5,1,0,45,4,4,7,1,0,13225,7739,2,0,12,3,4,1,25,5,3,19,17,2,8,2.298201407594057,2.0,0,508.65384615384613
38,1,594,1,2,2,3,3,0,75,2,1,2,2,1,2468,15963,4,0,14,3,2,1,9,4,2,6,1,0,5,0.5642432556012803,2.3333333333333335,1,246.8
55,2,1136,1,1,4,3,2,1,81,4,4,5,4,0,14732,12414,2,0,13,3,4,2,31,4,4,7,7,0,0,3.3680841335162324,3.3333333333333335,0,460.375
39,2,903,2,2,5,1,1,1,41,4,3,7,3,2,7880,2560,0,0,18,3,4,0,9,3,3,8,7,0,7,1.3693631071335477,2.6666666666666665,0,788.0
40,0,1094,2,28,3,4,3,1,58,1,3,7,1,0,10932,11373,3,0,15,3,3,1,20,2,3,1,0,0,1,1.8997306455817187,2.3333333333333335,0,520.5714285714286
34,1,303,2,2,4,2,3,0,75,3,1,8,3,1,2231,11314,6,0,18,3,4,1,6,3,3,4,3,1,2,0.38769658528108436,3.3333333333333335,0,318.7142857142857
29,2,408,1,25,5,5,3,0,71,2,1,6,2,1,2546,18300,5,0,16,3,2,0,6,2,4,2,2,1,1,0.5820759030635574,2.3333333333333335,0,363.7142857142857
56,2,310,1,7,2,5,4,1,72,3,1,2,3,1,2339,3666,8,0,11,3,4,1,14,4,1,10,9,9,8,0.534750800182899,3.6666666666666665,1,155.93333333333334
32,2,234,2,1,4,3,2,1,68,2,1,8,2,1,2269,18024,0,0,14,3,2,1,3,2,3,2,2,2,2,0.3943001129550786,2.0,0,567.25
53,2,1395,1,24,4,3,2,1,48,4,3,0,4,1,7005,3458,3,0,15,3,3,0,11,2,3,4,3,1,2,1.601508916323731,3.0,0,583.75
23,2,1243,1,6,3,1,3,1,63,4,1,2,1,1,1601,3445,1,1,21,4,3,2,1,2,3,0,0,0,0,0.366026520347508,2.3333333333333335,0,800.5
35,0,1212,2,8,2,2,3,0,78,2,3,7,4,1,10377,13755,4,1,11,3,2,1,16,6,2,13,2,4,12,1.8032843861325918,3.0,1,610.4117647058823
48,2,277,1,6,3,1,1,1,97,2,2,0,3,2,4240,13119,2,0,13,3,4,0,19,0,3,2,2,2,2,0.9693644261545497,2.6666666666666665,0,212.0
26,0,265,2,29,2,3,2,1,79,1,2,7,1,2,4969,21813,8,0,18,3,4,0,7,6,3,2,2,2,2,0.8634981318967765,2.3333333333333335,0,621.125
35,1,664,1,1,3,3,2,1,79,3,1,6,1,1,2194,5868,4,0,13,3,4,1,5,2,2,3,2,1,2,0.5016003657978967,2.3333333333333335,1,365.6666666666667
35,1,1199,1,18,4,1,3,1,80,3,2,0,3,1,5689,24594,1,1,14,3,4,2,10,2,4,10,2,0,2,1.3006401463191586,3.3333333333333335,0,517.1818181818181
38,2,362,1,1,1,1,3,0,43,3,1,6,1,2,2619,14561,3,0,17,3,4,0,8,3,2,0,0,0,0,0.5987654320987654,2.6666666666666665,1,291.0
55,2,1117,2,18,5,1,1,0,83,3,4,3,2,2,16835,9873,3,0,23,4,4,0,37,2,3,10,9,7,7,2.925536536623512,2.3333333333333335,0,443.0263157894737
37,2,558,2,2,3,2,4,1,75,3,2,7,3,1,9602,3010,4,1,11,3,3,1,17,3,2,3,0,1,0,1.6686071769919193,3.3333333333333335,1,533.4444444444445
30,2,945,2,9,3,3,2,1,89,3,1,8,4,2,1081,16019,1,0,13,3,3,0,1,3,2,1,0,0,0,0.1878529846207316,3.0,1,540.5
51,2,1318,2,26,4,2,1,0,66,3,4,3,3,1,16307,5594,2,0,14,3,3,1,29,2,2,20,6,4,17,2.833782257363802,2.3333333333333335,1,543.5666666666667
31,1,798,1,7,2,1,3,0,48,2,3,4,3,1,8943,14034,1,0,24,4,1,1,10,2,3,10,9,8,9,2.044581618655693,2.3333333333333335,0,813.0
57,2,210,2,29,3,2,1,1,56,2,4,3,4,0,14118,22102,3,0,12,3,3,1,32,3,2,1,0,0,0,2.453384307932922,2.6666666666666665,1,427.8181818181818
32,2,646,1,9,4,1,1,0,92,3,2,6,4,1,6322,18089,1,1,12,3,4,1,6,2,2,6,4,0,5,1.4453589391860997,3.0,1,903.1428571428571
41,2,167,1,12,4,1,2,1,46,3,1,2,4,1,4766,9051,3,1,11,3,1,1,6,4,3,1,0,0,0,1.089620484682213,2.3333333333333335,0,680.8571428571429
38,1,1490,1,2,2,1,4,1,42,3,1,2,4,1,1702,12106,1,1,23,4,3,1,1,3,3,1,0,0,0,0.3891175125743027,3.6666666666666665,0,851.0
27,1,591,1,2,3,3,4,1,87,3,1,6,4,2,2580,6297,2,0,13,3,3,0,6,0,2,4,2,1,2,0.5898491083676269,3.6666666666666665,1,368.57142857142856
37,0,142,2,9,4,3,1,1,69,3,3,7,2,0,8834,24666,1,0,13,3,4,1,9,6,3,9,5,7,7,1.5351464071596141,2.3333333333333335,0,883.4
44,2,1488,2,1,5,2,2,0,75,3,2,7,1,0,5454,4009,5,1,21,4,3,1,9,2,2,4,3,1,3,0.9477799982622296,2.0,1,545.4
29,2,1389,1,21,4,1,2,0,51,4,3,4,1,0,9980,10195,1,0,11,3,3,1,10,1,3,10,9,8,8,2.2816643804298127,2.0,0,907.2727272727273
35,2,776,2,1,4,2,3,1,32,2,2,7,1,2,4312,23016,0,0,14,3,2,0,16,2,3,15,13,2,8,0.7493266139542967,2.0,0,253.64705882352942
30,2,793,1,16,1,1,2,1,33,3,1,6,4,1,2862,3811,1,0,12,3,2,1,10,2,2,10,0,0,8,0.654320987654321,2.6666666666666665,1,260.1818181818182
38,2,397,1,2,2,3,4,0,54,2,3,4,3,1,7756,14199,3,1,19,3,4,1,10,6,4,5,4,0,2,1.7732053040695015,3.6666666666666665,0,705.0909090909091
34,2,1400,2,9,1,1,2,0,70,3,2,7,3,1,5714,5829,1,0,20,4,1,0,6,3,2,6,5,1,3,0.9929620297158746,2.0,1,816.2857142857143
42,2,265,2,5,2,2,4,1,90,3,5,3,3,1,18303,7770,6,0,13,3,2,0,21,3,4,1,0,0,0,3.1806412372925537,3.0,0,831.9545454545455
48,2,855,1,4,3,1,4,1,54,3,3,4,4,2,7898,18706,1,0,11,3,3,0,11,2,3,10,9,0,8,1.8056698673982625,3.6666666666666665,0,658.1666666666666
39,2,408,1,2,4,5,4,0,80,2,2,0,3,2,4553,20978,1,0,11,3,1,0,20,4,3,20,7,11,10,1.0409236396890718,2.6666666666666665,0,216.8095238095238
49,0,1002,1,18,4,1,4,1,92,3,2,4,4,0,6804,23793,1,1,15,3,1,2,7,0,3,7,7,1,7,1.5555555555555556,3.0,0,850.5
41,2,896,2,6,3,1,4,0,75,3,3,3,4,2,13591,14674,3,1,18,3,3,0,16,3,3,1,0,0,0,2.3618038057172646,3.6666666666666665,0,799.4705882352941
30,2,1240,0,9,3,0,3,1,48,3,2,1,4,1,6347,13982,0,1,19,3,4,0,12,2,1,11,9,4,7,1.6332990221307258,3.6666666666666665,1,488.2307692307692
40,0,458,1,16,2,1,3,1,74,3,1,6,3,0,3544,8532,9,0,16,3,2,1,6,0,3,4,2,0,0,0.8102423411065386,2.6666666666666665,0,506.2857142857143
31,1,667,2,1,4,1,2,0,50,1,1,8,3,2,1359,16154,1,0,12,3,2,0,1,3,3,1,0,0,0,0.23616300286732123,2.3333333333333335,0,679.5
44,2,1112,0,1,4,1,1,0,50,2,2,1,3,2,5985,26894,4,0,11,3,2,0,10,1,4,2,2,0,2,1.540144107050952,2.0,0,544.0909090909091
29,2,1086,1,7,1,3,1,0,62,2,1,2,4,0,2532,6054,6,0,14,3,3,3,8,5,3,4,3,0,3,0.578875171467764,2.6666666666666665,0,281.3333333333333
38,1,508,1,6,4,1,1,1,72,2,2,4,3,1,5321,14284,2,0,11,3,4,1,10,1,3,8,3,7,7,1.216506630086877,2.6666666666666665,0,483.72727272727275
41,1,1018,2,1,3,2,3,0,66,3,2,7,1,0,4103,4297,0,0,17,3,4,1,10,2,3,9,3,1,7,0.7130072117473282,2.6666666666666665,0,373.0
33,2,586,2,1,3,3,1,1,48,4,2,7,1,0,4037,21816,1,0,22,4,1,1,9,5,3,9,8,0,8,0.7015379268398645,1.0,0,403.7
44,2,1313,1,7,3,3,2,0,31,3,5,5,4,0,19049,3549,0,1,14,3,4,1,23,4,2,22,7,1,10,4.3550525834476455,3.3333333333333335,1,793.7083333333334
36,0,427,1,8,3,1,1,0,63,4,3,5,1,1,11713,20335,9,0,14,3,1,1,10,2,3,8,7,0,5,2.6778692272519433,1.0,0,1064.8181818181818
34,2,304,2,2,3,4,4,1,60,3,2,7,4,2,6274,18686,1,0,22,4,3,0,6,5,3,6,5,1,4,1.0902771743852637,3.6666666666666665,0,896.2857142857143
46,2,705,2,2,4,2,2,0,83,3,5,3,1,2,18947,22822,3,0,12,3,4,0,22,2,2,2,2,2,1,3.292553653662351,2.3333333333333335,1,823.7826086956521
44,0,111,1,17,3,1,4,1,74,1,1,6,3,2,2290,4279,2,0,13,3,4,0,6,3,3,0,0,0,0,0.5235482395976223,3.6666666666666665,0,327.14285714285717
35,0,208,1,8,4,1,3,0,52,3,2,0,3,1,4148,12250,1,0,12,3,4,1,15,5,3,14,11,2,9,0.9483310470964792,3.3333333333333335,0,259.25
29,2,805,1,1,2,1,2,0,36,2,1,2,1,1,2319,6689,1,1,11,3,4,1,1,1,3,1,0,0,0,0.5301783264746228,2.3333333333333335,0,1159.5
38,2,827,1,1,4,1,2,0,33,4,2,0,4,2,7625,19383,0,0,13,3,3,0,10,4,2,9,7,1,8,1.7432556012802927,3.0,1,693.1818181818181
53,2,1084,1,13,2,3,4,0,57,4,2,4,1,0,4450,26250,1,0,11,3,3,2,5,3,3,4,2,1,3,1.0173754000914494,2.6666666666666665,0,741.6666666666666
50,2,797,1,4,1,1,1,1,96,3,5,5,2,0,19144,15815,3,0,14,3,1,2,28,4,2,10,4,1,6,4.376771833561957,1.3333333333333333,1,660.1379310344828
37,1,1231,2,21,2,3,3,0,54,3,1,8,4,1,2973,21222,5,0,15,3,2,1,10,3,3,5,4,0,0,0.516639151968025,3.0,0,270.27272727272725
37,2,370,1,10,4,3,4,1,58,3,2,4,1,2,4213,4992,1,0,15,3,2,0,10,4,1,10,3,0,8,0.9631915866483768,2.3333333333333335,1,383.0
38,2,688,1,23,4,1,4,1,82,3,2,0,4,0,5745,18899,9,0,14,3,2,1,10,2,3,2,2,1,2,1.313443072702332,3.3333333333333335,0,522.2727272727273
28,2,1423,1,1,3,1,1,1,72,2,1,6,3,0,1563,12530,1,0,14,3,4,1,1,2,1,1,0,0,0,0.35733882030178327,2.6666666666666665,1,781.5
55,1,1091,1,2,1,1,4,1,65,3,3,4,2,1,10976,15813,3,0,18,3,2,1,23,4,3,3,2,1,2,2.5093735711019662,2.6666666666666665,0,457.3333333333333
38,2,330,1,17,1,1,3,0,65,2,3,0,3,1,8823,24608,0,0,18,3,1,1,20,4,2,19,9,1,9,2.017146776406036,2.3333333333333335,1,420.14285714285717
45,2,1449,2,2,3,2,1,0,94,1,5,3,2,2,18824,2493,2,1,16,3,1,0,26,2,3,24,10,1,11,3.2711790772438962,1.3333333333333333,0,697.1851851851852
31,2,359,0,18,5,0,4,1,89,4,1,1,1,1,2956,21495,0,0,17,3,3,0,2,4,3,1,0,0,0,0.7606793618116315,2.6666666666666665,0,985.3333333333334
43,2,1273,1,2,2,3,4,0,72,4,1,6,3,0,2645,21923,1,0,12,3,4,2,6,3,2,5,3,1,4,0.6047096479195244,3.6666666666666665,1,377.85714285714283
40,2,1137,1,1,4,1,1,1,98,3,4,3,1,0,16823,18991,2,0,11,3,1,1,22,3,3,19,7,11,16,3.8461362597165065,1.0,0,731.4347826086956
30,2,1082,2,12,3,5,2,0,83,3,2,7,3,2,6577,19558,0,0,11,3,2,0,6,6,3,5,4,4,4,1.1429316187331653,2.3333333333333335,0,939.5714285714286
28,2,736,2,26,3,1,3,1,48,2,2,7,1,1,4724,24232,1,0,11,3,3,1,5,0,3,5,3,0,4,0.8209227561039186,2.3333333333333335,0,787.3333333333334
18,1,544,2,3,2,3,2,0,70,3,1,8,4,2,1569,18420,1,1,12,3,3,0,0,2,4,0,0,0,0,0.2726561821183422,3.0,0,1569.0
28,2,529,1,2,4,1,1,1,79,3,1,2,3,2,3485,14935,2,0,11,3,3,0,5,5,1,0,0,0,0,0.7967535436671239,2.3333333333333335,1,580.8333333333334
39,2,1162,2,3,2,3,4,0,41,3,2,7,3,1,5238,17778,4,1,18,3,1,0,12,3,2,1,0,0,0,0.9102441567468937,2.6666666666666665,1,402.9230769230769
25,1,772,1,2,1,1,4,1,77,4,2,4,3,0,5206,4973,1,0,17,3,3,2,7,6,3,7,7,0,7,1.190214906264289,3.3333333333333335,0,650.75
33,2,1242,2,8,4,1,1,1,46,3,2,7,1,1,6392,10589,2,0,13,3,4,1,8,6,1,2,2,2,2,1.1107828655834564,2.0,1,710.2222222222222
28,2,1475,2,13,2,2,4,0,84,3,2,7,3,2,9854,23352,3,1,11,3,4,0,6,0,3,2,0,2,2,1.7123989920931444,3.6666666666666665,0,1407.7142857142858
60,1,1499,2,28,3,2,3,0,80,2,3,7,1,1,10266,2845,4,0,19,3,4,0,22,5,4,18,13,13,11,1.7839951342427665,2.6666666666666665,0,446.3478260869565
42,1,481,2,12,3,1,3,1,44,3,4,7,1,2,13758,2447,0,1,12,3,2,0,22,2,2,21,9,13,14,2.390824572074029,2.0,1,598.1739130434783
34,2,970,1,8,2,3,2,0,96,3,2,0,3,2,6142,7360,3,0,11,3,4,0,10,2,3,5,1,4,3,1.404206675811614,3.0,0,558.3636363636364
47,2,249,2,2,2,2,3,0,35,3,2,7,4,1,4537,17783,0,1,22,4,1,1,8,2,3,7,6,7,7,0.7884264488661048,2.6666666666666665,0,504.1111111111111
56,2,832,1,9,3,3,3,1,81,3,4,0,4,1,11103,20420,7,0,11,3,3,0,30,1,2,10,7,1,1,2.53840877914952,3.3333333333333335,1,358.16129032258067
32,0,953,1,5,4,5,2,1,65,3,1,6,2,2,2718,17674,2,0,14,3,2,0,12,3,3,7,7,0,7,0.6213991769547325,2.0,0,209.07692307692307
49,2,1098,1,4,2,3,1,1,85,2,5,3,3,1,18711,12124,2,0,13,3,3,1,23,2,4,1,0,0,0,4.277777777777778,2.3333333333333335,0,779.625
37,1,889,1,9,3,3,2,1,53,3,1,6,4,1,2326,11411,1,1,12,3,3,3,4,3,2,4,2,1,2,0.5317786922725194,3.0,1,465.2
41,1,143,2,4,3,2,1,1,56,3,2,7,2,2,9355,9558,1,0,18,3,3,0,8,5,3,8,7,7,7,1.6256842471109567,2.0,0,1039.4444444444443
37,2,921,1,10,3,3,3,0,98,3,1,2,1,1,3452,17663,6,0,20,4,2,1,17,3,3,5,4,0,3,0.7892089620484682,2.0,0,191.77777777777777
28,1,467,2,7,3,1,3,1,55,3,2,7,1,2,4898,11827,0,0,14,3,4,0,5,5,3,4,2,1,3,0.8511599617690503,2.6666666666666665,0,816.3333333333334
27,1,1131,1,15,3,1,4,0,77,2,1,6,1,1,4774,23844,0,0,19,3,4,1,8,2,2,7,6,7,3,1.0914494741655236,3.0,1,530.4444444444445
34,2,1303,1,2,4,1,4,1,62,2,1,6,3,0,2768,8416,3,0,12,3,3,1,14,3,3,7,3,5,7,0.6328303612254229,3.3333333333333335,0,184.53333333333333
37,2,977,1,1,3,1,4,0,56,2,2,4,4,1,6474,9961,1,0,13,3,2,1,14,2,2,14,8,3,11,1.4801097393689986,3.3333333333333335,1,431.6
59,1,1225,2,1,1,1,1,0,57,2,2,7,3,2,5473,24668,7,0,11,3,4,0,20,2,2,4,3,1,3,0.9510817620992267,2.6666666666666665,1,260.6190476190476
31,2,655,1,7,4,1,4,1,48,3,2,2,4,0,5915,9528,3,0,22,4,4,1,10,3,2,7,7,1,7,1.3523090992226794,4.0,1,537.7272727272727
31,2,1082,1,1,4,3,3,1,87,3,1,6,2,2,2501,18775,1,0,17,3,2,0,1,4,3,1,1,1,0,0.571787837219936,2.3333333333333335,0,1250.5
36,2,506,1,3,3,5,3,1,30,3,2,6,2,2,4485,26285,4,0,12,3,4,0,10,2,3,8,0,7,7,1.0253772290809329,3.0,0,407.72727272727275
27,2,486,1,8,3,3,2,0,86,4,1,6,3,1,3517,22490,7,0,17,3,1,0,5,0,3,3,2,0,2,0.8040695016003658,2.0,0,586.1666666666666
40,2,1308,1,14,3,3,3,1,44,2,5,5,3,2,19626,17544,1,0,14,3,1,0,21,2,4,20,7,4,9,4.486968449931413,2.3333333333333335,0,892.0909090909091
25,2,685,1,1,3,1,1,0,62,3,2,4,3,1,4898,7505,0,0,12,3,4,2,5,3,3,4,2,1,2,1.1197988111568358,2.6666666666666665,0,816.3333333333334
41,0,267,2,10,2,1,4,1,56,3,2,7,4,2,6230,13430,7,0,14,3,4,0,16,3,3,14,3,1,10,1.0826309844469546,4.0,0,366.47058823529414
50,1,878,2,1,4,1,2,1,94,3,2,7,3,0,6728,14255,7,0,12,3,4,2,12,3,3,6,3,0,1,1.1691719523850899,3.0,0,517.5384615384615
24,1,535,2,24,3,3,4,1,38,3,1,8,4,1,2400,5530,0,0,13,3,3,2,3,3,3,2,2,2,1,0.4170649057259536,3.6666666666666665,0,600.0
33,2,536,2,10,5,2,4,1,82,4,3,7,3,0,8380,21708,0,1,14,3,4,2,10,3,3,9,8,0,8,1.456251629159788,3.6666666666666665,0,761.8181818181819
29,2,1396,2,10,3,1,3,1,99,3,1,8,3,2,2642,2755,1,0,11,3,3,0,1,6,3,1,0,0,0,0.4591189503866539,3.0,0,1321.0
42,2,1265,1,3,3,1,3,0,95,4,2,2,4,1,5231,23726,2,1,13,3,2,1,17,1,2,5,3,1,3,1.1959304983996342,3.0,1,290.6111111111111
42,2,1332,1,2,4,4,1,1,98,2,2,0,4,2,6781,17078,3,0,23,4,2,0,14,6,3,1,0,0,0,1.550297210791038,2.3333333333333335,0,452.06666666666666
33,0,1038,2,8,1,1,2,0,88,2,1,8,4,2,2342,21437,0,0,19,3,4,0,3,2,2,2,2,2,2,0.40698583717090975,3.3333333333333335,1,585.5
19,2,265,1,25,3,1,2,0,57,4,1,6,4,2,2994,21221,1,1,12,3,4,0,1,2,3,1,0,0,1,0.6844993141289437,3.3333333333333335,0,1497.0
26,2,1443,2,23,3,2,3,0,47,2,2,7,4,1,4157,21436,7,1,19,3,3,1,5,2,2,2,2,0,0,0.7223911721261621,3.3333333333333335,1,692.8333333333334
35,2,384,2,8,4,1,1,0,72,3,1,8,4,1,2572,20317,1,0,16,3,2,1,3,1,2,3,2,0,2,0.4469545573029803,2.3333333333333335,1,643.0
47,0,666,1,29,4,1,1,1,88,3,3,3,2,1,11849,10268,1,1,12,3,4,1,10,2,2,10,7,9,9,2.7089620484682215,2.3333333333333335,1,1077.1818181818182
30,1,1312,1,23,3,1,1,1,96,1,1,6,3,0,2613,22310,1,0,25,4,3,3,10,2,2,10,7,0,9,0.5973936899862826,2.3333333333333335,1,237.54545454545453
35,2,1349,1,7,2,1,3,1,63,2,1,2,4,1,2690,7713,1,0,18,3,4,1,1,5,2,1,0,0,1,0.6149977137631458,3.6666666666666665,1,1345.0
32,2,117,2,13,4,1,2,1,73,3,2,7,4,0,4403,9250,2,0,11,3,3,1,8,3,2,5,2,0,3,0.7651403249630724,3.0,1,489.22222222222223
34,2,401,1,1,3,1,4,0,86,2,1,2,2,1,3294,3708,5,0,17,3,1,1,7,2,2,5,4,0,2,0.7530864197530864,2.3333333333333335,1,411.75
55,2,725,1,2,3,3,4,1,78,3,5,3,1,1,19859,21199,5,1,13,3,4,1,24,2,3,5,2,1,4,4.540237768632831,3.0,0,794.36
50,0,881,1,2,4,1,1,1,98,3,4,3,1,0,17924,4544,1,0,11,3,4,1,31,3,3,31,6,14,7,4.09785093735711,2.0,0,560.125
36,2,329,1,2,3,1,4,0,96,3,1,6,3,1,2543,11868,4,0,13,3,2,1,6,3,3,2,2,2,2,0.581390032007316,3.0,0,363.2857142857143
50,1,1234,1,20,5,3,2,1,41,3,4,0,3,1,11245,20689,2,1,15,3,3,1,32,3,3,30,8,12,13,2.5708733424782806,2.6666666666666665,0,340.75757575757575
28,2,1485,1,12,1,1,3,0,79,3,1,2,4,1,2515,22955,1,1,11,3,4,0,1,4,2,1,1,0,0,0.5749885688157294,3.6666666666666665,1,1257.5
31,2,1463,1,23,3,3,2,1,64,2,2,0,4,1,5582,14408,0,0,21,4,2,1,10,2,3,9,0,7,8,1.2761774119798812,2.6666666666666665,0,507.45454545454544
36,2,1174,2,3,4,2,1,0,99,3,2,7,2,2,9278,20763,3,1,16,3,4,0,15,3,3,5,4,0,1,1.6123034147189157,2.3333333333333335,0,579.875
27,1,294,1,10,2,1,4,1,32,3,3,4,1,0,8793,4809,1,0,21,4,3,2,9,4,2,9,7,1,7,2.0102880658436213,2.6666666666666665,1,879.3
32,2,1401,2,4,2,1,3,0,56,3,1,8,2,1,3931,20990,2,0,11,3,1,1,6,5,3,4,3,1,2,0.6831175601703015,2.0,0,561.5714285714286
25,2,180,1,2,1,3,1,1,65,4,1,6,1,2,3424,21632,7,0,13,3,3,0,6,3,2,4,3,0,1,0.7828074988568816,1.6666666666666667,1,489.14285714285717
40,2,1398,2,2,4,1,3,0,79,3,5,3,3,1,18041,13022,0,0,14,3,4,0,21,2,3,20,15,1,12,3.1351116517508038,3.3333333333333335,0,820.0454545454545
49,2,301,1,22,4,4,1,0,72,3,4,5,2,1,16413,3498,3,0,16,3,2,2,27,2,3,4,2,1,2,3.752400548696845,1.6666666666666667,0,586.1785714285714
33,1,1296,1,6,3,1,3,1,30,3,2,0,4,0,7725,5335,3,0,23,4,3,1,15,2,1,13,11,4,7,1.7661179698216736,3.3333333333333335,1,482.8125
32,2,827,1,1,1,1,4,1,71,3,1,6,1,2,2956,15178,1,0,13,3,4,0,1,2,3,1,0,0,0,0.675811614083219,3.0,0,1478.0
36,2,1157,2,2,4,1,3,1,70,3,1,8,4,2,2644,17001,3,1,21,4,4,0,7,3,2,3,2,1,2,0.4594665044747589,3.6666666666666665,1,330.5
51,2,1405,1,11,2,5,4,0,82,2,4,4,2,2,13142,24439,3,0,16,3,2,0,29,1,2,5,2,0,3,3.004572473708276,2.6666666666666665,1,438.06666666666666
30,1,448,2,12,4,1,2,1,74,2,1,8,1,1,2033,14470,1,0,18,3,3,1,1,2,4,1,0,0,0,0.3532887305586932,2.0,0,1016.5
54,2,584,1,22,5,3,2,0,91,3,4,3,3,1,17426,18685,3,0,25,4,3,1,36,6,3,10,8,4,7,3.9839963420210336,2.6666666666666665,0,470.97297297297297
31,1,1125,2,7,4,2,1,0,68,3,3,7,1,1,9637,8277,2,0,14,3,4,2,9,3,3,3,2,2,2,1.6746893735337562,2.0,0,963.7
35,2,802,1,10,3,4,2,1,45,3,1,2,4,0,3917,9541,1,0,20,4,1,1,3,4,2,3,2,1,2,0.8955189757658893,2.3333333333333335,1,979.25
47,2,207,1,9,4,1,2,0,64,3,1,2,3,2,2105,5411,4,0,12,3,3,0,7,2,3,2,2,2,0,0.4812528577960677,2.6666666666666665,0,263.125
45,2,974,1,1,4,3,4,0,91,3,1,2,4,0,2270,11005,3,0,14,3,4,2,8,2,3,5,3,0,2,0.5189757658893461,4.0,0,252.22222222222223
27,2,269,1,5,1,5,3,1,42,2,3,5,4,0,12808,8842,1,1,16,3,2,1,9,3,3,9,8,0,8,2.928212162780064,3.0,0,1280.8
47,2,1001,1,4,3,1,3,0,92,2,3,4,2,0,10333,19271,8,1,12,3,3,1,28,4,3,22,11,14,10,2.3623685413808873,2.6666666666666665,0,356.3103448275862
55,2,1229,1,4,4,1,4,1,30,3,2,0,3,1,4035,16143,0,1,16,3,2,0,4,2,3,3,2,1,2,0.9224965706447188,3.0,0,807.0
54,2,397,0,19,4,3,3,1,88,3,3,1,2,1,10725,6729,2,0,15,3,3,1,16,1,4,9,7,7,1,2.7599073597529595,2.6666666666666665,0,630.8823529411765
31,2,1232,1,7,4,3,3,0,39,3,3,4,4,2,7143,25713,1,1,14,3,3,0,11,2,2,11,9,4,10,1.6330589849108368,3.3333333333333335,1,595.25
41,2,1276,2,2,5,1,2,0,91,3,4,3,1,1,16595,5626,7,0,16,3,2,1,22,2,3,18,16,11,8,2.8838300460509165,1.6666666666666667,0,721.5217391304348
29,1,995,1,2,1,1,1,1,87,3,2,0,4,0,8853,24483,1,0,19,3,4,1,6,0,4,6,4,1,3,2.02400548696845,3.0,0,1264.7142857142858
39,2,1462,2,6,3,3,4,1,38,4,3,7,3,1,8237,4658,2,0,11,3,1,1,11,3,3,7,6,7,6,1.4314015118602832,2.6666666666666665,0,686.4166666666666
39,2,1132,1,1,3,3,3,1,48,4,3,0,4,0,9613,10942,0,0,17,3,1,3,19,5,2,18,10,3,7,2.1977594878829447,2.6666666666666665,1,480.65
31,2,1222,1,11,4,1,4,1,48,3,1,6,4,1,2356,14871,3,1,19,3,2,1,8,2,3,6,4,0,2,0.5386374028349337,3.3333333333333335,0,261.77777777777777
35,2,1276,1,16,3,1,4,1,72,3,3,0,3,1,7632,14295,4,1,12,3,3,0,10,2,3,8,7,0,0,1.7448559670781894,3.3333333333333335,0,693.8181818181819
24,2,506,1,29,1,3,2,1,91,3,1,2,1,0,3907,3622,1,0,13,3,2,3,6,2,4,6,2,1,2,0.8932327389117513,1.6666666666666667,0,558.1428571428571
27,1,472,1,1,1,5,3,1,60,2,2,4,1,1,4298,9679,5,0,19,3,3,1,6,1,3,2,2,2,0,0.9826245999085506,2.3333333333333335,0,614.0
26,2,390,1,17,4,3,4,1,62,1,1,2,3,1,2305,6217,1,0,15,3,3,3,3,3,4,3,2,0,2,0.5269775948788294,3.3333333333333335,0,576.25
43,2,782,1,6,4,4,2,1,50,2,4,5,4,0,16627,2671,4,1,14,3,3,1,21,3,2,1,0,0,0,3.8013260173754,3.0,1,755.7727272727273
27,2,1103,1,14,3,1,1,1,42,3,1,6,1,1,2235,14377,1,1,14,3,4,2,9,3,2,9,7,6,8,0.5109739368998628,2.0,1,223.5
36,1,884,1,23,2,3,3,1,41,4,2,2,4,1,2571,12290,4,0,17,3,3,1,17,3,3,5,2,0,3,0.5877914951989026,3.3333333333333335,0,142.83333333333334
31,1,754,2,26,4,2,1,1,63,3,2,7,4,1,5617,21075,1,1,11,3,3,0,10,4,3,10,7,0,8,0.9761056564427839,2.6666666666666665,0,510.6363636363636
50,2,691,1,2,3,3,3,1,64,3,4,5,3,1,17639,6881,5,0,16,3,4,0,30,3,3,4,3,0,3,4.032693187014175,3.3333333333333335,0,569.0
33,0,750,2,22,2,2,3,1,95,3,2,7,2,1,6146,15480,0,0,13,3,1,1,8,2,4,7,7,0,7,1.0680337127465462,2.0,0,682.8888888888889
36,0,217,1,18,4,1,1,1,78,3,2,4,4,2,7779,23238,2,0,20,4,1,0,18,0,3,11,9,0,9,1.7784636488340193,2.0,0,409.42105263157896
36,2,1041,0,13,3,0,3,1,36,3,1,1,2,1,2143,25527,4,0,13,3,2,1,8,2,3,5,2,0,4,0.5514668039114771,2.3333333333333335,0,238.11111111111111
29,0,1496,1,1,1,5,4,1,41,3,2,4,3,1,4319,26283,1,0,13,3,1,1,10,1,3,10,7,0,9,0.9874256973022405,2.6666666666666665,0,392.6363636363636
26,2,1355,0,25,1,1,3,0,61,3,1,1,3,1,2942,8916,1,0,23,4,4,1,8,3,3,8,7,5,7,0.7570766855378281,3.3333333333333335,0,326.8888888888889
43,0,1344,1,7,3,3,4,1,37,4,1,6,4,0,2089,5228,4,0,14,3,4,3,7,3,4,5,4,2,2,0.47759487882944673,4.0,0,261.125
34,2,204,2,14,3,5,3,0,31,3,1,8,3,0,2579,2912,1,1,18,3,4,2,8,3,3,8,2,0,6,0.4481709966113476,3.3333333333333335,0,286.55555555555554
47,0,543,2,2,4,2,3,1,87,3,2,7,2,1,4978,3536,7,0,11,3,4,1,4,3,1,1,0,0,0,0.8650621252932488,3.0,1,995.6
45,2,1385,1,20,2,3,3,1,79,3,4,0,4,1,13496,7501,0,1,14,3,2,0,21,2,3,20,7,4,10,3.0855052583447646,3.0,0,613.4545454545455
47,2,359,1,2,4,3,1,0,82,3,4,5,3,1,17169,26703,3,0,19,3,2,2,26,2,4,20,17,5,6,3.9252400548696844,2.0,0,635.8888888888889
32,2,414,2,2,4,2,3,1,82,2,2,7,2,2,9907,26186,7,1,12,3,3,0,7,3,2,2,2,2,2,1.721609175427926,2.6666666666666665,1,1238.375
53,2,447,1,2,3,3,4,1,39,4,4,5,2,2,16598,19764,4,0,12,3,2,0,35,2,2,9,8,8,8,3.7946959304983996,2.6666666666666665,1,461.05555555555554
34,2,131,2,2,3,2,3,0,86,3,2,7,1,2,4538,6039,0,1,12,3,4,0,4,3,3,3,2,0,2,0.7886002259101572,2.6666666666666665,0,907.6
39,2,524,1,18,2,1,1,1,32,3,2,4,3,2,4534,13352,0,0,11,3,1,0,9,6,3,8,7,1,7,1.0365797896662095,1.6666666666666667,0,453.4
28,0,120,2,4,3,3,2,1,43,3,2,7,3,1,4221,8863,1,0,15,3,2,0,5,3,4,5,4,0,4,0.7335129029455209,2.3333333333333335,0,703.5
48,1,117,1,22,3,3,4,0,58,3,4,3,4,0,17174,2437,3,0,11,3,2,1,24,3,3,22,17,4,7,3.9263831732967533,3.3333333333333335,0,686.96
37,2,1319,1,6,3,3,3,1,51,4,2,6,1,0,5974,17001,4,1,13,3,1,2,13,2,3,7,7,6,7,1.3657978966620943,1.6666666666666667,0,426.7142857142857
22,2,617,1,3,1,1,2,0,34,3,2,4,3,1,4171,10022,0,1,19,3,1,1,4,3,4,3,2,0,2,0.9535893918609968,2.0,0,834.2
46,2,1009,1,2,3,1,1,1,51,3,4,5,3,1,17861,2288,6,0,13,3,3,0,26,2,1,3,2,0,1,4.08344764517604,2.3333333333333335,1,661.5185185185185
46,2,717,1,13,4,1,3,1,34,3,2,0,2,2,5562,9697,6,0,14,3,4,0,19,3,3,10,7,0,9,1.271604938271605,3.0,0,278.1
47,2,703,2,14,4,2,4,1,42,3,2,7,1,2,4960,11825,2,0,12,3,4,0,20,2,3,7,7,1,7,0.8619341385003041,3.0,0,236.1904761904762
24,1,897,0,10,3,3,1,1,59,3,1,1,4,1,2145,2097,0,0,14,3,4,1,3,2,3,2,2,2,1,0.5519814719505919,3.0,0,536.25
42,2,1396,1,6,3,3,3,1,83,3,3,5,1,1,13348,14842,9,0,13,3,2,1,18,3,4,13,7,5,7,3.051668952903521,2.0,0,702.5263157894736
44,1,1193,1,2,1,3,2,1,86,3,3,4,3,2,10209,19719,5,1,18,3,2,0,16,2,2,2,2,2,2,2.3340192043895747,2.3333333333333335,1,600.5294117647059
44,2,1037,1,1,3,3,2,1,42,3,1,6,4,2,2436,13422,6,1,12,3,3,0,6,2,3,4,3,1,2,0.5569272976680384,3.0,0,348.0
54,2,971,1,1,3,3,4,0,54,3,4,5,4,2,17328,5652,6,0,19,3,4,0,29,3,2,20,7,12,7,3.96159122085048,4.0,1,577.6
45,2,176,0,4,3,1,3,0,56,1,3,1,3,1,9756,6595,4,0,21,4,3,2,9,2,4,5,0,0,3,2.510550694801853,3.0,0,975.6
27,0,443,1,3,3,3,4,1,50,3,1,6,4,1,1706,16571,1,0,11,3,3,3,0,6,2,0,0,0,0,0.39003200731595794,3.6666666666666665,1,1706.0
30,1,464,1,4,3,5,3,1,40,3,1,6,4,2,2285,3427,9,1,23,4,3,0,3,4,3,1,0,0,0,0.5224051211705533,3.3333333333333335,0,571.25
27,2,1134,1,16,4,5,3,0,37,3,1,2,2,1,2811,12086,9,0,14,3,2,1,4,2,3,2,2,2,2,0.6426611796982168,2.3333333333333335,0,562.2
29,2,1010,1,1,3,1,1,0,97,3,1,6,4,0,3760,5598,1,0,15,3,1,3,3,5,3,3,2,1,2,0.8596250571559213,2.0,0,940.0
26,1,887,1,5,2,3,3,0,88,2,1,6,3,1,2366,20898,1,1,14,3,1,1,8,2,3,8,7,1,7,0.5409236396890718,2.3333333333333335,0,262.8888888888889
36,2,1040,1,3,2,1,4,1,79,4,2,0,1,0,6842,26308,6,0,20,4,1,1,13,3,3,5,4,0,4,1.5642432556012802,2.0,0,488.7142857142857
29,2,738,1,9,5,4,2,1,30,2,1,2,4,2,3983,7621,0,0,17,3,3,0,4,2,3,3,2,2,2,0.9106081390032007,3.0,0,796.6
33,2,118,2,16,3,2,1,0,69,3,2,7,1,2,5324,26507,5,0,15,3,3,0,6,3,3,3,2,0,2,0.925188982535407,1.6666666666666667,0,760.5714285714286
54,2,1441,1,17,3,5,3,0,56,3,3,4,3,1,10739,13943,8,0,11,3,3,1,22,2,3,10,7,0,8,2.4551897576588932,3.0,0,466.9130434782609
31,2,1365,2,13,4,3,2,1,46,3,2,7,1,0,4233,11512,2,0,17,3,3,0,9,2,1,3,1,1,2,0.7355982274741507,2.0,1,423.3
40,2,1300,1,24,2,5,1,1,62,3,2,6,4,0,3319,24447,1,0,17,3,1,2,9,3,3,9,8,4,7,0.7588020118884317,2.0,0,331.9
47,2,1176,0,26,4,1,4,0,98,3,5,3,3,1,19658,5220,3,0,11,3,3,1,27,2,3,5,2,1,0,5.0586721564590835,3.3333333333333335,0,702.0714285714286
30,1,1312,1,2,4,5,4,0,78,2,1,6,1,2,4968,26427,0,0,16,3,4,0,10,2,3,9,7,0,7,1.1358024691358024,3.0,0,451.6363636363636
31,2,670,1,26,1,1,1,1,31,3,1,6,3,0,2911,15170,1,0,17,3,4,1,5,1,2,5,2,4,3,0.6655235482395976,2.6666666666666665,1,485.1666666666667
38,1,653,1,29,5,1,4,0,50,3,2,2,4,2,2406,5456,1,0,11,3,4,0,10,2,3,10,3,9,9,0.5500685871056241,4.0,0,218.72727272727272
35,2,1296,1,5,4,5,3,1,62,3,3,4,2,2,8095,18264,0,0,13,3,4,0,17,5,3,16,6,0,13,1.8507087334247827,3.0,0,449.72222222222223
56,2,1369,1,23,3,1,4,1,68,3,4,4,2,1,13402,18235,4,1,12,3,1,1,33,0,3,19,16,15,9,3.0640146319158665,2.3333333333333335,0,394.1764705882353
37,1,319,2,4,4,2,1,1,41,3,1,8,4,0,2793,2539,4,0,17,3,3,1,13,2,3,9,8,5,8,0.48535928403857853,2.6666666666666665,0,199.5
34,0,1065,2,23,4,2,2,1,72,3,2,7,3,2,4568,10034,0,0,20,4,3,0,10,2,3,9,5,8,7,0.7938135372317316,2.6666666666666665,0,415.27272727272725
41,2,1085,1,2,4,1,2,0,57,1,1,2,4,0,2778,17725,4,1,13,3,3,1,10,1,2,7,7,1,0,0.635116598079561,3.0,1,252.54545454545453
40,2,543,1,1,4,1,1,1,83,3,1,2,4,1,2406,4060,8,0,19,3,3,2,8,3,2,1,0,0,0,0.5500685871056241,2.6666666666666665,1,267.3333333333333
50,2,1126,1,1,2,3,4,1,66,3,4,5,4,0,17399,6615,9,0,22,4,3,1,32,1,2,5,4,1,3,3.9778235025148607,3.6666666666666665,1,527.2424242424242
39,0,1485,1,25,2,1,3,1,71,3,3,0,3,1,10920,3449,3,0,21,4,2,1,13,2,3,6,4,0,5,2.4965706447187928,2.6666666666666665,0,780.0
21,2,984,1,1,1,5,4,0,70,2,1,6,2,2,2070,25326,1,1,11,3,3,0,2,6,4,2,2,2,2,0.4732510288065844,3.0,0,690.0
38,0,1336,0,2,3,0,1,1,100,3,1,1,2,0,2592,7129,5,0,13,3,4,3,13,3,3,11,10,3,8,0.6670097786927431,2.3333333333333335,0,185.14285714285714
39,2,1253,1,10,1,3,3,1,65,3,3,5,3,2,13464,7914,7,0,21,4,3,0,9,3,3,4,3,2,2,3.078189300411523,3.0,0,1346.4
34,2,735,2,3,1,3,4,0,75,2,2,7,4,1,8103,16495,3,1,12,3,3,0,9,3,2,4,2,0,1,1.4081153879572508,3.6666666666666665,1,810.3
39,2,360,1,23,3,3,3,1,93,3,1,6,1,2,3904,22154,0,0,13,3,1,0,6,2,3,5,2,0,3,0.8925468678555099,1.6666666666666667,0,557.7142857142857
32,1,238,1,5,2,1,1,0,47,4,1,6,3,2,2432,15318,3,1,14,3,1,0,8,2,3,4,1,0,3,0.5560128029263832,1.6666666666666667,0,270.22222222222223
33,2,134,1,2,3,1,3,1,90,3,1,6,4,2,2500,10515,0,0,14,3,1,0,4,2,4,3,1,0,2,0.5715592135345222,2.6666666666666665,0,500.0
38,2,243,2,7,4,2,4,0,46,2,2,7,4,2,4028,7791,0,0,20,4,1,0,8,2,3,7,7,0,5,0.6999739334433921,3.0,0,447.55555555555554
45,2,1448,1,29,3,5,2,1,55,3,3,4,4,1,9380,14720,4,1,18,3,4,2,10,4,4,3,1,1,2,2.1444901691815272,3.3333333333333335,0,852.7272727272727
39,1,711,1,4,3,3,1,0,81,3,2,4,3,2,5042,3140,0,0,13,3,4,0,10,2,1,9,2,3,8,1.1527206218564243,2.6666666666666665,1,458.3636363636364
56,2,713,1,8,3,1,3,0,67,3,1,6,1,0,4257,13939,4,1,18,3,3,1,19,3,3,2,2,2,2,0.9732510288065843,2.3333333333333335,0,212.85
46,2,1485,1,18,3,3,3,0,87,3,2,4,3,0,4810,26314,2,0,14,3,3,1,19,5,2,10,7,0,8,1.0996799268404207,3.0,1,240.5
33,1,515,1,1,2,1,1,0,98,3,3,5,4,2,13458,15146,1,1,12,3,3,0,15,1,3,15,14,8,12,3.0768175582990396,2.6666666666666665,0,841.125
53,2,1376,2,2,2,3,3,1,45,3,4,3,3,0,14852,13938,6,0,13,3,3,1,22,3,4,17,13,15,2,2.5809366582674427,3.0,0,645.7391304347826
30,2,317,1,2,3,1,3,0,43,1,2,4,4,2,6091,24793,2,0,20,4,3,0,11,2,3,5,4,0,2,1.3925468678555097,3.3333333333333335,0,507.5833333333333
47,2,1482,1,5,5,1,4,1,42,3,5,5,3,1,18300,16375,4,0,11,3,2,1,21,2,3,3,2,1,1,4.183813443072703,3.0,0,831.8181818181819
25,2,810,2,8,3,1,4,1,57,4,2,7,2,1,4851,15678,0,0,22,4,3,1,4,4,3,3,2,1,2,0.8429924406985837,3.0,0,970.2
28,2,329,1,24,3,3,3,1,51,3,1,2,2,1,2408,7324,1,1,17,3,3,3,1,3,3,1,1,0,0,0.5505258344764518,2.6666666666666665,0,1204.0
35,2,556,1,23,2,1,2,1,50,2,2,4,3,1,5916,15497,3,1,13,3,1,0,8,1,3,1,0,0,1,1.3525377229080933,2.0,0,657.3333333333334
43,1,957,1,28,3,3,2,0,72,4,1,6,3,2,4739,16090,4,0,12,3,4,0,18,2,3,3,2,1,2,1.0834476451760402,3.0,0,249.42105263157896
43,2,1001,1,7,3,1,3,0,43,3,3,0,1,1,9985,9262,8,0,16,3,1,1,10,1,2,1,0,0,0,2.2828074988568816,1.6666666666666667,1,907.7272727272727
46,2,261,1,21,2,3,4,0,66,3,2,0,2,1,8926,10842,4,0,22,4,4,1,13,2,4,9,7,3,7,2.040695016003658,3.3333333333333335,0,637.5714285714286
22,2,1136,1,5,3,1,4,1,60,4,1,6,2,0,2328,12392,1,1,16,3,1,1,4,2,2,4,2,2,2,0.532235939643347,2.3333333333333335,1,465.6
42,2,647,2,4,4,2,2,1,45,3,2,7,1,2,5155,2253,7,0,13,3,4,0,9,3,4,6,4,1,5,0.8958206620905378,2.3333333333333335,0,515.5
34,2,1130,1,3,3,1,4,0,66,3,2,6,2,0,5433,19332,1,0,12,3,3,1,11,2,3,11,8,7,9,1.2421124828532235,3.0,0,452.75
48,2,1469,1,20,4,3,4,1,51,3,1,6,3,1,2259,5543,4,0,17,3,1,2,13,2,2,0,0,0,0,0.5164609053497943,2.6666666666666665,1,161.35714285714286
34,1,653,1,10,4,5,4,1,92,2,2,0,3,1,5063,15332,1,0,14,3,2,1,8,3,2,8,2,7,7,1.1575217192501144,3.0,1,562.5555555555555
55,2,111,2,1,2,1,1,1,70,3,3,7,4,1,10239,18092,3,0,14,3,4,1,24,4,3,1,0,1,0,1.7793031540533495,3.0,0,409.56
47,2,1180,1,25,3,3,1,1,84,3,3,0,3,2,8633,13084,2,0,23,4,2,0,25,3,3,17,14,12,11,1.973708276177412,2.0,0,332.03846153846155
52,0,715,1,19,4,3,4,1,41,3,1,6,4,1,4258,26589,0,0,18,3,1,1,5,3,3,4,3,1,2,0.9734796524919982,3.0,0,709.6666666666666
20,2,727,2,9,1,1,4,1,54,3,1,8,1,2,2728,21082,1,0,11,3,1,0,2,3,3,2,2,0,2,0.47406377617516726,2.0,0,909.3333333333334
35,2,1137,1,21,1,1,4,0,51,3,2,0,4,1,4014,19170,1,1,25,4,4,1,10,2,1,10,6,0,7,0.9176954732510288,4.0,1,364.90909090909093
44,2,1459,1,10,4,4,4,1,41,3,2,0,4,1,6465,19121,2,1,13,3,4,0,9,5,4,4,2,1,3,1.4780521262002744,4.0,0,646.5
23,2,885,1,4,3,3,1,1,58,4,1,6,1,1,2819,8544,2,0,16,3,1,1,5,3,4,3,2,0,2,0.6444901691815272,1.0,0,469.8333333333333
38,2,201,1,10,3,3,2,0,99,1,3,5,3,1,13206,3376,3,0,12,3,1,1,20,3,3,18,16,1,11,3.01920438957476,2.0,0,628.8571428571429
45,2,1038,1,20,3,3,2,1,95,1,3,0,1,0,10851,19863,2,1,18,3,2,1,24,2,3,7,7,0,7,2.48079561042524,1.6666666666666667,0,434.04
32,2,964,2,1,2,1,1,1,34,1,2,7,2,2,6735,12147,6,0,15,3,2,0,10,2,3,0,0,0,0,1.1703883916934572,1.6666666666666667,0,612.2727272727273
40,2,575,2,22,2,2,3,1,68,2,2,7,3,1,6380,6110,2,1,12,3,1,2,8,6,3,6,4,1,0,1.1086975410548268,2.3333333333333335,0,708.8888888888889
35,2,1361,2,17,4,1,3,1,94,3,2,7,1,1,8966,21026,3,1,15,3,4,3,15,2,3,7,7,1,7,1.5580849769745417,2.6666666666666665,0,560.375
53,2,346,1,6,3,1,4,1,86,3,2,2,4,2,2450,10919,2,0,17,3,4,0,19,4,3,2,2,2,2,0.5601280292638318,4.0,0,122.5
32,2,604,2,8,3,3,3,1,56,4,2,7,4,1,6209,11693,1,0,15,3,3,2,10,4,4,10,7,0,8,1.0789816665218526,3.3333333333333335,0,564.4545454545455
34,2,704,2,28,3,2,4,0,95,2,2,7,3,1,6712,8978,1,0,21,4,4,2,8,2,3,8,7,1,7,1.1663915196802503,3.6666666666666665,0,745.7777777777778
27,2,1157,1,17,3,5,3,1,51,3,1,6,2,1,3058,13364,0,1,16,3,4,1,6,3,2,5,2,1,1,0.6991312299954275,3.0,1,436.85714285714283
42,1,748,1,9,2,3,1,0,74,3,1,2,4,2,3673,16458,1,0,13,3,3,0,12,3,3,12,9,5,8,0.83973479652492,2.6666666666666665,0,282.53846153846155
28,1,783,2,1,2,1,3,1,42,2,2,7,4,1,6834,19255,1,1,12,3,3,1,7,2,3,7,7,0,7,1.187592319054653,3.3333333333333335,0,854.25
45,2,194,1,9,3,1,2,1,60,3,2,2,2,0,2348,10901,8,0,18,3,3,1,20,2,1,17,9,0,15,0.5368084133516232,2.3333333333333335,1,111.80952380952381
40,2,616,1,2,2,1,3,0,99,3,1,2,1,1,3377,25605,4,0,17,3,4,1,7,5,2,4,3,0,2,0.7720621856424326,2.6666666666666665,1,422.125
52,2,258,1,8,4,4,3,0,54,3,1,2,1,1,2950,17363,9,0,13,3,3,0,12,2,1,5,4,0,4,0.6744398719707362,2.3333333333333335,1,226.92307692307693
18,0,1124,1,1,3,1,4,0,97,3,1,2,4,2,1611,19305,1,0,15,3,3,0,0,5,4,0,0,0,0,0.3683127572016461,3.6666666666666665,0,1611.0
35,2,817,1,1,3,3,4,0,60,2,2,2,4,1,5363,10846,0,0,12,3,2,1,10,0,3,9,7,0,0,1.2261088248742569,3.3333333333333335,0,487.54545454545456
46,2,150,1,2,4,5,4,1,60,3,2,4,4,0,7379,17433,2,0,11,3,3,1,12,3,2,6,3,1,4,1.6870141746684957,3.6666666666666665,1,567.6153846153846
42,2,269,1,2,3,3,4,0,56,2,1,2,1,0,2593,8007,0,1,11,3,3,1,10,4,3,9,6,7,8,0.5928212162780064,2.6666666666666665,0,235.72727272727272
34,2,829,0,3,2,0,3,1,88,3,1,1,4,1,3737,2243,0,0,19,3,3,1,4,1,1,3,2,0,2,0.9616572310859496,3.3333333333333335,1,747.4
42,2,1059,1,9,2,4,4,1,93,2,5,3,4,2,19613,26362,8,0,22,4,4,0,24,2,3,1,0,0,1,4.483996342021033,4.0,0,784.52
53,2,868,2,8,3,2,1,1,73,3,4,7,4,1,11836,22789,5,0,14,3,3,1,28,3,3,2,0,2,2,2.0568250934051613,2.6666666666666665,0,408.13793103448273
30,2,1339,2,5,3,1,2,0,41,3,3,7,4,1,9419,8053,2,0,12,3,3,1,12,2,3,10,9,7,4,1.6368059779303155,3.0,0,724.5384615384615
54,2,548,1,8,4,1,3,0,42,3,2,2,3,2,3780,23428,7,0,11,3,3,0,19,3,3,1,0,0,0,0.8641975308641975,3.0,0,189.0
31,2,746,1,8,4,1,3,0,61,3,2,4,4,2,4424,20682,1,0,23,4,4,0,11,2,3,11,7,1,8,1.0114311842706905,3.6666666666666665,0,368.6666666666667
29,2,592,1,7,3,1,4,1,59,3,1,2,1,2,2062,19384,3,0,14,3,2,0,11,2,3,3,2,1,2,0.47142203932327387,2.3333333333333335,0,171.83333333333334
31,0,325,1,5,3,3,2,1,74,3,2,4,1,2,9936,3787,0,0,19,3,2,0,10,2,3,9,4,1,7,2.271604938271605,1.6666666666666667,0,903.2727272727273
31,2,1332,1,11,2,3,3,1,80,3,2,0,1,1,6833,17089,1,1,12,3,4,0,6,2,2,6,5,0,1,1.562185642432556,2.6666666666666665,1,976.1428571428571
33,1,1303,1,7,2,1,4,1,36,3,2,0,3,0,5968,18079,1,0,20,4,3,3,9,2,3,9,7,2,8,1.3644261545496112,3.3333333333333335,0,596.8
20,2,129,1,4,3,5,1,1,84,3,1,2,1,2,2973,13008,1,0,19,3,2,0,1,2,3,1,0,0,0,0.6796982167352538,1.3333333333333333,0,1486.5
49,2,1245,1,18,4,1,4,1,58,2,5,5,3,0,19502,2125,1,1,17,3,3,1,31,5,3,31,9,0,9,4.4586191129401005,3.3333333333333335,0,609.4375
49,2,1261,1,7,3,4,2,1,31,2,3,0,3,2,10965,12066,8,0,24,4,3,0,26,2,3,5,2,0,0,2.506858710562414,2.6666666666666665,0,406.1111111111111
55,1,135,1,18,4,3,3,1,62,3,2,0,2,1,6385,12992,3,1,14,3,4,2,17,3,3,8,7,6,7,1.4597622313671696,3.0,0,354.72222222222223
24,2,1127,1,18,1,1,2,1,52,3,1,2,3,1,2774,13257,0,0,12,3,3,1,6,2,3,5,3,1,2,0.6342021033379058,2.6666666666666665,0,396.2857142857143
58,2,601,1,7,4,3,3,0,53,2,3,4,1,1,10008,12023,7,1,14,3,4,0,31,0,2,10,9,5,9,2.288065843621399,2.6666666666666665,1,312.75
33,2,654,1,5,3,1,4,1,34,2,3,0,4,0,7119,21214,4,0,15,3,3,1,9,2,3,3,2,1,2,1.6275720164609053,3.6666666666666665,0,711.9
37,0,1413,1,5,2,5,3,1,84,4,1,2,3,2,3500,25470,0,0,14,3,1,0,7,2,1,6,5,1,3,0.8001828989483311,2.3333333333333335,1,437.5
37,2,290,1,21,3,1,2,1,65,4,1,6,1,1,3564,22977,1,1,12,3,1,1,8,3,2,8,7,1,7,0.8148148148148148,1.3333333333333333,1,396.0
24,2,1476,2,4,1,3,4,0,42,3,2,7,3,1,4162,15211,1,1,12,3,3,2,5,3,3,5,4,0,3,0.7232600573464245,3.3333333333333335,0,693.6666666666666
58,0,390,1,1,4,1,4,1,32,1,2,0,3,0,5660,17056,2,1,13,3,4,1,12,2,3,5,3,1,2,1.2940100594421582,3.6666666666666665,0,435.38461538461536
32,1,1125,1,16,1,1,2,0,72,1,1,6,1,2,3919,4681,1,1,22,4,2,0,10,5,3,10,2,6,7,0.895976223136717,1.6666666666666667,0,356.27272727272725
20,1,769,2,9,3,2,4,0,54,3,1,8,4,2,2323,17205,1,1,14,3,2,0,2,3,3,2,2,0,2,0.4036840733339126,3.3333333333333335,0,774.3333333333334
43,1,394,2,26,2,1,3,1,92,3,4,3,4,1,16959,19494,1,1,12,3,4,2,25,3,4,25,12,4,12,2.94708489008602,3.6666666666666665,0,652.2692307692307
33,2,217,2,10,4,2,2,1,43,3,2,7,3,2,5487,10410,1,0,14,3,2,0,10,2,2,10,4,0,9,0.9535146407159614,2.3333333333333335,1,498.8181818181818
33,2,211,2,16,3,1,1,0,74,3,3,7,1,2,8564,10092,2,1,20,4,3,0,11,2,2,0,0,0,0,1.4882266052654445,1.6666666666666667,1,713.6666666666666
32,2,906,2,7,3,1,4,1,91,2,2,7,3,1,5484,16985,1,0,14,3,3,1,13,3,2,13,8,4,8,0.952993309583804,3.3333333333333335,1,391.7142857142857
54,1,1050,1,11,4,3,2,0,87,3,4,3,4,0,16032,24456,3,0,20,4,1,1,26,2,3,14,9,1,12,3.6652949245541837,2.3333333333333335,0,593.7777777777778
31,2,329,1,1,2,1,4,1,98,2,1,2,1,1,2218,16193,1,0,12,3,3,1,4,3,3,4,2,3,2,0.507087334247828,2.6666666666666665,0,443.6
31,1,703,2,2,3,1,3,0,90,2,1,8,4,2,2785,11882,7,0,14,3,3,0,3,3,4,1,0,0,0,0.48396906768615866,3.3333333333333335,0,696.25
42,2,1210,1,2,3,3,3,1,68,2,1,2,2,1,4841,24052,4,0,14,3,2,1,4,3,3,1,0,0,0,1.1067672610882486,2.3333333333333335,0,968.2
42,2,419,2,12,4,2,2,1,77,3,2,7,4,0,5087,2900,3,1,12,3,3,2,14,4,3,0,0,0,0,0.8840038230949692,3.0,0,339.1333333333333
55,2,836,1,8,3,3,4,0,33,3,4,3,3,0,14756,19730,2,1,14,3,3,3,21,2,3,5,0,0,2,3.3735711019661636,3.3333333333333335,0,670.7272727272727
33,2,1099,1,4,4,3,1,0,82,2,1,2,2,1,3838,8192,8,0,11,3,4,0,8,5,3,5,4,0,2,0.8774577046181985,2.3333333333333335,0,426.44444444444446
30,2,138,1,22,3,1,1,0,48,3,1,6,3,1,2132,11539,4,1,11,3,2,0,7,2,3,5,2,0,1,0.4874256973022405,2.0,0,266.5
56,1,906,2,6,3,1,3,0,86,4,4,7,1,1,13212,18256,9,0,11,3,4,3,36,0,2,7,7,7,7,2.2959423060213746,2.6666666666666665,1,357.0810810810811
41,0,247,1,7,1,1,2,0,55,1,5,5,3,0,19973,20284,1,0,22,4,2,2,21,3,3,21,16,5,10,4.566300868770004,2.3333333333333335,0,907.8636363636364
25,2,959,2,28,3,1,1,1,41,2,2,7,3,1,8639,24835,2,0,18,3,4,0,6,3,3,2,2,2,2,1.5012598835693804,2.6666666666666665,0,1234.142857142857
31,2,326,2,8,2,1,1,1,31,3,3,7,4,0,10793,8386,1,0,18,3,1,1,13,5,3,13,7,9,9,1.8755756364584237,2.0,0,770.9285714285714
55,2,1441,1,22,3,5,1,1,94,2,1,6,2,0,3537,23737,5,0,12,3,4,1,8,1,3,4,2,1,2,0.808641975308642,2.3333333333333335,0,393.0
47,1,719,2,27,2,1,2,0,77,4,2,7,3,2,6397,10339,4,1,12,3,4,0,8,2,3,5,4,1,3,1.111651750803719,3.0,0,710.7777777777778
52,0,771,2,2,4,1,1,1,79,2,5,3,3,2,19068,21030,1,1,18,3,4,0,33,2,4,33,7,15,12,3.3135806759927013,2.6666666666666665,0,560.8235294117648
52,2,1030,2,5,3,1,2,1,64,3,3,7,2,2,8446,21534,9,1,19,3,3,0,10,2,2,8,7,7,7,1.4677209140672518,2.3333333333333335,1,767.8181818181819
33,2,147,1,4,4,3,3,0,47,2,1,6,2,1,2622,13248,6,0,21,4,4,0,7,3,3,3,2,1,1,0.5994513031550068,3.0,0,327.75
27,2,1469,1,1,2,3,4,1,82,3,1,2,2,0,3816,17881,1,0,11,3,2,1,5,2,3,5,2,0,4,0.8724279835390947,2.6666666666666665,0,636.0
35,2,1029,1,16,3,1,4,0,91,2,3,0,2,2,8606,21195,1,0,19,3,4,0,11,3,1,11,8,3,3,1.9675354366712392,3.3333333333333335,1,717.1666666666666
19,2,528,2,22,1,2,4,1,50,3,1,8,3,2,1675,26820,1,1,19,3,4,0,0,2,2,0,0,0,0,0.2910765487879051,3.6666666666666665,1,1675.0
36,1,688,1,4,2,1,4,0,97,3,2,4,2,0,5131,9192,7,0,13,3,2,3,18,3,3,4,2,0,2,1.1730681298582533,2.6666666666666665,0,270.05263157894734
45,2,950,1,28,3,5,4,1,97,3,1,6,4,1,2132,4585,4,0,20,4,4,1,8,3,3,5,4,0,3,0.4874256973022405,4.0,0,236.88888888888889
34,1,658,1,7,3,1,1,1,66,1,2,2,3,2,6074,22887,1,1,24,4,4,0,9,3,3,9,7,0,6,1.3886602652034752,2.6666666666666665,0,607.4
29,2,136,1,1,3,1,1,1,89,3,2,0,1,1,5373,6225,0,0,12,3,1,1,6,5,2,5,3,0,2,1.228395061728395,1.0,1,767.5714285714286
34,2,182,1,1,4,1,2,0,72,4,1,6,4,2,3280,13551,2,0,16,3,3,0,10,2,3,4,2,1,3,0.7498856881572931,3.0,0,298.1818181818182
41,2,796,2,4,1,2,3,0,81,3,3,7,3,0,10447,26458,0,1,13,3,4,1,23,3,4,22,14,13,5,1.8154487792162655,3.3333333333333335,0,435.2916666666667
31,2,741,1,2,4,1,2,1,69,3,1,2,3,1,3477,18103,1,0,14,3,4,1,6,2,4,5,2,0,3,0.7949245541838135,3.0,0,496.7142857142857
41,2,549,1,7,2,3,4,0,42,3,2,4,3,2,5003,23371,6,0,14,3,2,0,8,6,3,2,2,2,1,1.1438042981252858,3.0,0,555.8888888888889
49,2,465,1,6,1,1,3,0,41,2,4,0,3,1,13966,11652,2,1,19,3,2,1,30,3,3,15,11,2,12,3.1929583904892547,2.6666666666666665,0,450.51612903225805
32,1,689,2,9,2,3,4,1,35,1,2,7,4,0,4668,22812,0,0,17,3,4,3,9,2,4,8,7,0,7,0.8111912416369798,4.0,0,466.8
43,1,1422,2,2,4,1,1,1,92,3,2,7,4,1,5675,19246,1,0,20,4,3,1,7,5,3,7,7,7,7,0.9861847249978278,2.6666666666666665,0,709.375
40,2,1329,1,7,3,1,1,1,73,3,1,2,1,2,2166,3339,3,1,14,3,2,0,10,3,1,4,2,0,3,0.49519890260631,1.3333333333333333,1,196.9090909090909
28,2,821,2,5,4,3,1,1,98,3,2,7,4,2,4908,24252,1,0,14,3,2,0,4,3,3,4,2,0,2,0.8528977322095751,2.3333333333333335,0,981.6
36,2,676,1,1,3,4,3,0,35,3,2,4,2,1,5228,23361,0,0,15,3,1,1,10,2,3,9,7,0,5,1.1952446273433928,2.0,0,475.27272727272725
44,2,986,1,8,4,1,1,1,62,4,1,2,4,1,2818,5044,2,1,24,4,3,1,10,2,2,3,2,0,2,0.6442615454961134,2.6666666666666665,1,256.1818181818182
36,2,311,1,7,3,1,1,1,77,3,1,2,2,2,2013,10950,2,0,11,3,3,0,15,4,3,4,3,1,3,0.46021947873799723,2.0,0,125.8125
28,2,950,1,3,3,3,4,0,93,3,3,4,2,0,7655,8039,0,0,17,3,2,3,10,3,2,9,7,1,7,1.750114311842707,2.6666666666666665,1,695.9090909090909
21,2,156,2,12,3,1,3,0,90,4,1,8,2,2,2716,25422,1,0,15,3,4,0,1,0,3,1,0,0,0,0.4719784516465375,3.0,0,1358.0
30,1,600,0,8,3,0,3,0,66,2,1,1,4,0,2180,9732,6,0,11,3,3,1,6,0,2,4,2,1,2,0.5609881626351003,3.3333333333333335,1,311.42857142857144
26,2,1146,2,8,3,5,4,1,38,2,2,7,1,2,5326,3064,6,0,17,3,3,0,6,2,2,4,3,1,2,0.925536536623512,2.6666666666666665,1,760.8571428571429
40,0,1151,1,9,5,1,4,1,63,2,2,0,4,1,4876,14242,9,0,14,3,4,1,5,5,1,3,2,0,2,1.114769090077732,4.0,1,812.6666666666666
24,0,1269,1,4,1,1,1,1,46,2,1,2,4,1,3162,10778,0,0,17,3,4,0,6,2,2,5,2,3,4,0.7229080932784636,3.0,1,451.7142857142857
35,2,1214,1,1,3,3,2,1,30,2,1,6,3,2,2859,26278,1,0,18,3,1,0,6,3,3,6,4,0,4,0.6536351165980796,2.0,0,408.42857142857144
37,2,783,1,7,4,3,4,1,78,3,2,6,1,1,4284,13588,5,1,22,4,3,1,16,2,3,5,3,0,4,0.9794238683127572,2.6666666666666665,0,252.0
26,1,496,1,11,2,3,1,1,60,3,2,0,1,1,4741,22722,1,1,13,3,3,1,5,3,3,5,3,3,3,1.083904892546868,1.6666666666666667,0,790.1666666666666
46,2,669,2,9,2,3,3,1,64,2,3,7,4,2,9619,13596,1,0,16,3,4,0,9,3,3,9,8,4,7,1.6715613867408115,3.6666666666666665,0,961.9
28,2,866,2,5,3,3,4,1,84,3,2,7,1,2,8463,23490,0,0,18,3,4,0,6,4,3,5,4,1,3,1.470675123816144,3.0,0,1209.0
29,2,806,1,7,3,5,2,0,39,3,1,2,3,0,3339,17285,3,1,13,3,1,2,10,2,3,7,7,7,7,0.7633744855967078,2.0,0,303.54545454545456
36,2,172,1,4,4,1,1,1,37,2,2,2,4,2,5810,22604,1,0,16,3,3,0,10,2,2,10,4,1,8,1.3283036122542295,2.6666666666666665,1,528.1818181818181
30,2,125,1,9,2,3,4,1,83,2,1,2,3,2,2206,16117,1,0,13,3,1,0,10,5,3,10,0,1,8,0.5043438500228624,2.6666666666666665,0,200.54545454545453
29,1,806,1,1,4,1,2,1,76,1,1,6,4,0,2720,18959,1,0,18,3,4,1,10,5,3,10,7,2,8,0.6218564243255601,3.3333333333333335,0,247.27272727272728
29,2,726,1,29,1,1,4,1,93,1,2,0,3,0,6384,21143,8,0,17,3,4,2,11,3,3,7,0,1,6,1.4595336076817558,3.6666666666666665,0,532.0
34,2,1333,2,10,4,1,3,0,87,3,1,8,3,1,2220,18410,1,1,19,3,4,1,1,2,3,1,1,0,0,0.3857850377965071,3.3333333333333335,0,1110.0
32,2,859,1,4,3,1,3,0,98,2,2,4,3,1,6162,19124,1,0,12,3,3,1,14,3,3,14,13,6,8,1.4087791495198903,3.0,0,410.8
42,2,544,0,2,1,5,3,1,52,3,1,1,3,0,2696,24017,0,1,11,3,3,1,4,5,3,3,2,1,0,0.6937725167267113,3.0,0,539.2
30,2,911,1,1,2,3,4,1,76,3,1,2,2,1,3748,4077,1,0,13,3,3,0,12,6,2,12,8,1,7,0.8568815729309557,3.0,1,288.3076923076923
48,2,163,2,2,5,2,2,0,37,3,2,7,4,1,4051,19658,2,0,14,3,1,1,14,2,3,9,7,6,7,0.7039708054565992,2.3333333333333335,0,270.06666666666666
38,2,371,1,2,3,1,4,1,45,3,1,6,4,2,3944,4306,5,1,11,3,3,0,6,3,3,3,2,1,2,0.9016918152720622,3.6666666666666665,0,563.4285714285714
32,2,128,1,2,1,5,4,1,84,2,2,2,1,2,2176,19737,4,0,13,3,4,0,9,5,3,6,2,0,4,0.4974851394604481,3.0,0,217.6
35,2,1232,2,16,3,2,3,1,96,3,3,7,2,1,8020,5100,0,0,15,3,3,2,12,3,2,11,9,6,9,1.393691893300895,2.6666666666666665,1,616.9230769230769
44,2,528,0,1,3,1,3,0,44,3,1,1,4,0,3195,4167,4,1,18,3,1,3,8,2,3,2,2,2,2,0.8221821924858467,2.6666666666666665,0,355.0
57,2,405,1,1,2,1,2,1,93,4,2,6,3,1,4900,2721,0,0,24,4,1,1,13,2,2,12,9,2,8,1.1202560585276635,2.0,1,350.0
34,2,181,1,2,4,3,4,1,97,4,1,6,4,1,2932,5586,0,1,14,3,1,3,6,3,3,5,0,1,2,0.6703246456332876,3.0,0,418.85714285714283
49,2,1184,2,11,3,2,3,0,43,3,3,7,4,1,7654,5860,1,0,18,3,1,2,9,3,4,9,8,7,7,1.330089495177687,2.6666666666666665,0,765.4
38,0,573,1,6,3,3,2,0,79,1,2,6,4,0,5329,15717,7,1,12,3,4,3,17,3,3,13,11,1,9,1.2183356195701875,3.3333333333333335,0,296.05555555555554
40,2,989,1,4,1,3,4,0,46,3,5,3,3,1,19033,6499,1,0,14,3,2,1,21,2,3,20,8,9,9,4.351394604481024,3.0,0,865.1363636363636
53,2,1223,1,7,2,3,4,0,50,3,5,3,3,0,18606,18640,3,0,18,3,2,1,26,6,3,7,7,4,7,4.253772290809328,3.0,0,689.1111111111111
29,2,1283,1,23,3,1,4,1,54,3,1,6,4,2,2201,18168,9,0,16,3,4,0,6,4,3,3,2,1,2,0.5032007315957934,4.0,0,314.42857142857144
44,1,429,1,1,2,3,3,1,99,3,1,6,2,0,2342,11092,1,1,12,3,3,3,6,2,2,5,3,2,3,0.5354366712391404,2.6666666666666665,1,334.57142857142856
33,1,1111,2,5,1,1,2,1,61,3,2,7,4,1,9998,19293,6,0,13,3,1,0,8,2,4,5,4,1,2,1.7374228864367016,2.3333333333333335,0,1110.888888888889
44,2,477,1,7,4,3,1,0,42,2,3,0,4,1,10248,2094,3,0,14,3,4,1,24,4,3,22,6,5,17,2.342935528120713,3.0,0,409.92
33,2,575,1,25,3,1,4,1,44,2,2,4,2,2,4320,24152,1,0,13,3,4,0,5,2,3,5,3,0,2,0.9876543209876543,3.3333333333333335,0,720.0
27,1,1337,0,22,3,0,1,0,58,2,1,1,2,1,2863,19555,1,0,12,3,1,0,1,2,3,1,0,0,0,0.7367472979927946,1.3333333333333333,0,1431.5
29,2,991,2,5,3,3,1,1,43,2,2,7,2,0,4187,3356,1,1,13,3,2,1,10,3,2,10,0,0,9,0.7276044834477365,1.6666666666666667,1,380.6363636363636
18,0,287,1,5,2,1,2,1,73,3,1,6,4,2,1051,13493,1,0,15,3,4,0,0,2,3,0,0,0,0,0.24028349336991311,3.3333333333333335,0,1051.0
43,2,531,2,4,4,2,4,0,56,2,3,7,4,2,10231,20364,3,0,14,3,4,0,23,3,4,21,7,15,17,1.7779129377009297,4.0,0,426.2916666666667
29,2,232,1,19,3,5,4,1,34,3,2,4,4,0,4262,22645,4,0,12,3,2,2,8,2,4,3,2,1,2,0.9743941472336534,3.3333333333333335,0,473.55555555555554
32,2,498,1,3,4,3,3,0,93,3,2,4,1,1,6725,13554,1,0,12,3,3,1,8,2,4,8,7,6,3,1.5374942844078647,2.3333333333333335,0,747.2222222222222
50,2,410,2,28,3,2,4,1,39,2,3,7,1,0,10854,16586,4,1,13,3,2,1,20,3,3,3,2,2,0,1.8861760361456252,2.3333333333333335,0,516.8571428571429
31,1,1060,2,1,3,1,4,0,54,3,1,8,2,2,2302,8319,1,1,11,3,1,0,3,2,4,3,2,2,2,0.4000347554088105,2.3333333333333335,0,575.5
40,2,1194,1,1,3,1,3,0,52,3,2,0,4,0,6513,9060,4,0,17,3,4,1,12,3,3,5,3,0,3,1.489026063100137,3.6666666666666665,0,501.0
30,2,288,1,2,3,1,3,1,99,2,2,0,4,1,4152,15830,1,0,19,3,1,3,11,3,3,11,10,10,8,0.9492455418381345,2.6666666666666665,0,346.0
31,2,249,2,6,4,1,2,1,76,1,2,7,3,1,6172,20739,4,1,18,3,2,0,12,3,2,7,7,7,7,1.0725519158919106,2.3333333333333335,1,474.7692307692308
35,2,670,1,10,4,3,1,0,51,3,2,0,3,2,6142,4223,3,1,16,3,3,0,10,4,3,5,2,0,4,1.404206675811614,2.3333333333333335,0,558.3636363636364
34,2,1397,1,1,5,1,2,1,42,3,1,6,4,1,2691,7660,1,0,12,3,4,1,10,4,2,10,9,8,8,0.6152263374485597,3.3333333333333335,1,244.63636363636363
28,0,1476,1,1,3,1,3,0,55,1,2,2,4,1,6674,16392,0,0,11,3,1,3,10,6,3,9,8,7,5,1.5258344764517604,2.6666666666666665,0,606.7272727272727
40,0,663,1,9,4,4,3,1,81,3,2,2,3,0,3975,23099,3,0,11,3,3,2,11,2,4,8,7,0,7,0.9087791495198903,3.0,0,331.25
46,2,563,2,1,4,1,4,1,56,4,4,3,1,2,17567,3156,1,0,15,3,2,0,27,5,1,26,0,0,12,3.0527413328699278,2.3333333333333335,1,627.3928571428571
26,2,933,2,1,3,1,3,1,57,3,2,7,3,1,5296,20156,1,0,17,3,2,1,8,3,3,8,7,7,7,0.9203232253019377,2.6666666666666665,0,588.4444444444445
30,2,979,2,15,2,2,3,1,94,2,3,7,1,0,7140,3088,2,0,11,3,1,1,12,2,3,7,7,1,7,1.240768094534712,1.6666666666666667,0,549.2307692307693
35,2,622,1,14,4,4,3,1,39,2,1,2,2,0,3743,10074,1,1,24,4,4,1,5,2,1,4,2,0,2,0.8557384545038866,3.0,1,623.8333333333334
32,2,1033,1,9,3,3,1,0,41,3,1,2,1,2,4200,10224,7,0,22,4,1,0,10,2,4,5,4,0,4,0.9602194787379973,1.0,0,381.8181818181818
30,2,1176,1,20,3,4,3,1,85,3,2,4,1,1,9957,9096,0,0,15,3,3,1,7,1,2,6,2,0,2,2.276406035665295,2.3333333333333335,1,1244.625
34,2,810,2,8,2,5,2,1,92,4,2,7,3,1,6799,22128,1,0,21,4,3,2,10,5,3,10,8,4,8,1.181510122512816,2.6666666666666665,0,618.0909090909091
35,2,195,2,1,3,3,1,0,80,3,2,7,3,2,4859,6698,1,0,16,3,4,0,5,3,3,5,4,0,3,0.8443826570510036,2.6666666666666665,0,809.8333333333334
40,2,444,2,2,2,2,2,0,92,3,2,7,2,1,5677,4258,3,0,14,3,3,1,15,4,3,11,8,5,10,0.9865322790859328,2.3333333333333335,0,354.8125
34,2,790,2,24,4,3,1,0,40,2,2,7,2,2,4599,7815,0,1,23,4,3,0,16,2,4,15,9,10,10,0.7992006255973586,2.0,0,270.52941176470586
38,2,1206,1,9,2,1,2,1,71,3,1,6,4,0,4771,14293,2,0,19,3,4,2,10,0,4,5,2,0,3,1.0907636031092822,3.3333333333333335,0,433.72727272727275
30,2,634,1,17,4,3,2,0,95,3,3,3,1,1,11916,25927,1,1,23,4,4,2,9,2,3,9,1,0,8,2.7242798353909463,2.3333333333333335,0,1191.6
46,2,1125,2,10,3,2,3,0,94,2,3,7,4,1,9071,11563,2,1,19,3,3,1,15,3,3,3,2,1,2,1.5763315666000521,3.3333333333333335,0,566.9375
51,2,1469,1,8,4,1,2,1,81,2,3,5,2,1,12490,15736,5,0,16,3,4,2,16,5,1,10,9,4,7,2.8555098308184728,2.6666666666666665,1,734.7058823529412
23,2,310,1,10,1,3,1,1,79,4,1,6,3,2,3505,19630,1,0,18,3,4,0,2,3,3,2,2,0,2,0.8013260173754001,2.6666666666666665,0,1168.3333333333333
55,2,692,1,14,4,3,3,1,61,4,5,5,2,2,18722,13339,8,0,11,3,4,0,36,3,3,24,15,2,15,4.28029263831733,3.0,0,506.0
46,2,1277,2,2,3,1,3,1,74,3,3,7,4,0,10368,5596,4,1,12,3,2,1,13,5,2,10,6,0,3,1.8017203927361196,3.0,1,740.5714285714286
30,2,438,1,18,3,1,1,0,75,3,1,6,3,2,2632,23910,1,0,14,3,3,0,5,4,2,5,4,0,4,0.6017375400091449,2.3333333333333335,1,438.6666666666667
58,1,1216,1,15,4,1,1,1,87,3,4,5,3,1,15787,21624,2,1,14,3,2,0,23,3,3,2,2,2,2,3.6092821216278006,2.0,0,657.7916666666666
51,2,942,1,3,3,5,1,0,53,3,3,3,3,1,13116,22984,2,0,11,3,4,0,15,2,3,2,2,2,2,2.998628257887517,2.6666666666666665,0,819.75
42,1,1474,1,5,2,4,2,1,97,3,1,2,3,1,2093,9260,4,0,17,3,4,1,8,4,3,2,2,2,0,0.47850937357110196,3.0,0,232.55555555555554
31,2,691,2,7,3,2,4,1,73,3,2,7,4,0,7547,7143,4,0,12,3,4,3,13,3,3,7,7,1,7,1.3114953514640717,4.0,0,539.0714285714286
34,2,1440,2,7,2,5,2,1,55,3,1,8,3,1,2308,4944,0,1,25,4,2,1,12,4,3,11,10,5,7,0.4010774176731254,2.3333333333333335,0,177.53846153846155
60,2,422,1,7,3,1,1,0,41,3,5,3,1,1,19566,3854,5,0,11,3,4,0,33,5,1,29,8,11,10,4.473251028806584,2.0,1,575.4705882352941
37,2,1462,1,11,3,3,1,0,94,3,1,2,3,2,3629,19106,4,0,18,3,1,0,8,6,3,3,2,0,2,0.8296753543667124,1.6666666666666667,0,403.22222222222223
35,2,682,2,18,4,3,2,1,71,3,2,7,1,1,5561,15975,0,0,16,3,4,1,6,2,1,5,3,0,4,0.966374141975845,2.3333333333333335,1,794.4285714285714
46,0,1144,1,7,4,3,3,0,30,3,2,4,3,1,5258,16044,2,0,14,3,3,0,7,2,4,1,0,0,0,1.202103337905807,3.0,0,657.25
23,2,427,2,7,3,1,3,1,99,3,1,8,4,0,2275,25103,1,1,21,4,2,1,3,2,3,3,2,0,2,0.39534277521939354,3.0,0,568.75
38,2,1009,2,2,2,1,2,0,31,3,2,7,1,0,6893,19461,3,0,15,3,4,1,11,3,3,7,7,1,7,1.1978451646537494,2.3333333333333335,0,574.4166666666666
22,2,217,1,8,1,1,2,1,94,1,1,2,1,1,2451,6881,1,0,15,3,1,1,4,3,2,4,3,1,1,0.5603566529492455,1.3333333333333333,1,490.2
36,2,430,1,2,4,4,4,0,73,3,2,6,2,1,6962,19573,4,1,22,4,4,1,15,2,3,1,0,0,0,1.5916780978509373,3.3333333333333335,0,435.125
39,1,766,2,20,3,1,3,1,83,3,2,7,4,0,4127,19188,2,0,18,3,4,1,7,6,3,2,1,2,2,0.7171778608045877,3.6666666666666665,0,515.875
37,2,514,2,23,3,1,3,0,79,3,2,7,3,1,6147,13607,1,0,18,3,3,0,10,2,3,9,7,5,7,1.0682226436309177,3.4440902490956358,0,519.36128708578
33,1,343,1,15,4,1,3,0,77,2,1,6,2,0,1759,16430,1,0,16,3,1,0,6,3,2,6,1,4,4,0.37258857626481706,2.3333333333333335,0,380.4311690595962
22,1,626,2,10,2,2,4,1,34,3,1,8,1,1,1777,26941,1,0,19,3,1,0,0,2,2,0,0,0,0,0.308900537754684,2.1801718187053725,1,979.3204111541143
29,1,846,1,2,3,2,2,0,47,2,1,5,2,2,4274,16492,5,0,17,3,3,0,5,2,2,1,1,1,0,0.977160231192197,3.0401236899492825,0,667.8063768816845
28,2,943,1,1,1,2,1,0,50,3,1,4,1,1,2947,21734,4,0,18,3,1,0,9,3,3,7,5,1,5,0.588491427920321,1.3244492208717382,0,321.8737967388731
39,1,912,1,19,2,1,3,0,53,2,1,2,3,0,2975,20148,2,1,20,3,3,1,16,0,1,2,1,0,1,0.6802889077326247,3.355695903433963,0,182.50137197068483
29,1,927,1,17,2,1,2,0,73,3,2,2,3,1,9836,23093,3,0,11,3,2,0,9,1,3,1,0,0,0,2.0225836170263234,2.504055832213102,0,1028.690377739188
40,2,1101,1,3,2,3,3,0,47,2,2,6,2,1,5197,17773,3,0,17,3,1,0,11,3,2,1,0,0,0,0.9402695768197663,2.5754256813260024,1,404.13114266167395
43,2,621,1,13,3,2,1,0,69,2,3,0,3,1,8292,14176,1,0,11,3,3,0,10,2,2,10,6,1,5,1.8263095998985812,2.920239979092278,0,709.0155805869525
32,1,654,1,11,1,3,1,1,46,1,1,2,3,0,3219,6593,5,0,12,3,1,2,6,2,2,3,2,1,2,0.7359682705628031,2.236685193682079,0,494.95799182912805
42,1,458,1,3,2,3,3,1,94,3,1,6,1,0,2226,11050,1,0,12,3,3,2,5,2,2,4,2,1,2,0.5035129165422686,2.6666666666666665,0,354.0414632251959
28,1,514,1,10,2,0,3,0,76,1,1,5,3,1,2283,11760,4,0,12,3,3,0,2,2,3,1,0,0,0,0.44976335811951895,3.3333333333333335,0,729.4090399707707
21,1,1201,1,3,3,2,1,1,60,2,1,5,2,1,2129,7744,1,0,14,3,2,0,0,2,3,0,0,0,0,0.4199154236768714,2.199709004399582,0,1674.8734169138181
29,2,125,1,12,3,1,3,0,56,3,1,4,2,1,2300,25954,1,1,12,3,4,0,5,2,3,5,1,4,4,0.5259757619082359,3.1803019926386664,0,490.992298205353
31,1,798,1,11,3,2,2,1,48,1,3,3,3,1,10122,24413,1,0,11,3,2,0,13,2,2,7,4,4,4,2.0185971526161905,2.703332690738436,0,723.369592685352
39,1,1237,2,10,2,1,3,0,82,1,3,7,3,1,11771,23857,5,0,11,3,3,0,17,1,1,15,3,9,6,2.045536927142795,3.2519917267481695,0,841.5736279062181
29,1,713,1,16,2,1,3,0,61,2,3,6,1,1,7368,10504,1,0,12,3,1,0,10,2,1,10,8,3,9,1.400905881225853,2.0,0,630.672649565516
38,2,1251,1,11,3,1,1,1,68,2,1,2,1,2,2202,3252,3,1,15,3,2,0,8,2,1,3,2,0,2,0.503557944833391,1.4162413848100959,0,243.81620530596658
27,1,887,1,3,3,1,2,0,45,1,1,6,2,2,1377,16518,1,0,12,3,1,0,1,3,2,1,0,0,0,0.26508260113667703,2.1131649806539343,0,688.9121970770443
28,1,406,1,5,3,1,2,0,48,3,1,5,1,0,1913,26809,1,0,15,3,2,1,1,2,2,1,0,0,0,0.3819220095524275,2.0,0,956.6921619173345
32,1,530,1,7,4,1,2,0,61,1,1,7,2,1,1527,16270,1,0,13,3,1,0,3,3,2,3,0,1,2,0.2935241165181808,2.3333333333333335,0,553.7543588142464
26,1,671,1,2,3,3,2,1,52,3,1,6,4,1,2289,3184,4,1,18,3,1,0,4,2,2,1,0,1,0,0.5234930002985251,2.7385354201147507,0,426.3104942182003
26,1,194,1,12,2,1,1,0,55,2,1,4,2,2,3781,25821,2,0,17,3,3,0,3,2,1,2,2,1,2,0.7394306422840408,2.0476486834700074,0,825.9642704556019
28,1,779,1,1,3,2,1,1,82,3,1,3,3,1,3335,15145,2,0,12,3,3,0,5,4,1,0,0,0,0,0.7213157752878203,2.419675379696444,0,555.9668239807575
40,1,913,1,14,3,1,3,1,90,2,1,5,2,2,3062,11018,0,0,11,3,2,0,6,3,3,5,4,0,2,0.7001401908463752,2.844796568739048,0,437.4875992517208
30,2,461,1,23,3,1,1,1,77,2,1,3,3,1,2727,18154,1,1,22,3,3,0,1,2,1,1,0,0,0,0.600073928163329,2.6666666666666665,0,1363.6529572084485
36,2,1124,1,21,1,2,1,1,60,2,2,1,1,1,6688,11556,6,0,17,3,2,0,15,2,3,0,0,0,0,1.4347453669737036,1.6666666666666667,0,432.50802567360046
27,1,1471,2,1,2,4,1,1,89,3,1,8,2,0,2951,15938,2,0,13,3,3,1,5,3,3,3,2,0,2,0.512833920518413,2.4540262847312726,0,491.8504659372013
34,2,515,1,3,2,1,1,0,50,3,1,2,1,1,2543,21585,6,0,18,3,1,0,13,3,3,8,6,1,5,0.5814718887241628,1.3166752950566267,0,177.38907384971162
34,2,800,1,6,3,3,3,1,72,2,1,2,1,1,2289,4485,4,1,16,3,4,0,7,2,1,4,4,1,4,0.5235337163995136,2.733184738085317,1,266.2161682534389
24,2,327,1,7,2,2,2,1,52,2,1,5,1,1,2411,4658,1,0,12,3,2,0,3,3,2,3,3,0,3,0.47457984770388845,2.159238296960076,0,826.1356353878354
33,2,108,1,2,3,1,1,0,70,3,1,2,1,0,2127,26519,1,0,12,3,4,0,1,1,3,1,0,0,0,0.4739842342676691,2.0828913216933542,0,1063.6081142635667
27,2,1369,1,18,3,4,2,1,34,2,1,2,3,0,2371,19059,3,0,15,3,1,1,3,1,2,2,1,0,1,0.5422305209846886,2.5094567070990697,1,739.1966932826232
41,1,457,1,10,3,3,2,0,70,2,2,6,2,1,5300,17632,3,0,13,3,1,0,9,3,1,6,2,3,3,1.0738637414701584,1.7091094455956293,1,546.523229987475
40,2,1055,1,2,2,2,3,0,52,2,2,6,3,1,5266,18078,4,1,17,3,1,0,14,2,2,1,0,0,0,0.9735652183588817,2.6666666666666665,0,367.55708210410785
28,2,1451,2,12,2,2,3,0,83,2,2,7,2,2,9855,23414,3,1,11,3,3,0,6,0,2,2,0,2,2,1.7126025309854935,3.6445673354209376,0,1403.9720007463707
42,2,867,2,7,3,2,3,1,58,2,3,7,1,1,9480,21531,9,0,17,3,3,0,12,2,2,10,9,6,3,1.6474358105613358,2.518668346214195,0,699.0441494815394
32,0,1211,2,13,4,3,4,0,62,3,2,7,3,1,4676,23711,5,0,13,3,3,0,5,1,2,4,2,1,2,0.8127535260909174,3.559104537240805,0,703.5908569250923
28,1,1385,1,6,3,4,3,1,50,2,1,2,2,2,3442,11199,0,0,12,3,2,0,2,2,2,2,2,1,2,0.7870711544959603,2.9710661444678848,0,1118.7894908561877
42,1,916,1,22,3,1,4,0,44,2,1,2,3,0,3143,19909,2,1,21,3,3,0,17,0,1,1,0,0,0,0.7186308144953235,3.6415477767411986,0,256.38668622471823
31,1,1079,1,14,1,1,2,0,68,1,1,6,1,2,3932,4638,1,0,21,3,1,0,9,4,2,9,2,6,7,0.8990274135754507,1.7475509513880074,0,368.74728991179586
27,1,420,0,13,3,1,3,0,91,3,1,2,1,1,2796,21366,0,0,18,3,2,0,1,4,3,0,0,0,0,0.6704509915754209,2.4136764986774253,0,1030.1547580954273
24,2,338,1,10,3,1,3,0,84,3,1,7,3,0,2311,25279,1,1,18,3,2,0,4,2,3,4,2,2,3,0.4416349017093757,3.203059251262235,0,476.53571752053756
39,1,1119,1,2,2,2,3,0,41,2,1,6,2,1,5117,17732,3,1,18,3,1,0,11,2,2,1,0,0,0,0.9044596697405538,2.566087270546974,0,395.44828699414325
37,2,359,0,22,3,2,3,1,92,3,1,5,1,1,3746,22044,0,0,13,3,1,0,5,2,3,4,1,0,2,0.8706284533836306,1.8328820985759195,0,628.791170406909
20,0,286,1,8,1,2,2,0,73,2,1,3,2,2,2089,13788,1,0,12,3,3,0,0,0,3,0,0,0,0,0.4449095920186025,3.1165242267468423,0,1690.6598391188927
20,1,639,2,7,2,2,2,0,59,2,1,8,3,1,1817,18531,1,1,13,3,3,0,0,2,3,0,0,0,0,0.3158489688300424,2.9018353510535233,0,1462.2459442707068
48,0,1474,1,27,2,1,1,1,96,2,2,2,1,1,4285,22715,3,0,19,3,1,0,19,2,3,4,2,1,2,0.9787508216260032,1.0111163332550115,0,205.95270303981334
21,1,222,1,10,2,1,1,0,58,2,1,3,2,2,2652,25342,1,0,18,3,3,0,1,1,1,1,1,1,1,0.5612954765293837,2.53538329609079,0,1021.3851980177774
23,2,1083,1,12,2,1,3,0,83,3,1,2,1,1,1976,3400,1,0,16,3,1,1,1,2,1,0,0,0,0,0.4517652228372325,2.3333333333333335,0,988.0105423450275
39,2,1146,2,2,2,2,3,0,54,3,2,7,3,1,5436,18225,5,1,16,3,1,0,10,2,1,2,1,0,1,0.944736982724567,2.5790335686143395,1,472.0566032763062
23,1,413,1,9,3,2,2,0,86,3,1,2,1,2,3100,17015,1,1,11,3,2,0,3,2,2,0,0,0,0,0.6979477317600622,2.112994211107858,0,646.2587424557697
32,0,1474,1,11,3,3,3,1,61,3,2,6,2,1,4689,23864,7,0,12,3,3,0,6,2,3,4,2,1,2,0.8246362624630719,3.5565397530875895,0,653.0835991271897
23,1,607,1,8,3,1,3,0,35,3,1,7,1,0,1806,26936,1,0,18,3,1,1,1,2,2,1,0,0,0,0.32049877760242157,2.0,0,903.2166734815944
34,1,402,1,11,3,2,2,1,88,3,2,2,1,0,5144,6858,5,0,15,3,2,1,10,3,2,4,0,0,4,1.1760413441043982,2.4036521342612467,1,460.45237616724813
21,1,190,1,3,3,4,1,0,84,2,1,2,1,2,2952,12887,1,0,18,3,2,0,1,2,3,1,0,0,0,0.658802942793794,1.546845465205102,0,1402.1360188941674
28,2,1271,1,6,3,1,2,1,66,3,1,2,1,1,1790,3409,1,1,18,3,2,1,4,2,2,1,0,0,1,0.40938453054647556,1.9976732685363703,0,597.8986363436875
49,2,797,1,7,3,3,3,0,77,2,2,6,2,1,4991,17752,2,0,15,3,1,0,11,3,2,6,1,5,5,1.0924043236748038,2.113119935930377,1,410.2522485406141
32,1,439,2,4,2,1,3,0,53,1,1,8,3,0,2504,12121,2,0,15,3,3,0,3,3,2,1,1,0,0,0.43518425771757296,3.5489494538895747,0,626.0669527589434
19,2,1038,1,14,1,2,4,1,38,3,1,6,3,2,1267,26929,1,1,14,3,4,0,0,3,2,0,0,0,0,0.2541308647804369,3.6666666666666665,0,958.9681434601454
27,2,1011,1,2,3,2,3,1,54,3,1,6,2,1,4074,16367,4,0,15,3,3,0,5,3,2,2,2,1,1,0.8932397108642907,3.0274736723934006,0,679.0636076682771
31,1,1256,1,5,1,2,3,1,72,2,1,7,1,0,2880,16144,2,0,12,3,2,1,5,3,3,3,2,0,1,0.5360883908980908,2.3545838999523188,0,464.6315173836511
29,1,439,1,14,2,1,2,0,59,1,1,7,2,2,2644,14674,1,0,16,3,2,0,1,3,2,1,1,1,1,0.5077274248218243,2.6936784285386017,0,1027.9233560139778
34,1,1147,1,8,3,3,3,0,74,3,3,5,1,1,9677,10644,2,1,20,3,1,0,9,2,3,6,5,2,5,1.8978756294317563,2.0,0,924.6578026963716
23,2,621,1,2,3,2,2,0,65,2,1,3,2,2,1806,8930,2,0,17,3,3,0,4,3,2,2,0,0,1,0.41307487810215643,2.848919717723723,0,435.0710634000034
40,2,1074,2,1,2,1,2,0,93,2,2,7,3,1,5998,19519,7,1,11,3,1,0,8,0,1,6,4,0,5,1.0424510479187814,2.3333333333333335,1,659.712675361001
35,1,996,1,3,3,1,2,0,56,1,1,3,4,0,2650,17579,3,1,13,3,2,0,7,1,2,5,5,0,0,0.5703702232837546,3.0932545023896485,0,398.52266151339626
20,1,1101,1,9,3,1,3,0,43,2,1,4,2,2,1788,17236,1,0,13,3,1,0,1,4,2,1,0,0,0,0.3566083226842178,2.352011201453644,0,735.2767124845217
33,0,982,1,8,3,2,2,1,63,2,2,3,3,1,5531,23294,3,0,19,3,4,0,7,2,3,7,5,0,4,1.1619711746976056,3.063884784643368,0,633.2305267575706
32,2,881,1,5,3,3,2,0,43,2,1,2,3,0,3186,17404,3,1,13,3,1,1,10,1,2,7,7,5,5,0.728622030761091,2.27095764251513,0,289.72661477718293
18,2,251,1,3,2,1,3,1,56,3,1,2,2,2,1560,25347,1,0,14,3,2,0,0,2,3,0,0,0,0,0.35667826971545147,2.9112099165175,0,1395.49393695883
30,1,354,1,13,1,4,2,0,81,3,2,0,3,1,7495,22969,0,1,12,3,1,0,9,1,3,7,6,6,6,1.685204078816336,2.615866413600558,0,725.0015259074843
26,2,728,1,3,3,2,1,0,90,2,1,2,1,1,4109,9401,5,0,13,3,2,0,6,4,2,2,2,0,2,0.9220239245226858,1.6864893909548724,0,581.3515772571701
32,1,909,1,7,2,1,2,1,73,2,2,2,3,1,5379,22862,1,0,20,3,2,0,9,3,3,9,5,0,3,1.2298164421048305,2.6666666666666665,0,512.0257892215346
43,1,992,1,4,1,1,2,0,56,2,1,2,3,0,2591,13712,5,1,14,3,4,1,4,3,2,3,1,0,0,0.5925769807230228,3.441550161574435,0,518.472427498611
42,1,504,1,2,2,2,2,1,94,2,1,5,2,0,2338,11048,1,0,12,3,3,2,5,2,2,4,2,1,2,0.5345312416643673,2.63972551727852,1,400.19429537751387
40,2,1061,1,2,3,1,2,0,55,1,1,2,3,0,2824,17688,3,1,13,3,2,1,10,1,2,7,7,1,0,0.6457297356286709,2.917251579964694,0,256.7656239672551
35,2,1165,2,10,4,1,2,0,76,2,1,7,1,2,3554,7088,6,0,23,4,2,0,10,3,3,6,3,1,3,0.6176070047400217,2.0,0,304.89266680126235
35,2,728,1,6,1,3,1,1,57,1,1,2,3,0,4056,7130,5,0,12,3,1,2,7,2,3,4,2,1,3,0.9274925350774418,2.0,0,480.9980509198387
24,2,343,1,6,1,1,3,0,74,3,1,5,1,1,2406,26178,1,1,21,3,1,0,1,2,3,1,0,0,0,0.5501591138700215,2.2783885796209997,0,1203.1979820337367
54,2,274,1,2,2,1,2,0,46,1,5,3,3,1,19598,25811,3,0,13,3,4,0,35,2,3,31,14,8,8,3.839908929297295,3.1370850388617897,0,536.6857057210659
32,2,941,1,10,3,3,1,0,40,2,1,2,1,1,4098,10190,5,0,22,4,1,0,8,2,3,4,3,0,3,0.9369831375553266,1.444795432529549,0,435.6417988166249
32,0,1289,1,9,3,2,4,1,69,3,2,4,3,1,4791,23400,4,0,14,3,2,0,7,2,3,6,2,1,1,0.9613114156904329,3.1862965848003117,0,562.6546498633718
33,2,1021,1,24,3,2,1,1,55,2,1,5,1,2,2310,2998,3,1,19,3,2,0,5,0,2,2,2,1,2,0.5283120826355348,1.6617620168885014,0,382.72508291868985
33,1,1189,1,7,1,3,3,1,67,2,1,7,1,0,2813,16060,3,0,12,3,2,1,5,3,3,2,1,0,1,0.5392683731759597,2.502318626583921,0,447.048446794372
24,2,609,1,5,3,1,2,1,95,2,1,7,4,0,2572,25011,2,1,18,3,2,0,3,2,2,3,2,0,2,0.4946624432906772,3.0,0,570.8994529252054
25,1,1011,1,4,1,2,2,1,86,3,1,5,1,0,3092,16602,0,0,11,3,2,0,4,2,2,2,1,0,1,0.605772082466638,2.0,0,556.9656873747365
32,2,1085,0,10,3,4,1,0,59,3,1,1,2,1,2651,3123,1,0,14,3,3,0,1,0,2,1,1,1,1,0.6713826706939121,2.6097214069021715,0,946.6296338450558
29,2,1086,1,8,2,3,2,0,59,3,1,4,3,1,2766,22072,3,1,14,3,2,0,7,2,1,5,3,0,4,0.5567147675230738,2.6151357819429126,0,351.14583228247324
31,1,1297,1,14,3,3,2,1,47,2,1,6,1,0,4185,11520,1,0,16,3,2,0,8,2,1,3,1,1,2,0.739395191643432,2.0211706098633337,0,427.9808218407831
57,2,588,1,7,3,3,3,0,53,2,2,3,1,1,9968,11979,6,0,14,3,4,0,30,0,2,9,8,4,8,2.2789571877498527,2.691214578423994,0,324.7105316481908
26,1,150,1,16,3,1,3,0,50,2,1,5,3,2,2424,25631,1,0,13,3,3,0,7,2,2,7,2,6,6,0.554394110526508,3.488197174932489,0,347.5159403495856
28,2,1464,2,12,2,2,4,0,83,2,2,7,2,1,9860,23327,3,0,11,3,3,0,6,0,3,2,0,2,1,1.7134728869757236,3.652994701839669,0,1397.2745198577281
45,2,1206,1,10,3,1,2,0,64,3,3,6,2,1,7364,14015,4,0,20,3,3,2,13,2,3,8,7,0,6,1.3126754288762406,2.6917863534508206,0,505.51079339867977
44,0,1246,1,17,3,1,2,0,93,3,4,5,1,1,15248,18343,4,1,15,3,4,0,22,2,2,2,0,0,1,2.9856626121447887,2.7694285342770293,0,641.6932191277998
25,2,361,1,4,3,2,2,0,42,2,1,7,2,2,1679,22149,1,0,12,3,3,0,1,3,2,1,1,0,1,0.3240453380516653,2.712461700039284,0,657.6626023139977
26,1,301,1,3,1,2,2,1,36,2,1,3,1,2,2590,5157,5,0,11,3,2,0,6,2,2,0,0,0,0,0.5555054128264004,2.249970249823324,0,548.3858210174836
38,2,874,1,4,2,4,3,0,56,2,1,7,3,1,2097,3381,3,0,13,3,3,0,18,5,3,1,0,0,0,0.3750144358757227,3.550887669676857,0,112.7363418692961
29,1,418,1,16,1,2,2,0,76,3,3,0,3,1,8495,22920,1,0,12,3,1,0,10,1,3,5,4,4,4,1.9421868797642554,2.2518161989921386,0,755.4627490296261
21,2,428,1,11,1,1,4,1,68,3,1,6,2,2,2253,26291,1,1,21,3,1,0,0,2,2,0,0,0,0,0.49009262220527017,2.698505541237536,0,1356.2329494524588
18,0,218,1,7,1,3,2,1,80,3,1,2,2,2,2163,13422,1,0,13,3,3,0,0,0,3,0,0,0,0,0.49466854024156715,2.847495737418245,0,1802.5814018527253
32,1,777,1,2,3,2,2,0,49,2,1,4,2,2,4103,16678,4,0,19,3,3,0,7,2,2,1,1,1,0,0.9382491988415687,2.5776322347817606,0,569.1800740672104
32,1,232,1,3,3,1,1,0,60,3,1,3,1,0,2005,26700,1,0,13,3,3,1,1,2,2,1,0,0,0,0.43484347486247527,2.0,0,1002.7659538091923
48,2,1080,2,19,3,1,1,1,65,2,2,7,1,1,10297,5736,4,0,12,3,2,0,13,2,2,3,3,2,3,1.789468542684197,1.5383786618398583,0,700.1790660409105
54,2,609,1,2,2,2,3,0,72,2,5,3,1,1,19855,22367,3,0,13,3,4,1,26,2,3,11,5,2,5,4.265755072675693,3.0,0,741.3852193997501
49,2,652,1,2,2,1,1,1,94,2,2,3,2,1,5260,18868,7,0,13,3,3,0,19,2,2,2,0,1,1,1.20258756499968,2.4835121353160607,0,275.73199243390064
29,1,1273,1,12,2,2,3,0,79,3,2,6,3,1,9894,23190,3,0,11,3,3,0,8,1,3,1,0,1,1,1.833588166300649,3.321287251653239,0,1231.6760425458228
28,1,754,1,7,3,4,2,0,45,3,1,2,2,0,3318,17250,2,1,12,3,1,1,9,2,2,6,6,6,6,0.7587249317487483,2.0,0,343.83670025238433
55,1,616,1,12,4,2,2,0,61,2,3,3,1,1,10455,11596,5,1,13,3,4,0,25,0,2,10,8,5,9,2.3903439866645924,2.585666377390743,1,498.50759521334294
49,1,882,2,1,3,1,1,1,91,2,2,7,2,0,6728,14156,6,0,12,3,3,1,11,2,3,5,2,0,0,1.1692289990919347,2.9374713762783733,0,521.9811639801934
31,1,446,1,6,3,1,2,1,77,2,2,5,2,1,9884,25305,5,0,12,3,2,0,8,2,2,1,1,1,1,1.8624983141174305,2.3979941846413593,0,1108.6914430270347
18,2,252,1,2,3,1,3,1,54,3,1,2,2,2,1419,25224,1,0,12,3,2,0,0,2,3,0,0,0,0,0.3245086904355697,2.9852101719797988,0,1403.9493391410767
23,2,145,1,14,3,1,3,0,70,3,1,7,2,2,2555,25551,1,0,14,3,4,0,4,0,3,4,0,3,3,0.5095135302217263,3.3321101244305953,0,814.0036161826849
48,1,392,1,4,3,1,1,0,69,2,3,1,2,0,11139,12821,7,0,12,3,4,1,25,2,2,14,7,8,6,2.546846978564001,2.8412631010703286,0,438.6618059105136
28,2,724,1,4,2,1,2,0,38,2,1,2,1,1,2334,6796,1,1,12,3,3,1,1,1,3,1,0,0,0,0.5336094964299125,2.389542836645833,0,1167.0039686922187
32,1,1006,1,5,3,1,3,0,50,3,1,6,1,2,2437,8303,1,0,12,3,1,0,7,1,3,7,5,6,5,0.46992481522680307,2.3333333333333335,0,442.80751265344463
34,1,1164,1,7,3,4,3,0,78,3,3,5,1,1,9649,10553,1,1,20,3,1,0,9,2,3,7,6,3,6,1.8295291731895846,2.0,0,934.5076393669922
30,1,375,0,17,4,0,3,0,88,3,1,1,1,1,2937,21475,0,0,16,3,2,0,2,3,3,1,0,0,0,0.7536414135089934,2.6559912551466076,0,962.1961580988589
18,0,265,1,9,1,2,3,1,79,2,1,2,3,2,1951,13661,1,0,13,3,3,0,0,0,2,0,0,0,0,0.4461130314358987,3.3333333333333335,0,1843.4845711062148
26,2,1340,1,15,3,4,3,0,45,2,1,2,3,0,2415,18674,4,0,12,3,1,0,4,2,2,3,0,0,2,0.5522419852317274,2.527878559646422,0,538.3843552644231
32,1,300,1,15,2,2,3,0,48,1,1,5,2,0,2813,12006,0,0,13,3,3,0,4,2,2,3,2,1,1,0.5671679990693327,3.1199411961835146,0,550.5384976652405
28,1,1173,1,9,1,3,3,0,51,2,1,3,2,1,3800,4641,1,1,18,3,2,0,8,3,3,8,4,5,6,0.8688729950800669,2.533256721635875,0,410.9210778527968
29,1,535,1,7,2,3,3,1,52,2,1,2,1,1,2581,5724,4,0,11,3,3,0,5,3,2,0,0,0,0,0.5902163358835365,2.61369051911005,1,530.7558908651423
29,2,339,1,4,3,1,3,0,36,2,1,6,3,2,2474,9169,1,0,14,3,2,0,1,2,2,1,0,0,0,0.44300614048319964,3.0,0,1237.1923968192987
36,0,1078,2,20,2,2,1,1,67,3,2,7,3,1,5692,5177,5,1,12,3,1,0,8,4,2,5,2,0,2,0.9891471335295361,2.3333333333333335,0,594.7699906840642
31,1,548,1,4,3,5,3,1,43,3,1,6,4,1,2246,3409,7,0,21,3,3,0,6,4,3,1,0,0,0,0.49123055336513255,3.398318444160213,0,480.21560749816604
36,2,765,2,9,3,2,3,1,55,2,3,7,1,1,10125,21530,9,0,17,3,3,0,14,2,2,12,11,6,0,1.75964218770328,2.634383686225542,0,656.1045537080105
30,2,332,2,20,1,1,2,0,56,2,3,7,1,1,7806,10752,1,0,15,3,1,0,11,2,1,6,4,1,6,1.3565036339463943,1.872421237365764,1,650.5000134620437
28,1,116,1,23,2,1,3,1,50,2,1,2,3,1,2034,12955,5,1,14,3,2,0,5,3,2,3,1,0,2,0.46522110671410216,2.692716366543496,0,295.6787366396555
28,1,907,1,1,3,2,1,1,84,3,1,4,3,1,3259,15253,2,0,12,3,3,0,5,4,2,1,0,0,0,0.6826145685998322,2.4639707168193716,0,543.2097668893543
33,1,1142,1,6,3,1,2,1,68,2,1,5,1,1,3112,7049,4,0,20,3,1,0,6,3,3,3,1,0,1,0.5925847818212671,1.7577628810815216,0,668.8217799676515
31,2,1049,1,5,3,3,3,1,59,3,1,5,2,1,1870,3383,2,0,17,3,3,1,10,4,3,0,0,0,0,0.364069349226016,3.073087478056301,0,414.23737333290245
28,2,1427,1,5,4,4,2,1,49,3,1,2,2,1,3513,11209,1,0,13,3,3,0,2,2,1,2,1,1,2,0.7820442701276572,2.9089979089486695,1,1081.1417867061523
34,2,983,1,19,3,3,1,1,55,2,1,6,2,1,2250,3086,3,0,18,3,2,0,8,1,3,1,1,1,1,0.4833043122288851,2.2138726013662104,0,308.5628455812442
30,1,783,0,5,3,2,3,0,75,2,1,3,2,0,2395,9199,5,0,11,3,3,0,6,2,2,4,2,0,2,0.5820160561863948,3.0316308712660742,0,304.0943282435555
36,1,525,1,20,3,2,3,0,78,3,1,6,2,1,4293,22776,0,0,15,3,2,0,5,0,2,4,2,1,2,0.8427227088491156,2.5818159209731593,0,673.7290640387973
28,1,120,1,22,2,1,3,0,48,1,1,2,3,1,2056,12884,4,0,14,3,2,0,5,3,2,3,2,0,2,0.45871589067890906,2.7561953882633934,0,316.3970422044531
23,2,593,1,5,3,3,3,0,51,2,1,6,3,1,2160,22080,2,0,13,3,3,0,3,2,1,2,2,0,2,0.4153067501718586,3.3333333333333335,1,558.9713185667724
35,0,889,1,14,3,2,2,1,62,3,2,5,2,2,4784,4813,4,0,13,3,2,0,9,3,1,7,2,0,5,0.9414735355246276,2.3333333333333335,1,460.17897548461264
31,2,1278,1,20,3,1,1,1,62,1,1,3,3,2,2487,10639,1,0,11,3,3,0,2,2,2,2,1,0,1,0.568682276321377,2.534905419004358,0,926.6640435665688
19,1,520,2,1,2,3,3,0,59,1,1,8,2,2,2101,21835,0,0,14,3,3,0,1,3,2,1,1,0,1,0.3651388358737754,2.994119626123129,0,779.2643306049195
22,2,1204,1,15,3,3,2,0,69,2,1,4,1,1,2497,18779,1,0,17,3,1,0,1,1,2,1,0,0,0,0.5710026661700969,2.1531156026487244,0,1248.7828309140018
31,2,1085,1,9,3,3,1,0,41,3,1,2,1,1,4205,10427,6,0,21,3,1,0,9,2,3,4,3,0,3,0.9247498547941964,1.1579085849812905,0,388.3685170297239
26,2,1301,1,4,1,4,1,0,61,3,1,6,2,1,3024,22012,1,1,15,3,2,0,6,3,2,5,3,0,4,0.5565480654296121,2.0518037644743377,0,414.27120863995185
34,1,730,2,15,2,3,1,1,60,1,2,7,3,0,5408,22079,6,0,14,3,4,1,7,2,2,2,2,2,2,0.9399257719057731,2.9558426814320895,0,676.1003568039714
25,1,1214,1,4,1,4,3,0,33,2,1,2,3,1,3701,4608,1,1,15,3,2,0,7,3,3,7,6,5,6,0.8462405964198116,3.2568978893256118,0,456.55487667072214
29,2,1399,1,13,1,2,3,0,73,3,2,5,3,1,11278,23832,4,1,11,3,4,0,9,0,3,3,2,3,3,2.2429560623585196,3.413870456281394,0,1196.469195302071
24,1,463,1,11,3,1,4,0,39,3,1,7,1,1,1999,26513,1,0,16,3,2,0,3,2,2,3,0,3,2,0.39314225774239303,2.5790223470423568,0,676.4769662262145
33,2,582,1,2,2,1,1,0,68,1,1,5,2,1,2241,3828,7,0,12,3,4,0,10,4,2,7,7,4,7,0.5125109938963551,2.6121743881046857,0,191.93465835278352
31,1,926,1,7,4,1,2,0,89,3,3,5,1,2,7915,9419,1,0,14,3,1,0,10,2,2,5,4,2,4,1.612332761029729,1.8598833114905795,0,692.3601402874478
35,1,844,1,4,3,1,2,0,67,1,1,2,2,0,2912,17476,3,1,12,3,3,0,7,1,2,4,4,0,0,0.665883837430242,2.658436789543455,1,382.97291901833376
33,2,525,2,10,2,2,1,1,66,1,2,7,3,0,5778,21469,5,1,15,3,3,1,9,2,2,4,4,4,4,1.004209432438144,2.691508944476047,1,585.0322150610107
37,2,1047,1,5,3,2,3,1,81,2,1,5,1,1,4188,7346,5,0,16,3,1,1,8,2,3,5,2,0,3,0.8716678614473646,2.0,0,470.1516376333929
44,1,1058,1,7,2,1,2,1,52,2,1,2,3,0,2377,13714,6,1,13,3,4,1,3,2,2,1,0,0,0,0.5434598451626987,3.307943509915256,0,512.1608381368561
38,1,1464,1,17,1,2,1,0,82,2,1,4,1,2,3850,22414,2,0,18,3,1,0,14,2,3,4,3,1,3,0.8101008552740455,1.2668669926068543,0,305.4475810466913
37,1,1040,1,19,2,1,4,1,58,2,1,2,3,0,3411,20121,2,1,18,3,3,0,14,0,1,2,1,0,0,0.7799111223088571,3.3643342403635983,0,311.2670347766233
24,2,267,1,5,2,1,3,1,51,2,1,6,2,2,5154,26802,1,1,13,3,3,0,5,1,3,5,3,0,2,0.920203044601823,3.153266060984035,0,895.3765182845372
39,2,1109,1,11,1,3,2,1,62,3,3,3,2,1,15506,23581,6,1,12,3,4,0,17,2,3,6,4,5,6,3.5451674297089584,3.0,0,833.5486549972666
39,2,321,1,21,1,2,4,0,57,2,2,2,1,1,8271,10973,2,0,18,3,2,1,12,2,2,9,7,3,8,1.7254174328349654,2.7844517141899625,0,626.7702224232858
39,1,306,1,3,3,1,1,0,61,3,2,6,2,2,9115,9479,1,0,17,3,2,0,8,4,3,8,7,6,7,1.6353175154492712,2.0,0,993.8801328871705
25,2,431,1,9,3,1,3,0,68,2,1,4,2,1,2486,21781,0,0,14,3,3,0,2,3,2,1,1,0,1,0.5517619183608663,3.010157369909474,0,828.7015726546133
33,2,1025,1,24,3,2,1,1,55,2,1,5,1,2,2309,3002,3,1,19,3,2,0,5,0,2,2,2,1,2,0.5279028855378841,1.6577034497567016,0,380.42885632371195
56,2,460,1,2,3,1,4,1,49,3,5,4,1,1,19490,23945,6,1,12,3,4,0,33,2,3,20,9,8,6,4.45587873857645,3.200645131846987,0,598.7638826756761
43,2,432,2,7,3,1,1,1,50,2,3,7,3,0,10210,15747,4,0,11,3,1,0,25,1,3,8,5,5,3,1.774408649024232,2.074616355302107,0,402.14173259919664
31,1,275,1,6,2,1,1,0,51,3,1,6,2,1,2360,15166,2,0,14,3,1,0,6,2,3,3,0,0,2,0.5198854750934374,1.726069787718517,0,403.21590973713967
41,2,550,2,10,3,1,2,1,43,2,3,7,2,0,10693,15496,4,0,11,3,2,0,18,2,1,10,1,7,4,1.8582926829118924,2.3333333333333335,0,564.3594433677081
34,2,938,2,18,4,2,1,0,54,2,1,7,1,2,4184,7526,2,0,23,4,2,0,13,2,3,11,6,6,7,0.7271940040553726,2.0,0,284.1553414019148
52,2,1154,2,23,3,1,1,1,65,2,2,7,1,1,10424,5826,5,0,12,3,2,0,14,2,2,2,2,2,2,1.8115657943852446,1.3651380148184984,0,660.3179680762685
41,2,331,0,10,2,2,2,1,63,2,1,1,1,0,2336,3386,5,0,13,3,4,2,8,3,2,5,5,5,3,0.571034125630853,2.7521411513209855,0,326.62037551745124
27,2,263,1,11,1,1,2,0,72,3,1,6,1,2,3799,26285,2,0,19,3,1,0,3,2,3,1,0,0,0,0.732779829973969,2.0229490024883487,0,1014.6516314888338
27,2,793,1,7,4,2,2,0,72,1,1,6,3,1,3083,25073,3,1,13,3,4,0,6,3,2,4,2,3,3,0.704867195205527,3.237327656181324,0,466.501317896655
44,1,337,0,21,2,2,3,0,63,3,2,0,1,0,9034,10915,4,0,21,3,3,1,12,2,3,8,6,2,6,2.095678606156946,3.1922896838612345,0,657.8388972732496
45,1,1471,1,24,1,1,1,0,92,2,1,2,1,2,4144,22614,2,0,19,3,1,0,18,2,3,4,3,1,3,0.9249646125088257,1.0858322655330959,0,236.62852265479546
31,2,460,1,11,3,2,1,0,73,2,1,6,1,1,4710,25922,5,0,14,3,3,0,5,3,2,3,2,0,2,0.8812076667601989,2.106799351080207,0,700.0846225134534
30,0,622,1,21,2,2,4,1,76,1,1,6,3,1,2396,14658,1,1,23,4,2,0,2,2,2,2,0,1,0,0.5479083390631541,3.0117505686533046,0,950.9783914921758
39,2,1288,1,6,3,1,1,1,71,3,1,2,1,1,2158,3338,3,0,14,3,2,0,10,3,1,3,1,0,2,0.48295194285545445,1.5486780345337408,0,188.36214361897967
23,1,413,1,17,3,3,2,0,72,2,1,3,2,1,2143,6758,1,1,20,3,2,1,1,2,3,1,1,0,0,0.4901351574446948,2.1855212726103734,0,1071.9255893315476
27,2,295,1,6,3,1,1,0,38,2,1,6,2,2,1505,22196,1,0,12,3,3,0,1,3,3,1,0,0,0,0.30918348393381195,2.4162870438718893,0,646.3709435476158
21,2,270,1,9,2,1,3,0,82,3,1,7,2,2,2596,25749,1,0,18,3,2,0,1,0,3,1,0,0,0,0.5174819086475083,2.6744380090315074,0,1298.422155652766
21,2,310,1,2,3,1,2,0,44,2,1,2,3,2,1376,9226,1,0,20,3,2,0,1,2,2,1,0,0,0,0.2901665902268668,3.0,0,688.2769835353114
46,1,831,1,6,3,1,1,1,62,3,3,5,2,1,9050,21926,7,0,15,3,2,0,12,3,2,5,4,4,4,1.7806758029586702,2.2075713449193093,0,688.7405678911817
29,1,116,1,12,2,4,1,0,51,2,2,6,2,2,5764,17489,5,0,11,3,1,0,7,3,1,4,2,0,0,1.0024173609546476,1.336793365844862,0,719.3367866455515
44,2,627,1,14,2,3,1,0,71,2,3,0,4,1,8194,14011,1,0,11,3,4,0,9,2,3,9,7,0,5,1.8038890648896861,3.0877992619762753,0,756.4362771360974
51,2,1114,2,22,3,1,1,1,64,2,3,7,1,1,10437,5815,5,1,12,3,1,0,15,2,2,3,2,2,2,1.8138160410209883,1.446022676907576,0,649.1420471788113
28,2,468,1,6,3,1,1,0,62,1,1,5,2,2,3051,14752,1,0,12,3,3,0,3,3,2,1,1,1,1,0.6073394012036512,2.3333333333333335,0,783.4101495649669
21,2,157,2,11,3,1,3,0,89,3,1,7,2,2,2757,25443,1,0,14,3,4,0,1,0,3,1,0,0,0,0.4792099776723058,3.004581001377728,0,1350.6141169215655
19,2,975,1,15,1,2,4,1,40,3,1,6,3,2,1317,26916,1,1,14,3,4,0,0,3,2,0,0,0,0,0.258669022465638,3.6666666666666665,0,1046.9206488718273
34,1,762,2,15,2,2,1,1,59,1,2,7,4,0,5453,22020,5,1,13,3,3,1,7,2,2,2,2,1,2,0.9476834839930461,2.9746805863691446,0,667.1354361106498
42,2,989,1,1,2,1,1,0,94,2,2,5,3,2,5848,19435,8,1,11,3,1,0,11,0,1,4,3,0,3,1.086019485306139,2.4120388443724683,0,561.6008073657421
28,1,1233,1,4,4,3,1,1,78,1,1,6,3,1,3762,24539,5,0,12,3,4,0,5,3,2,3,2,1,2,0.7981974703785587,3.160029727374943,0,600.1604308738877
39,1,1059,1,14,3,1,2,0,87,4,2,5,2,2,6888,9679,2,0,11,3,2,0,8,2,3,7,5,2,4,1.3885237940499526,2.531265753973534,0,694.9023643744774
27,2,1248,1,3,1,2,2,0,72,3,1,6,1,0,3124,16608,0,0,11,3,1,1,6,2,3,4,4,1,3,0.5941119370956445,2.0,0,450.0176362983225
27,1,1418,0,12,1,1,2,0,77,3,1,1,3,0,2529,22945,0,1,11,3,3,0,1,3,2,1,1,0,0,0.5831156368759509,3.583544849985011,1,1198.0921449358152
34,1,296,1,9,3,1,3,1,91,3,2,2,1,0,5270,6451,4,0,16,3,2,1,10,3,2,6,0,0,5,1.2049285745185214,2.568173938729182,1,451.099311583246
25,1,1266,1,10,1,2,4,1,86,2,1,2,3,1,3878,20497,1,1,12,3,1,0,6,1,2,4,3,0,1,0.8867807917534449,2.7997835952541448,0,597.3718925406758
28,0,420,2,24,2,3,1,1,72,1,2,7,1,1,5116,21902,7,0,16,3,4,0,7,4,2,2,2,2,2,0.8891033186123958,2.541889663064446,0,639.5431308693788
31,1,515,1,17,3,1,1,1,68,2,2,1,2,1,9836,23417,3,0,12,3,1,0,11,2,2,1,0,0,0,2.1644253438159167,1.822225994033038,0,830.7781026390815
30,1,882,1,12,2,1,3,1,79,2,2,3,2,1,4904,22586,2,0,18,3,1,0,9,3,3,7,3,1,1,1.0530545809608265,2.583205410669529,0,488.2810779752964
29,1,353,0,12,3,0,1,1,55,2,1,1,1,0,2333,3165,4,1,15,3,3,2,3,3,3,1,1,1,0,0.598483791494198,2.0406295369781255,0,470.1767219224772
33,2,794,1,13,3,2,3,1,61,3,1,2,3,1,2380,22106,4,0,13,3,2,0,8,2,1,5,4,0,3,0.5442377371031628,3.200548314408057,1,251.4736987228423
32,2,665,2,1,2,1,2,1,59,2,2,7,2,1,9930,5392,1,0,11,3,2,1,12,4,3,12,7,4,7,1.725672711070397,2.4513822235977085,0,785.439225742749
48,1,588,1,3,1,1,4,0,47,1,1,4,3,0,2368,12934,5,0,14,3,4,1,3,3,2,1,0,0,0,0.49027906710352875,3.8676120558319727,1,592.1205622143455
29,1,376,1,2,2,3,3,1,41,2,1,2,1,1,2544,5244,7,0,12,3,3,0,8,2,1,0,0,0,0,0.5817410930165525,2.403246111021654,1,282.7261712060445
30,2,356,2,21,1,1,3,0,52,2,3,7,1,1,7658,10881,1,0,14,3,1,0,11,2,1,8,5,2,7,1.3308656541692225,1.912468402031273,1,638.2055339097326
36,2,1112,1,2,2,3,3,0,41,3,1,6,3,1,5081,17522,4,0,17,3,1,0,10,3,2,1,0,0,0,0.9269385952676596,2.7881892523173053,1,462.6046883143464
35,1,905,2,15,3,1,1,0,76,3,2,7,4,1,5780,20379,4,1,11,3,2,0,9,2,2,8,5,0,6,1.0045962508299449,2.521321697339612,0,578.3318841986918
32,2,514,2,2,4,2,3,1,74,1,2,7,2,1,9985,26126,6,0,11,3,3,0,8,2,2,3,2,3,2,1.7352558826939228,2.8259566807887353,1,1151.5553052195507
36,1,584,1,21,2,1,2,1,53,2,2,4,3,0,5988,15386,3,0,12,3,1,0,8,1,3,1,0,0,1,1.3361807024398198,2.0892043287120563,0,644.8630256374838
44,2,611,2,8,1,3,1,1,48,1,2,7,4,0,5309,21828,5,0,14,3,3,1,9,2,2,5,4,4,2,0.9227376762402201,3.154888145328159,1,548.4642211982405
28,1,415,0,14,4,1,3,0,91,3,1,2,1,1,2808,21376,0,0,17,3,2,0,1,4,3,0,0,0,0,0.6775032570099191,2.4334502551168655,0,1026.651507579573
34,2,364,1,8,3,1,2,0,51,2,1,4,1,2,1520,22114,1,0,12,3,2,0,5,3,2,2,1,0,0,0.3476441783856065,2.1143089547594203,0,457.5362628296525
23,2,311,1,5,2,1,3,1,59,2,1,6,2,2,4193,26548,1,1,16,3,2,0,3,1,3,3,2,0,1,0.7929380189375699,2.8593633919027774,0,1017.4720842400081
23,2,1151,1,9,2,1,3,0,75,3,1,2,1,1,1817,3419,1,0,18,3,2,1,1,2,2,0,0,0,0,0.41546834035141667,2.3333333333333335,0,908.6292603485483
44,1,764,1,8,3,1,2,1,78,2,2,5,3,0,6442,14691,5,0,12,3,2,1,10,2,3,4,1,0,1,1.233565822865105,2.648822840291576,0,566.6312275571879
30,2,1371,1,14,1,2,2,0,69,3,2,4,3,1,11808,24011,5,1,11,3,4,0,10,1,3,4,3,4,4,2.4405517730390383,3.3197214011695,0,1117.7950505076312
29,1,532,1,7,2,3,3,1,52,2,1,2,1,1,2581,5720,4,0,11,3,3,0,5,3,2,0,0,0,0,0.5901632888086432,2.6105336768572207,1,527.9836572267825
22,2,421,1,3,3,2,2,0,45,2,1,7,2,2,1837,22107,1,0,12,3,3,0,1,3,2,1,1,0,1,0.3375921723919531,2.9824299671932173,0,667.9551424992414
20,2,319,1,5,1,1,3,1,65,3,1,4,2,2,2006,25712,1,0,18,3,1,0,0,2,3,0,0,0,0,0.4587894064425835,2.6281718226997084,0,1317.3754230651195
35,2,407,1,25,2,1,2,1,69,2,2,5,3,1,5855,14320,1,1,15,3,2,0,9,1,3,6,4,4,4,1.1517245504208224,2.9775590577679316,0,581.7413574662968
23,1,1138,1,2,3,2,1,1,55,2,1,4,2,0,2283,7551,1,0,14,3,2,1,0,2,3,0,0,0,0,0.47715053251978434,1.9140552766364782,0,1550.614045336868
28,2,785,1,21,4,5,3,0,56,2,1,4,2,0,2478,18481,5,0,14,3,1,0,6,2,3,2,1,0,1,0.5665751485950433,2.4595908753170965,0,354.0285285649599
36,2,1291,1,24,2,1,1,1,64,1,1,2,3,2,2392,10457,1,0,13,3,3,0,2,2,2,2,0,0,0,0.5469157222584233,2.5582978892479455,0,905.1130315036213
29,2,984,1,9,3,2,2,0,83,2,1,7,3,2,1114,16143,1,0,13,3,2,0,1,3,2,1,0,0,0,0.20148871103825827,2.8661965295266834,1,557.3090609782105
29,1,989,1,3,3,2,3,0,74,2,1,5,3,2,3042,11606,4,0,13,3,3,0,2,3,3,1,0,0,0,0.6027719262909015,3.202518407431191,0,873.144483551172
32,1,641,2,18,2,3,1,1,63,1,2,7,3,0,5324,22028,6,0,14,3,4,1,7,2,2,2,2,2,2,0.9253470612175076,2.837097896356897,0,665.6137079720185
23,0,337,1,8,1,2,2,0,66,2,1,4,2,2,2330,14091,1,0,12,3,3,0,0,1,3,0,0,0,0,0.4573843982602162,2.8350856354843934,0,1413.724265316643
41,0,1211,2,19,2,1,2,0,88,3,3,7,2,2,12013,15923,3,0,16,3,4,0,17,2,2,3,2,1,2,2.087584356489831,2.9970151479475806,0,701.909253621486
28,1,1379,1,2,1,2,3,1,81,2,1,7,1,0,3000,16295,0,0,11,3,2,1,5,3,3,3,2,0,1,0.5303590310059638,2.088410901653501,0,496.3108572704658
19,2,1092,0,10,2,3,3,0,97,2,1,5,1,2,2599,18276,1,0,14,3,1,0,1,2,3,1,0,0,0,0.5949142001658592,2.00502290875605,0,1299.8643814635866
32,1,894,1,26,3,2,1,0,58,1,1,6,2,2,4375,3478,1,0,22,4,2,0,13,4,3,12,5,3,7,1.000292405612099,1.9248890674291572,0,313.0932469124977
32,0,1069,1,13,3,1,2,0,54,3,1,6,3,2,4858,4470,5,0,12,3,1,0,8,2,1,5,2,2,5,0.926092495079313,2.4551189398913524,1,523.1293992884862
29,1,631,1,1,3,3,2,0,77,2,1,6,1,2,2332,7934,3,0,12,3,2,0,7,2,2,6,4,0,4,0.47172826586826444,1.9918732005391586,0,381.55064457290877
39,1,1050,2,4,2,1,1,0,89,3,2,7,4,1,5936,19717,6,1,11,3,1,0,8,0,1,6,4,0,5,1.0316982164751745,2.3830608273879514,0,642.7279318095108
19,0,488,1,11,3,3,1,0,92,2,1,5,2,1,1907,6251,1,1,24,3,2,0,1,2,3,1,1,0,0,0.4360425939351941,1.7545542912068106,0,953.6251529362695
38,1,848,0,21,3,0,1,0,51,3,3,2,1,0,10677,11095,8,1,15,3,3,2,13,2,2,6,2,0,3,2.5254132995618206,2.064711704419619,0,774.5435169660664
42,1,469,2,12,3,1,2,1,46,3,4,7,1,2,13754,2827,0,1,12,3,2,0,22,2,2,20,8,12,13,2.390215280245114,2.0185511631189916,1,595.3704290100438
24,1,553,1,7,3,1,3,0,38,3,1,7,1,0,1834,26902,1,0,17,3,1,1,1,2,2,1,0,0,0,0.33678021736932934,2.0,0,917.3914069876582
24,2,847,1,18,2,2,2,1,36,2,1,7,2,1,2420,18779,1,0,17,3,3,2,1,2,3,1,0,0,0,0.4317413286452379,2.6666666666666665,0,1210.3984785795258
23,2,1238,1,6,3,1,2,1,62,3,1,2,1,1,1613,3436,1,1,20,4,2,1,1,1,3,0,0,0,0,0.3689960326422023,2.3211716790477595,0,792.9293702072301
39,1,464,2,4,3,2,1,1,65,3,2,7,1,2,9423,9792,0,0,19,3,2,0,8,4,3,8,7,6,7,1.6376383261869532,2.0,0,1014.8242468091474
54,2,270,2,12,3,2,1,0,85,3,4,6,2,2,13709,9258,5,1,16,3,2,0,24,2,2,19,7,2,8,2.3823227669081426,2.330588868101728,0,548.2099824468577
45,1,752,2,10,2,2,2,0,67,2,3,7,3,2,9988,13955,1,0,16,3,4,0,10,2,2,8,7,3,6,1.7357925640573248,3.563276929640687,0,921.7591593599614
26,1,459,1,2,3,2,2,0,87,2,1,5,2,2,2864,12359,4,0,16,3,2,0,2,2,3,1,0,0,0,0.5669585365645268,2.485330168944653,0,1031.317250329077
34,1,666,1,7,2,1,1,1,65,1,2,2,3,1,6021,22821,1,1,23,3,4,0,8,2,2,8,6,0,5,1.3520406546035337,2.6942014623048225,0,613.3970784899903
30,2,359,0,17,4,0,3,0,88,3,1,1,1,1,2951,21497,0,0,16,3,3,0,2,3,2,1,0,0,0,0.758530320073564,2.67020000426507,0,983.7221313884613
21,1,1317,1,9,3,1,2,0,36,1,1,2,1,2,1414,17230,1,0,12,3,1,0,1,5,2,1,0,0,0,0.3215478164878804,1.6832885580365717,0,707.2894141439366
31,1,848,1,9,1,1,2,0,52,1,1,6,1,2,3999,4423,1,0,17,3,1,0,8,3,2,8,2,6,7,0.9144886942335847,2.157415445925451,0,431.959573092048
39,1,667,1,9,3,2,1,1,66,2,3,4,3,0,10848,23013,6,0,11,3,2,1,19,4,2,7,1,3,2,2.283568702854527,2.277103903378224,0,541.4065152650821
32,1,989,1,14,1,1,2,0,69,1,1,5,1,2,3971,4736,1,0,20,3,2,0,10,4,2,10,2,4,7,0.9080170843376576,1.7860923512310984,0,361.0606115357195
31,1,832,1,11,3,4,3,1,55,2,1,2,2,0,3785,9807,2,0,21,3,3,0,4,2,1,3,2,0,2,0.8654579222916507,3.0,0,667.4630715960287
29,2,1397,1,9,4,3,2,1,47,3,1,4,1,0,3864,11357,1,0,15,3,3,0,5,2,1,2,1,1,2,0.7593559320443769,2.4649632679550892,1,759.7939170190982
33,2,918,1,11,2,2,2,1,68,1,2,4,3,0,5174,22454,3,0,15,3,2,1,8,2,2,5,2,1,1,1.026859697313595,2.8411268386245294,0,567.4744727021553
31,1,284,1,4,2,1,1,0,52,3,1,5,3,2,2601,15256,2,0,13,3,1,0,7,2,2,3,0,0,2,0.5948725573127884,1.7742782941982502,0,320.36027301631253
52,2,489,1,4,3,1,3,1,36,3,4,4,2,1,18090,25526,7,1,12,3,4,0,34,2,3,26,13,11,7,4.13584427777724,3.264974146616847,0,547.5923258792925
33,0,1354,1,18,2,1,1,0,67,3,1,6,3,2,5259,4652,7,1,13,3,2,0,9,3,2,5,2,0,4,0.9208896979501159,2.3119960443361562,0,524.8268940892918
32,0,1239,2,13,4,3,4,0,62,3,2,7,3,1,4680,23733,5,0,13,3,3,0,5,1,2,4,2,1,2,0.813297172739911,3.5703174929455828,0,700.3423034723369
22,2,1319,1,6,1,2,3,0,80,3,1,3,1,0,2526,16068,0,0,15,3,2,0,1,5,3,1,0,0,0,0.5442926310461625,2.26683102422056,0,1060.9079551273262
29,1,1240,1,4,4,3,1,1,77,1,1,6,3,1,3791,24519,5,0,12,3,4,0,5,3,2,3,2,1,2,0.798814265939136,3.1758352108676746,0,602.4149701978153
33,1,641,1,14,3,2,2,1,60,2,3,3,1,1,10079,22177,6,0,14,3,2,0,13,2,3,7,6,3,0,2.004893862580537,2.196506689847783,0,696.5794827983607
28,1,821,0,12,3,0,2,0,60,1,1,1,3,0,2213,9973,4,0,11,3,3,0,4,0,2,3,1,0,1,0.5502276823518746,3.040563428977778,1,555.9123537014857
29,2,537,2,17,1,1,3,0,42,1,2,7,1,1,7196,11390,2,0,13,3,1,0,10,2,1,8,6,2,7,1.2505752854925964,1.922593167147613,0,611.551479862281
27,1,1426,2,1,1,2,2,1,85,3,1,8,1,0,3029,16293,0,0,11,3,2,1,5,3,3,3,2,0,2,0.5264536790849185,2.0581934530597836,0,504.91294938236047
24,2,1356,1,5,1,2,3,0,81,3,1,4,1,0,2715,16170,0,0,14,3,2,0,2,4,3,2,1,0,0,0.538468552564629,2.1687013187864492,0,857.1416217933947
34,2,1209,1,14,1,2,2,1,54,3,3,3,2,1,13993,24696,7,1,12,3,4,0,16,2,3,8,6,7,7,3.199169448340174,3.0226618859143555,0,824.7081625389642
41,2,556,2,9,3,1,1,1,43,2,3,7,2,0,10687,15455,4,0,11,3,2,0,17,2,1,10,1,8,4,1.8572521221790046,2.3333333333333335,0,566.1321508401127
31,2,554,1,20,3,2,3,0,47,3,1,2,1,1,2544,7707,1,0,16,3,3,1,7,2,3,7,5,6,5,0.5816298953630782,2.531294365852633,0,773.6657054280619
54,2,273,1,2,2,1,2,0,47,1,5,3,3,1,19623,25814,3,0,13,3,4,0,35,2,3,31,14,8,8,3.799923076937008,3.1230768271699656,0,541.4875177005898
34,2,1038,1,2,2,3,3,0,43,3,1,6,3,1,4849,17140,4,0,17,3,2,0,8,3,2,1,0,0,0,0.9518482130000913,2.9695119814793998,1,551.6550701862996
44,2,829,1,9,2,2,2,1,44,3,3,3,2,1,16154,25134,7,1,12,3,4,0,26,2,3,17,10,9,7,3.693203664220523,3.150465627353949,0,678.5478294440027
25,2,756,1,4,3,1,2,1,92,2,1,7,4,0,2811,24937,2,1,17,3,2,0,3,2,2,3,2,0,2,0.574244680395334,3.0,0,572.621753005953
50,1,341,1,6,2,5,3,1,65,3,1,2,3,1,2328,3617,8,0,13,3,3,0,11,4,1,8,7,7,6,0.5322603006479578,3.5994231792232547,0,239.71535651345243
33,1,456,1,18,3,0,1,0,64,3,3,5,1,1,9001,10546,4,1,18,3,3,0,11,2,2,0,0,0,0,1.8264437818576407,1.7718094840400556,0,750.0986528865459
24,2,994,0,16,2,1,3,0,93,3,1,1,2,1,2256,3345,1,0,13,3,1,0,1,2,1,1,0,0,0,0.5228628558931304,2.3626227037475522,0,1088.2171907526526
44,1,819,1,23,2,1,2,0,80,4,2,6,2,2,6542,10143,3,0,11,3,3,0,8,2,3,5,4,1,3,1.1936527972429787,2.8611752265579797,0,706.0759649964536
29,1,448,1,12,3,1,2,1,73,2,1,7,1,1,2034,14470,1,0,18,3,2,0,1,2,3,1,0,0,0,0.3538426335584495,2.0036145325524397,0,1017.0503125811089
40,0,1384,2,22,2,1,2,0,95,3,3,7,2,2,12776,16665,3,0,16,3,4,0,20,2,2,1,0,0,0,2.220316547170647,2.783362730808348,0,618.9591671289553
35,1,1097,1,9,2,3,3,1,60,2,1,6,2,0,2722,15946,4,0,13,3,3,1,5,3,3,2,1,0,0,0.5435760843204291,2.702445065264144,0,423.2298269050205
39,2,677,2,20,3,1,3,0,76,3,2,7,3,1,6404,13696,2,0,19,3,3,1,11,2,3,9,7,4,7,1.1129100836797612,3.2727685477225053,0,512.3620168496813
25,2,772,1,20,2,2,3,0,43,2,1,7,2,1,2440,18695,1,0,17,3,2,2,2,2,3,1,0,0,0,0.45280378929543885,2.598096483322154,0,1033.1300871538779
26,1,1040,1,1,3,2,1,1,47,2,1,2,2,0,2519,7255,1,0,14,3,1,1,0,2,3,0,0,0,0,0.5650019773582783,1.475599000151248,0,1359.885565065793
55,1,541,1,6,3,2,2,0,57,2,3,3,1,0,10330,12250,7,0,13,3,4,0,29,0,2,11,8,5,8,2.3618148054193964,2.716424179994515,0,348.6330830774082
22,2,464,1,6,3,2,3,0,59,2,1,6,2,1,2275,21910,0,0,14,3,3,0,2,3,2,1,1,0,1,0.4582022946775995,3.163983017032479,0,758.557077566523
48,1,1033,1,10,3,2,3,0,86,3,4,4,1,1,17136,19512,4,1,14,3,4,0,23,2,2,3,1,0,2,3.622124177577995,2.8638272356880274,0,704.1968156493593
32,1,1074,1,15,1,1,2,0,71,1,1,5,1,2,3938,4701,1,0,21,3,2,0,10,4,2,10,2,5,7,0.900483815334388,1.7113746219333636,0,358.06510984296483
54,1,268,2,12,3,1,1,1,84,3,4,7,2,2,13695,9215,5,1,16,3,2,0,23,2,2,19,7,3,8,2.379975921971185,2.330309825485797,1,548.2569177641942
46,2,1110,1,12,3,1,2,1,96,3,1,5,3,2,2864,10710,1,0,12,3,3,0,5,3,3,5,3,0,1,0.6548821143784682,3.0,0,421.8349021989583
38,2,1060,2,11,3,1,1,1,67,3,3,7,2,1,8269,19962,4,0,15,3,1,1,10,2,2,3,2,2,2,1.4369763049291309,1.9194857233092004,0,751.7345587922439
45,2,257,1,20,2,2,3,0,66,3,2,0,1,1,8899,10786,3,0,21,4,3,0,12,2,3,8,6,2,6,2.000060645945386,3.2107490393161857,0,643.1682771954115
27,1,311,1,13,3,2,2,0,90,3,1,3,1,1,2851,16890,1,1,13,3,2,0,5,2,2,2,0,1,2,0.6519972641435685,2.092801149749574,1,508.9564676494209
28,1,644,1,1,2,1,1,0,65,1,1,6,2,2,2219,3850,7,1,13,3,3,0,9,4,3,6,6,2,6,0.5073887815348702,2.381427977297421,0,219.23972618044706
46,1,589,1,6,2,2,2,1,98,3,1,5,2,0,2395,10910,1,0,12,3,3,2,5,2,2,4,2,1,2,0.547674657515067,2.7394951727495283,0,355.67608922701214
29,2,767,1,2,1,1,1,0,36,1,1,2,1,0,2506,6691,2,0,11,3,3,1,2,1,3,1,0,0,0,0.5730160891320786,2.2759802957258306,0,1025.1505094044248
49,1,971,2,3,3,1,2,0,86,3,2,7,2,0,6874,14194,6,0,14,3,3,2,12,2,3,6,3,0,2,1.1945791766595752,2.9168339749217713,0,510.0688730091277
29,2,948,1,4,3,2,1,0,80,1,1,6,3,1,3836,25091,5,0,13,3,3,0,5,3,2,3,2,1,2,0.818661424598855,2.7327161745593544,0,614.065767629605
22,1,427,1,8,2,1,1,0,53,2,1,2,2,2,2409,25228,1,0,18,3,2,0,1,2,1,1,1,1,1,0.5508832779345052,2.3333333333333335,0,843.7861827896643
39,2,1079,1,5,3,3,4,1,67,3,1,3,1,1,2344,4122,6,0,19,3,3,0,10,2,1,1,1,1,1,0.5147326504679473,3.124269991192096,0,236.76230809548136
34,1,194,2,13,3,1,1,0,69,3,2,7,1,2,8750,9966,1,0,19,3,3,0,10,2,2,1,1,1,1,1.5206242368819907,1.7452305820216667,0,790.4497999402865
38,1,491,0,3,2,1,3,0,86,2,1,4,2,0,2282,10593,2,0,11,3,3,2,6,1,2,4,2,1,2,0.5447946861470883,2.9108276241865485,1,326.0955553318098
29,1,1038,1,3,2,5,3,0,89,2,1,5,1,2,2770,8608,5,0,11,3,3,0,7,4,3,4,2,0,3,0.6335092813483922,2.6973779565124945,0,339.77611411122643
43,1,490,1,9,1,4,2,0,60,3,2,4,3,1,7035,23286,2,1,13,3,1,0,15,3,3,5,4,2,4,1.3535707529965648,2.210797721530996,0,483.40896422501726
44,1,821,1,6,3,1,3,1,97,3,1,6,2,1,2691,10935,1,1,11,3,3,1,6,3,2,5,3,0,2,0.6153301704211851,2.8627688919316854,0,384.49345220318054
31,1,946,1,11,1,1,2,0,59,1,1,6,1,2,3971,4514,1,0,18,3,1,0,9,4,2,9,2,6,7,0.9079350616223533,1.983684603249534,0,405.16553903753044
26,2,805,1,5,1,1,1,0,37,3,1,3,2,1,4184,10113,3,0,20,3,1,0,6,2,4,3,2,0,2,0.9565858503515483,1.5480513987009608,0,629.746670019611
29,2,934,1,7,3,3,1,0,55,3,1,2,1,1,4151,9987,6,0,19,3,1,0,8,2,3,4,3,0,3,0.9491607761478167,1.1908116967631162,0,437.3555369091763
30,1,1066,1,8,2,3,1,0,46,2,1,2,1,2,4169,10114,6,0,21,3,1,0,9,2,3,4,3,0,3,0.9532003288201658,1.2006651094156537,0,421.64838180892167
45,2,439,1,4,2,3,2,0,70,2,1,3,2,1,2292,3743,7,0,11,3,4,0,12,4,1,8,8,6,7,0.5241802674747065,3.165468725575783,0,173.044686676668
30,1,814,1,5,2,3,1,1,41,1,1,2,2,0,2969,6950,3,0,14,3,1,2,4,2,3,2,1,0,1,0.6789432505087604,1.6401459587235778,0,874.9053895868526
23,0,335,1,9,2,2,2,1,77,2,1,4,2,1,1960,13957,1,0,14,3,3,0,0,0,3,0,0,0,0,0.3993177099150146,2.748340432815548,0,1514.6141005928491
21,1,196,1,11,2,1,2,0,70,3,1,5,2,2,2677,25373,1,0,17,3,3,0,1,0,2,1,0,0,0,0.5261272714332607,2.7183241806040837,0,1153.9258688476586
48,1,803,2,16,3,1,1,1,62,3,2,7,1,2,10059,7163,4,0,14,3,2,0,12,3,2,4,3,3,3,1.7481256130267606,1.5702416345455972,0,790.3278452693756
28,2,1236,1,6,3,1,2,0,44,1,1,2,2,1,1949,17440,2,0,13,3,1,0,4,4,2,3,2,1,0,0.4456329753302345,2.1886428136020024,1,529.6976934445886
29,2,1401,1,8,4,4,2,1,48,3,1,4,2,1,3811,11334,1,0,14,3,3,0,5,2,1,2,1,1,2,0.7627739502607456,2.531857479688174,1,808.2052580503316
29,2,968,1,8,2,3,2,0,88,3,1,7,3,1,1168,16017,1,0,13,3,3,0,1,3,2,1,0,0,0,0.21186162089642985,2.9555872584061222,0,584.368685509353
27,1,766,0,7,2,2,3,0,88,2,1,4,2,1,2501,21034,0,0,14,3,1,0,6,2,3,6,5,0,5,0.591253279856152,2.4096751303082655,0,428.3470101992251
33,2,845,1,11,3,3,1,0,40,2,1,2,1,1,3991,10155,4,0,22,4,2,0,7,2,2,4,3,0,3,0.9124559064815565,1.9143013787731822,0,492.45557517533365
41,2,843,2,17,3,1,3,0,72,3,2,7,2,1,6666,13787,3,0,19,3,3,1,12,2,3,8,7,3,7,1.1584457828051438,3.0981948098031094,0,505.2298861386834
20,1,1145,1,9,3,1,3,0,41,2,1,3,1,2,1717,17240,1,0,13,3,1,0,1,5,2,1,0,0,0,0.35034073737341764,2.221359643187474,0,730.0767804655281
31,1,973,1,12,1,1,2,0,61,1,1,6,1,2,3963,4539,1,0,19,3,1,0,9,4,2,9,2,6,7,0.9061406932845143,1.9361175298573652,0,397.82939903663816
26,1,457,0,21,3,3,2,0,63,1,1,1,3,1,2462,23088,0,1,15,3,2,0,3,2,1,2,2,0,0,0.5871617118411018,2.7958117382688923,1,904.929604896067
24,1,438,0,14,3,1,2,0,56,2,1,2,3,0,2624,22681,0,0,11,3,2,0,6,2,2,6,6,0,0,0.6469713935890595,2.5000640933267166,1,367.3760007930625
19,2,1260,1,11,1,2,4,1,34,3,1,6,3,2,1089,26977,1,1,11,3,4,0,0,4,2,0,0,0,0,0.23801152352720167,3.6666666666666665,0,646.5646204553905
37,1,176,2,9,3,1,1,0,64,3,2,7,1,2,8963,9822,1,0,18,3,3,0,9,3,2,4,3,3,3,1.5575844837109156,1.8348587911986782,0,878.0464363759525
25,2,109,1,18,3,2,2,1,58,2,1,2,2,2,2272,12962,3,0,15,3,2,0,4,3,3,3,1,0,2,0.5195060445755835,2.321947881518727,0,599.1301738475211
28,1,591,0,15,3,1,2,0,58,3,1,1,3,0,2610,22526,2,1,11,3,2,1,8,2,1,6,5,0,1,0.6419973557216762,2.760182484075945,1,290.0901121137226
26,0,264,2,28,2,2,2,1,78,1,2,7,1,1,4971,21810,7,0,18,3,3,0,7,5,2,2,2,2,2,0.8639804992690272,2.3333333333333335,0,620.7873010286232
24,2,720,1,4,1,1,1,0,35,3,1,3,2,1,4178,10072,1,0,19,3,1,0,5,2,4,3,2,0,2,0.9552309806856136,1.7524031200388226,0,722.1916732670172
28,2,1112,1,19,3,5,3,0,43,2,1,3,3,0,2419,18638,5,0,13,3,1,0,6,2,2,3,1,0,2,0.5531436894004164,2.568993487081153,0,345.635785348203
46,1,588,1,9,3,3,2,0,77,2,2,6,2,1,5123,17688,2,0,14,3,1,0,10,3,1,7,2,5,5,1.1013300227951428,1.8523812927005006,1,480.1435923256993
20,2,377,1,2,3,1,3,1,59,3,1,2,2,2,1416,25178,1,0,12,3,2,0,0,2,3,0,0,0,0,0.32376212720397607,2.904581342967687,0,1316.4469024556822
38,2,1265,1,10,3,1,1,1,69,2,1,2,1,2,2196,3268,3,1,15,3,2,0,8,2,1,3,2,0,2,0.5020731721984251,1.401514864389821,0,235.48434168455015
36,2,555,1,2,2,2,1,0,68,1,1,4,2,1,2251,3813,7,0,12,3,4,0,11,4,2,7,7,4,7,0.5146708088446492,2.714581223701848,0,188.43839588837312
40,1,841,1,2,3,1,1,0,55,1,1,2,2,0,3206,17456,3,1,17,3,2,0,10,1,2,4,3,0,0,0.733144931602558,2.1766975214485624,0,277.8807171808783
30,1,882,1,2,3,1,3,0,80,2,1,6,3,2,2945,11709,5,0,13,3,3,0,2,3,3,1,0,0,0,0.5582471072567159,3.2515450972867055,0,806.8481421940525
22,1,408,1,7,2,1,2,0,93,2,1,7,3,0,2311,25124,1,0,20,4,2,0,2,2,2,2,2,0,2,0.41641940188226795,2.931389312837237,0,600.2680344153944
33,1,706,1,4,3,3,1,0,45,2,1,2,2,0,3481,17236,2,1,17,3,1,1,10,2,3,4,3,3,3,0.7959076874929651,1.6909875676563964,0,303.6788917321484
26,2,1070,1,18,2,3,3,1,34,2,1,5,2,0,2395,18790,2,0,15,3,2,2,2,2,2,2,0,0,1,0.4654751779943581,2.6666666666666665,0,877.5475876803268
22,1,558,1,9,3,2,2,0,73,3,1,4,2,2,2784,17092,1,1,12,3,2,0,3,2,2,0,0,0,0,0.5782640722742921,2.6093336257089046,0,698.3495640181495
42,2,475,2,5,3,1,1,1,49,2,3,7,3,0,10299,15564,4,0,11,3,1,0,23,1,2,9,4,6,4,1.7897592513036409,2.132014042642496,0,443.6834737476863
34,2,721,1,6,3,3,3,1,73,2,1,2,1,1,2262,4529,4,1,16,3,4,0,7,2,1,4,4,1,4,0.5171815681359901,2.6681922316416866,1,265.9981725547426
28,1,601,0,12,3,1,3,0,88,3,1,3,1,1,2684,21220,0,0,15,3,2,0,4,3,3,4,3,0,3,0.6595611038433484,2.5132868790376124,0,652.9082069452961
28,2,855,1,5,3,3,1,0,66,3,1,2,1,1,4113,9798,5,0,17,3,2,0,7,3,3,3,2,0,2,0.9403736658567119,1.3424283453362615,0,481.4848423571899
20,1,1102,1,9,3,1,3,0,43,2,1,4,2,2,1786,17236,1,0,13,3,1,0,1,4,2,1,0,0,0,0.35642830515066815,2.348258628475822,0,735.1273600800045
36,2,1142,1,10,4,1,3,0,73,2,1,6,1,2,3255,7278,5,0,21,3,2,0,11,3,3,7,5,3,5,0.6000553810605442,2.076039339800585,0,272.00593899270507
25,2,238,2,5,3,2,2,0,45,2,2,7,3,1,5767,26929,1,0,11,3,4,0,6,1,2,6,4,0,3,1.002193904256268,3.3333333333333335,0,819.0324151262269
45,1,936,0,17,2,0,1,0,84,2,1,1,4,1,2423,10048,3,0,13,3,3,0,5,1,2,4,2,1,0,0.5792175121896207,3.133852432931591,0,383.0849605800259
25,2,744,1,4,3,1,2,1,92,2,1,7,4,0,2791,24943,2,1,17,3,2,0,3,2,2,3,2,0,2,0.5676663666633552,3.0,0,572.4793866854778
25,1,501,1,8,3,3,2,0,74,3,1,2,1,1,3219,17079,2,1,11,3,2,0,5,2,2,1,1,1,1,0.736030657183264,2.0,0,540.4965567802824
31,1,644,1,11,3,3,2,0,65,1,1,7,1,1,2578,14561,1,0,17,3,2,0,3,2,3,3,2,2,1,0.49879512811553917,2.3333333333333335,0,705.2802248382584
33,2,314,1,5,3,1,1,1,79,1,2,6,3,1,6034,20488,4,1,17,3,2,0,13,2,2,5,5,5,5,1.0998609145511447,2.391067057396974,0,431.371789628124
34,1,742,2,15,2,3,1,1,59,1,2,7,3,0,5420,22086,6,0,14,3,4,1,7,2,2,2,2,2,2,0.9419974330071521,2.972716529709352,0,677.5905285299572
33,2,977,1,9,2,1,2,1,72,2,2,3,3,0,5073,22589,2,0,16,3,2,1,8,2,2,7,3,1,1,1.057790157197463,2.7808414190595143,0,524.7759541720616
35,2,837,2,6,3,1,1,1,64,2,2,7,1,1,9880,5441,2,0,11,3,3,0,11,3,2,8,6,5,5,1.717069358162136,2.1059823503033464,0,830.7795147228276
32,1,641,1,3,2,3,3,1,51,2,1,2,1,1,2494,4909,7,0,15,3,3,0,8,2,1,0,0,0,0,0.5703007070416058,2.6157312416136556,1,277.16614362222043
33,2,1099,1,6,3,1,2,0,68,2,1,6,1,1,3093,6900,5,0,19,3,2,0,7,3,3,3,2,0,2,0.574241286391383,2.095976538825242,0,554.4020081824409
33,2,963,1,10,2,1,2,1,71,2,2,3,3,0,5097,22557,2,0,16,3,2,1,8,2,2,6,3,1,1,1.0505173503151974,2.7950165789491153,0,534.815833326596
40,1,257,1,3,3,1,1,0,59,3,2,6,2,2,9186,9502,1,0,17,3,2,0,8,4,3,8,7,6,7,1.6324405585100843,2.0,0,1007.4878263210387
31,1,925,1,10,3,3,2,1,81,2,1,7,3,1,1269,15958,2,0,13,3,3,0,1,3,2,1,0,0,0,0.23922900366484368,3.046372064714354,0,513.7400063694811
19,1,140,1,4,2,4,1,1,83,3,1,2,1,2,2865,13063,1,0,18,3,2,0,0,1,3,0,0,0,0,0.6550641448047594,1.5349225393651063,0,1528.5817467591326
21,1,355,1,7,1,1,3,0,67,2,1,4,2,2,2511,25891,1,0,22,4,1,0,1,2,2,1,0,0,0,0.5741130261485163,2.3333333333333335,0,1143.5783930008279
31,1,250,1,3,3,1,1,0,59,3,1,3,1,0,1996,26711,1,0,13,3,3,1,1,2,2,1,0,0,0,0.42949044964987965,2.0,0,998.105573220861
37,2,1082,2,4,2,1,1,0,46,1,2,7,2,1,6970,12905,5,0,17,3,2,1,11,2,3,3,2,0,2,1.2113432058137357,2.0737037614078453,0,561.5263025701771
37,0,570,1,2,3,1,1,0,57,2,1,2,1,2,3597,17162,2,1,21,3,2,0,10,2,3,0,0,0,0,0.8224854131589519,1.4014751094834663,0,337.6214330373768
34,1,924,0,21,3,0,1,0,46,3,3,0,1,0,10130,11696,8,0,14,3,3,3,11,2,3,4,2,0,2,2.578482289660744,2.0812494777392536,0,806.7393487052466
29,2,490,0,15,3,0,1,1,55,2,1,2,1,0,2330,3122,4,1,16,3,3,2,4,2,3,2,2,2,0,0.5857466815505725,1.9300282123746957,0,449.8918979256131
36,1,374,1,9,3,2,4,0,57,3,1,4,1,2,4210,4972,1,0,14,3,1,0,9,3,1,9,2,0,7,0.9625125935030624,2.3410075349292128,1,385.9353821104238
42,1,275,1,11,3,1,2,1,68,2,3,2,2,0,11710,14606,5,0,11,3,3,2,20,3,3,12,5,7,3,2.4697656173791662,2.7675781406588307,0,540.4882377129308
30,1,868,1,1,3,1,3,0,64,2,1,7,1,2,2315,8147,2,0,11,3,1,0,4,2,3,4,3,1,3,0.43205436333768255,2.180831112346492,0,488.8787384794741
33,1,660,1,13,3,2,2,1,59,2,3,4,1,1,10125,22045,6,0,15,3,2,0,13,2,3,8,7,3,0,1.9613341054385842,2.2922312969462446,0,685.8997461044813
35,2,846,1,16,3,1,3,0,43,3,1,2,1,1,2719,8203,1,0,16,3,3,0,16,1,3,15,12,13,13,0.6218361418180113,2.356307179789073,0,217.39986063580085
42,1,1066,1,9,3,1,3,0,95,2,1,6,3,2,2924,10907,1,0,11,3,3,0,5,3,3,5,3,0,1,0.6567592188204834,3.0257736884962623,0,440.83269923584254
37,2,1099,1,28,1,2,2,0,67,2,2,0,1,1,6742,11333,6,0,18,3,1,0,16,2,2,2,0,0,1,1.4994630636576367,1.7014156553506032,0,395.80520055391037
35,2,515,1,23,2,1,2,1,55,2,2,4,3,1,5899,15177,2,1,13,3,1,0,8,1,3,2,1,1,1,1.2979087579525828,2.2659339466992954,0,636.7693865094769
30,1,435,2,23,1,1,3,0,47,2,2,7,1,1,7252,11088,1,0,12,3,1,0,10,2,1,10,7,2,9,1.2602544687048596,2.0893138017442867,0,620.2150947290153
45,2,579,1,1,2,1,1,1,95,1,2,2,3,1,5478,19471,8,1,13,3,3,0,21,2,2,1,0,0,0,1.2108602129977952,2.6257297393847554,0,254.97991304740464
30,1,410,1,21,3,1,2,0,55,1,2,5,1,2,6549,22948,4,0,17,3,3,0,9,4,2,6,3,0,2,1.216701546200075,2.4119686781983605,0,654.926644648186
57,2,358,1,2,3,1,4,1,38,3,5,4,1,1,19347,25005,6,1,12,3,4,0,37,2,3,26,12,11,7,4.423288539747404,3.2781598298775703,0,523.1997569439247
26,1,1215,0,21,3,0,1,0,51,1,1,1,3,1,2271,10404,1,0,11,3,3,0,1,1,2,1,0,0,1,0.5310821579439804,2.5196542128274544,1,990.9087569881597
30,1,821,1,2,3,1,3,0,83,2,1,7,3,2,2891,11767,6,0,13,3,3,0,2,3,3,1,0,0,0,0.533164674081889,3.2791635963341643,0,769.5010268571267
34,1,1012,1,1,4,1,2,0,85,3,2,4,2,2,8080,9139,1,0,13,3,1,0,9,2,3,9,7,4,7,1.6768736981884012,2.0,0,797.3239080464485
39,0,745,1,2,3,1,1,0,54,1,1,2,1,1,3375,17350,2,1,19,3,2,0,10,1,3,2,2,0,0,0.7717572882506593,1.8524071067427352,0,287.86001766978035
19,1,553,2,19,1,2,4,1,46,3,1,8,2,1,1701,26850,1,0,19,3,3,0,0,2,2,0,0,0,0,0.295620904752953,3.2876739652048124,1,1497.6314157158522
22,1,1191,0,15,3,1,2,0,82,2,1,4,1,1,2703,18776,1,0,13,3,1,0,1,2,3,1,0,0,0,0.6502282931941619,1.7385962625295057,0,1351.561887216055
32,1,724,1,5,3,3,1,0,44,2,1,2,2,0,3455,17245,2,1,16,3,1,1,10,2,3,4,4,4,4,0.7899969934623602,1.747129534409634,0,303.6546486101413
22,2,357,2,8,3,1,3,0,96,3,1,8,3,0,2387,25184,1,0,19,3,2,0,2,1,3,2,1,0,1,0.4149423761468607,3.0,0,770.6009622826842
20,2,441,1,2,3,1,3,1,62,3,1,2,2,2,1414,25154,1,0,12,3,2,0,0,2,3,0,0,0,0,0.323376622124796,2.8629467944162417,0,1271.2630086402262
37,1,519,2,4,1,1,3,1,49,2,3,7,3,1,11053,4866,0,1,11,3,1,0,17,5,2,17,7,5,8,1.9208475648697798,2.525193259142995,0,605.4050585948755
50,2,395,1,15,2,3,3,0,60,2,2,1,1,1,9354,11310,5,0,18,3,4,0,20,1,3,9,7,3,7,2.1387227486666642,3.0691476878200925,0,508.8516903959148
23,2,426,1,6,1,2,2,1,35,3,1,7,1,1,2647,4536,1,0,13,3,2,0,1,2,2,1,0,1,0,0.4751543117784813,2.1142673000556877,0,1216.9610170569476
42,1,913,2,1,3,1,1,1,69,2,2,7,2,0,6730,13381,6,0,13,3,3,1,11,2,3,3,1,0,0,1.1696761720548137,2.4473272210618298,0,556.8062489664793
32,2,450,0,4,2,0,1,0,45,3,1,1,1,1,2740,21507,6,0,19,3,1,0,11,3,3,7,6,0,6,0.6382367678627584,1.2274697656450717,0,301.4475259236003
28,2,319,1,7,3,3,2,1,73,1,1,2,1,1,2162,4744,1,0,11,3,3,0,6,3,2,6,6,0,6,0.48299716117355507,2.307653410599495,0,347.6638609035532
47,2,400,1,11,1,3,3,1,63,3,1,6,2,2,4575,21814,2,0,14,3,2,0,9,2,2,7,4,3,3,0.8947603009817439,2.557166462801978,0,471.80356252493266
39,2,236,1,18,2,2,2,0,69,3,2,3,1,1,8751,10481,3,0,21,4,3,0,12,2,3,4,3,1,3,1.7750477748946223,2.5319383698515443,0,674.1608329041114
33,0,925,1,16,3,4,4,1,84,1,1,6,1,1,2317,14483,1,1,23,4,2,0,4,2,2,4,1,2,0,0.5298957421829018,2.4148786083940323,0,452.59030467568357
33,2,649,1,7,3,3,2,1,74,1,1,2,1,1,2236,4570,3,1,15,3,4,0,7,3,1,4,4,0,4,0.5113592949522355,2.608621183908955,1,265.79836133213905
19,1,132,1,4,2,4,1,1,83,3,1,2,1,2,2937,13025,1,0,18,3,2,0,0,1,3,0,0,0,0,0.6716705325811075,1.39902667382021,0,1500.2134848266355
46,2,379,2,10,3,2,1,1,50,2,3,7,3,0,10162,16038,4,0,11,3,1,1,27,1,3,6,6,3,2,1.7659459392019499,2.0290835123736235,0,362.8587728886199
46,1,1198,1,26,2,1,1,1,96,2,1,2,1,2,4189,22571,2,0,18,3,1,0,16,2,3,4,2,0,3,0.9578586995318432,1.1654842951714346,0,291.801238895244
34,0,682,1,4,3,2,1,0,47,2,1,2,1,1,3516,17224,2,1,18,3,1,0,10,2,3,3,2,2,2,0.8039170118669651,1.6149120306056353,0,303.7117425322385
22,2,551,1,3,3,3,3,0,50,2,1,7,3,1,2108,22068,1,0,13,3,3,0,2,2,1,2,2,0,2,0.3885887862762238,3.3333333333333335,1,613.3625309762455
23,1,620,1,9,3,1,4,0,33,3,1,7,1,1,1810,26912,1,0,18,3,1,0,1,2,2,1,0,1,0,0.3190653413439042,2.0564652670776584,0,873.6900082048918
28,2,475,1,2,2,1,1,0,42,2,1,3,1,1,2500,21678,5,0,17,3,1,0,9,3,3,6,5,0,5,0.53675381280639,1.7267707326431005,0,345.34863434204436
49,1,960,2,2,3,1,2,0,87,3,2,7,2,0,6856,14201,6,0,13,3,3,2,12,2,3,6,3,0,2,1.1915248093453805,2.9268319025153624,0,510.9668407213029
28,2,684,1,22,4,5,3,0,60,2,1,4,2,0,2496,18432,5,0,14,3,1,0,6,2,3,2,1,0,1,0.5707160256285629,2.425862390876473,0,356.61598515704776
37,2,972,1,3,3,2,3,1,81,2,1,4,1,1,4536,7506,4,0,13,3,1,1,7,2,3,5,2,0,3,0.9959775317864441,2.0,0,541.4736130567431
18,1,661,1,4,2,3,2,0,75,2,1,7,3,2,1788,18389,1,1,12,3,2,0,0,2,3,0,0,0,0,0.3410894997551846,2.7873192156587736,0,1511.7888690122102
27,2,130,1,7,3,1,2,0,79,3,1,5,1,1,2404,26002,1,0,13,3,4,0,1,0,3,1,0,0,0,0.47303880166295126,2.5151736824068127,0,1202.3707520525868
30,1,995,0,3,3,4,3,0,87,2,1,5,1,1,2645,8584,5,0,11,3,3,0,7,4,2,4,2,0,3,0.6063166601234496,2.6829724562114956,0,295.6186082013953
27,1,1026,1,24,3,3,2,1,46,2,1,5,1,2,1642,10603,1,0,14,3,3,0,1,2,2,1,0,0,0,0.34318837019132464,2.513670337327662,0,821.3523817982248
38,1,781,1,15,3,1,1,1,73,2,3,3,3,1,11201,23464,4,0,11,3,1,0,17,2,2,10,2,6,4,2.2468759557103186,2.2569261748132696,0,641.4089859996154
32,1,199,1,12,3,4,1,0,55,2,2,6,2,1,5650,17521,4,0,11,3,1,0,7,3,1,5,2,0,0,1.0196365798279556,1.4262453214061774,1,677.5777145260005
34,1,462,1,6,3,2,1,1,70,2,2,5,2,0,9982,24252,6,0,11,3,2,1,12,4,2,1,0,0,0,2.029596170110142,2.309953520710894,0,874.4458443624973
29,2,764,1,2,1,1,1,0,36,1,1,2,1,0,2519,6691,2,0,11,3,3,1,2,1,3,1,0,0,0,0.5761042677126508,2.271845709527048,0,1015.4652412337765
35,2,873,2,3,3,1,2,0,57,2,2,7,1,1,9096,5483,1,0,13,3,3,1,9,3,3,9,8,6,7,1.5808206484944056,2.4331986372554923,0,847.8311938751926
29,1,267,2,26,3,2,2,0,46,2,2,7,1,1,6988,23449,3,0,17,3,3,0,9,4,2,7,3,0,3,1.2144009942603702,2.6432702596019446,1,677.3033414219854
29,1,285,1,24,3,1,1,0,47,3,3,4,3,1,8507,23882,1,0,18,3,2,1,10,2,2,6,2,0,5,1.6924259833901818,2.671136474237337,0,718.7854177416937
39,0,1474,1,18,3,2,2,1,75,3,2,4,2,1,4526,23400,5,0,15,3,2,0,11,2,3,4,2,1,2,0.8868758864741588,2.5285629191020016,0,472.5084542001141
41,1,671,1,18,3,4,3,0,49,2,1,6,2,0,2353,15792,7,1,16,3,3,1,6,3,2,2,0,1,1,0.5381594739736676,3.133115355407603,0,315.24210292604846
36,2,987,1,3,3,2,2,0,50,1,1,2,3,0,2974,17571,3,1,13,3,2,1,10,1,2,7,7,3,2,0.6799282365035838,2.650613000950667,0,270.36419149697053
32,1,966,1,22,2,2,1,0,62,1,1,6,2,2,4232,3855,1,0,22,4,2,0,12,4,3,11,4,4,7,0.9675837798463712,1.8439227238528737,0,326.6322916737901
32,2,1132,1,8,2,3,3,1,41,1,3,5,3,1,11603,25364,3,0,11,3,3,0,14,2,2,11,7,8,7,2.296420240551405,3.416650658034035,0,752.3214853700949
37,1,420,2,19,3,3,2,0,51,2,2,7,1,1,6733,23150,4,0,14,3,2,0,12,4,2,5,3,0,1,1.1701750968362181,2.2074246841866105,0,551.7813128995042
30,2,449,1,7,3,3,2,1,75,1,1,2,1,1,2165,4684,1,1,12,3,4,0,7,3,1,6,6,0,6,0.4951026584846102,2.442290124471778,1,265.24045923694354
35,2,407,1,25,2,1,2,1,69,2,2,5,3,1,5855,14319,1,1,15,3,2,0,9,1,3,6,4,4,4,1.1514101950826743,2.9790893403901237,0,581.6230248846207
24,1,1269,1,5,1,4,2,0,81,2,1,2,2,2,3983,9450,5,0,17,3,2,0,5,2,3,2,2,0,2,0.9108316579427566,2.411910641558057,0,662.0696086161691
27,1,1106,1,11,1,4,3,0,38,2,1,3,3,1,3924,4182,1,0,17,3,2,0,9,3,3,8,7,4,6,0.8972596327781688,2.9520789330531043,0,415.3838051261956
24,2,144,1,14,3,1,3,0,69,3,1,6,2,2,2546,25558,1,0,13,3,4,0,4,1,3,4,1,3,3,0.5117349411442322,3.351765153429857,0,781.8086786818939
37,1,416,1,15,2,1,3,1,79,2,2,4,2,1,5898,6155,2,0,14,3,1,1,9,4,2,6,2,0,3,1.1615482875692071,2.488514702914251,0,586.2697433583671
33,2,932,1,10,2,1,2,1,69,2,2,4,3,0,5150,22485,3,0,16,3,2,1,8,2,2,6,3,1,1,1.0340926710102216,2.8270293161291953,0,557.4895819965965
38,1,717,1,20,2,1,1,0,85,1,1,6,1,1,4101,5152,1,0,18,3,2,0,7,4,3,5,1,3,3,0.8208440141326399,1.8323373162737497,0,534.2331268870266
18,0,219,1,7,1,3,2,1,80,3,1,2,2,2,2154,13427,1,0,13,3,3,0,0,0,3,0,0,0,0,0.49264612152267695,2.8640458954658143,0,1806.0362473451555
31,1,930,1,9,3,3,2,1,83,2,1,7,3,1,1220,15974,1,0,13,3,3,0,1,3,2,1,0,0,0,0.2258843473668664,3.034327159777105,0,520.6907768686262
30,2,1065,0,11,3,3,2,0,67,3,1,1,2,1,2564,3172,1,0,14,3,2,0,1,1,2,1,1,1,1,0.6386197785108526,2.555212396229839,0,977.8632969603021
45,2,395,2,8,3,1,1,1,51,2,3,7,3,0,10134,15905,4,0,11,3,1,0,27,1,3,7,6,4,3,1.7611839822106865,2.0251677879346297,0,366.3531898734007
38,2,623,1,7,3,1,3,0,74,3,1,2,1,1,2188,21751,3,0,15,3,1,0,14,3,1,5,4,1,1,0.5002316767043911,2.0043282943299348,0,142.7147853372473
27,1,1176,1,14,4,2,1,1,52,2,1,3,1,0,2280,14258,1,0,14,3,3,1,3,2,3,2,1,0,1,0.49099488914549333,2.242566048426567,0,564.599451781306
36,1,389,1,9,3,2,4,0,55,3,1,4,1,2,4199,4906,1,0,14,3,1,0,9,3,1,9,2,0,7,0.9601665575826785,2.3675231967270385,1,396.07762274809227
47,1,756,1,7,3,1,1,0,84,3,2,3,3,0,7319,14169,4,0,11,3,4,1,11,2,3,7,4,0,2,1.4791626013353172,3.0,0,615.8843361497834
24,2,720,0,3,3,2,1,1,60,2,1,5,3,0,2301,3047,2,1,15,3,1,1,5,2,2,2,0,2,0,0.5395048125511227,2.2669165904953736,0,355.35260328993513
33,1,227,1,16,3,0,1,0,73,3,3,6,1,1,8593,10122,2,1,19,3,3,0,11,2,2,0,0,0,0,1.5108173078888902,1.6736895214613463,0,716.1000858530231
20,0,469,1,8,2,3,1,0,86,2,1,5,1,2,1971,6020,1,0,22,3,2,0,2,2,3,0,0,0,0,0.45072433028383346,1.7734740936956197,0,826.172714968407
21,1,235,1,10,2,1,1,0,45,2,1,2,3,2,2594,25357,1,0,19,3,3,0,2,2,1,2,2,2,2,0.5931128391775633,2.510674986651302,0,793.9991998470178
25,1,1382,1,12,3,2,1,0,49,3,1,2,2,0,2582,14175,1,1,14,3,4,1,5,2,3,4,2,0,2,0.5903740388939563,2.469328165121615,0,402.3483111721956
36,1,1303,2,11,2,1,3,0,83,2,2,7,3,1,11235,23716,4,0,11,3,3,0,14,1,2,11,2,7,5,1.9524877854567233,3.3678150635062263,0,999.7030293950559
31,2,1032,0,6,3,4,1,0,54,3,1,2,3,1,2628,3058,1,0,15,3,3,0,3,0,2,2,1,2,1,0.6595606475818989,2.5820371453188984,0,765.1124920860336
32,1,1189,1,1,4,1,2,0,91,3,2,4,2,2,7820,9053,1,0,12,3,1,0,9,2,3,9,7,4,7,1.6873003407200775,2.0,0,748.0070228393708
44,2,644,1,12,2,3,1,0,68,2,3,3,4,1,8789,13838,1,0,13,3,4,0,9,2,3,9,7,1,5,1.7485999663142473,3.3296614139293106,0,842.2830492249914
36,1,961,2,11,2,1,1,0,81,3,2,7,4,1,5840,20125,5,1,11,3,1,0,8,1,1,7,5,0,6,1.0149862570800865,2.4683170067665263,0,603.0192203837926
37,2,885,2,8,3,1,1,1,64,2,2,7,1,1,9963,5499,2,0,11,3,3,0,11,3,2,7,5,4,5,1.7313450507407775,1.9940620874371424,0,805.0276796942492
39,2,992,1,5,3,4,4,1,62,3,1,5,2,1,2222,3751,4,0,17,3,3,0,14,4,2,1,0,0,0,0.4430613817464521,3.3796290118423333,0,174.39937926901587
38,2,1113,1,2,3,1,2,0,54,1,1,2,3,0,2624,17672,3,0,13,3,2,0,8,1,2,6,6,1,0,0.6000734287113376,2.849947310018004,1,303.8020893279409
33,0,1114,2,14,4,3,4,0,63,3,2,7,3,1,4665,23636,4,0,14,3,3,0,5,1,2,4,2,1,2,0.8108046063749853,3.5189071949277886,0,715.2366012409207
26,0,1197,1,9,3,2,1,0,63,2,1,3,2,1,2724,14249,1,1,17,3,3,1,5,3,3,5,2,1,1,0.6228511163154511,2.5736043654368355,0,404.5283067474848
46,2,1109,1,12,3,1,2,1,96,3,1,5,3,2,2868,10716,1,0,11,3,3,0,5,3,3,5,3,0,1,0.6557052866044601,3.0,0,421.71380288315606
22,1,625,1,3,1,1,2,0,34,2,1,3,3,1,4167,10011,0,0,18,3,1,0,4,3,3,2,2,0,2,0.9528755995888564,2.0112712180445573,0,833.5755745203315
37,1,659,1,2,3,1,1,0,73,3,2,5,2,2,8597,9309,1,0,15,3,2,0,8,3,3,8,7,5,7,1.6560982593339226,2.0,0,895.589474358929
39,0,702,1,2,2,1,1,0,51,2,1,2,1,1,3953,17296,2,1,22,3,1,0,11,2,3,1,0,0,0,0.8483731124734599,1.5908664680498852,0,322.97250254702783
24,2,820,1,1,3,3,1,1,60,2,1,6,3,1,2293,3018,2,1,16,3,1,0,5,1,2,2,0,2,0,0.5244048956627577,2.3084328790365833,0,329.7351001894283
33,2,793,1,13,2,2,2,0,56,3,1,2,3,1,2451,22113,5,0,13,3,2,0,8,2,1,5,4,0,4,0.560371505342606,3.2036226930136382,0,266.3690090226049
46,2,701,1,1,2,1,1,0,89,2,2,2,3,1,5360,19080,8,1,13,3,3,0,21,2,2,1,0,0,0,1.1850806961289122,2.6666666666666665,0,249.4217397628094
35,2,595,2,3,3,1,2,0,83,1,2,7,3,1,6099,20226,5,1,15,3,1,0,10,1,1,6,5,4,6,1.0599106398156293,2.3333333333333335,1,552.4387897889251
23,2,330,1,7,1,2,2,1,45,2,1,6,1,1,2497,4629,1,0,12,3,2,0,2,3,2,2,2,0,2,0.4716736969565152,2.1079966870356,0,991.3321805831055
19,0,530,1,9,2,2,1,0,90,2,1,5,1,1,1898,6195,1,1,23,3,2,0,1,1,3,1,0,0,0,0.4341530651296664,1.7246166766335662,0,949.4927534385804
32,2,683,0,12,3,1,3,1,64,2,1,1,2,0,2170,23488,2,1,20,3,3,0,4,3,2,2,1,0,1,0.5340130976062146,2.7889197416963465,0,593.1968091529789
30,1,909,1,11,3,3,2,1,64,2,1,2,2,0,2606,6477,1,0,12,3,2,1,1,4,2,1,1,1,1,0.5958625204811943,2.5598410219933374,0,983.032825552111
45,2,661,1,9,2,3,2,0,65,2,3,5,4,1,9369,13668,1,0,15,3,4,0,9,2,3,9,7,3,6,1.6947064182743152,3.5654187303112557,0,925.9629654264319
28,2,316,1,21,3,3,2,1,57,2,1,2,1,1,2402,7353,1,0,16,3,3,2,2,2,2,1,1,0,0,0.5492346280465285,2.543889777003958,0,1080.3432092947087
35,2,890,0,6,3,0,3,0,64,3,1,1,1,0,2127,23562,3,1,20,3,4,0,6,3,2,2,1,0,1,0.5385853359239087,2.7902225907913727,0,382.48014574800357
30,2,1063,0,11,3,3,2,0,68,3,1,1,2,1,2552,3179,1,0,14,3,2,0,1,1,2,1,1,1,1,0.6340694695223936,2.5476418545380843,0,982.2012173496777
24,2,863,1,5,2,2,2,0,71,3,1,4,3,1,2268,3124,1,0,15,3,1,1,4,2,1,1,0,1,0,0.518616261823616,2.3333333333333335,1,557.7321617966045
36,2,776,0,7,3,0,3,1,63,2,1,1,1,0,2096,23609,3,1,21,3,3,0,6,3,2,2,1,0,1,0.533589810431557,2.696458665486565,0,340.5353607752256
35,2,1134,1,18,3,2,1,1,61,2,1,4,1,2,2257,3122,3,1,17,3,2,0,6,1,2,2,2,1,2,0.5161956805768994,1.5415870903477504,0,314.7333869799295
18,1,525,1,2,2,3,1,0,63,2,1,5,4,2,1903,18425,1,0,12,3,3,0,0,2,4,0,0,0,0,0.4026860589424549,2.8880447142833883,0,1472.6064989979973
28,2,721,1,5,2,1,2,0,38,2,1,2,1,1,2334,6800,1,1,12,3,3,1,1,1,3,1,0,0,0,0.5337369564479615,2.3916308895257803,0,1167.2827237516917
31,2,463,1,6,4,3,1,0,79,2,1,4,1,2,2500,7822,4,0,14,3,3,0,13,1,1,11,9,5,9,0.5716336442264128,1.908706141463394,0,177.78546361281724
19,1,597,1,1,1,4,2,0,97,1,1,7,1,1,2338,21006,0,0,20,4,1,0,1,4,4,0,0,0,0,0.4113856290709642,1.6438479261196473,0,1129.3280708847901
35,2,1145,2,11,4,1,2,0,74,2,1,7,1,2,3608,7126,5,0,23,4,2,0,11,3,3,6,4,1,4,0.6271369933398596,2.0,0,303.08929162098013
41,1,803,2,18,2,1,1,0,62,2,2,7,2,2,6513,10963,4,0,13,3,3,0,8,2,3,3,2,0,1,1.1319271778555688,2.539743806824966,0,676.774608112301
40,1,775,1,13,3,4,2,0,40,1,1,6,3,1,2193,15715,7,0,15,3,3,0,4,3,3,1,0,0,0,0.4845584048950431,3.107167856534674,0,423.0844033477845
30,2,395,1,25,4,3,2,0,76,2,1,4,2,1,2636,18196,3,0,18,3,2,0,4,2,2,1,1,0,1,0.6027267297146366,2.454252631555315,0,738.728214964302
28,1,1304,1,2,1,1,2,0,80,2,1,7,1,0,3125,16462,0,0,12,3,2,0,5,2,3,3,2,0,1,0.5708449669451616,1.9073786799831476,0,478.63014138820176
31,2,952,1,11,2,3,2,0,58,3,1,3,3,1,2604,22110,4,1,13,3,2,0,7,2,1,5,3,0,4,0.5568190345037081,2.9674824581984023,0,311.6628704460724
27,1,1494,2,1,2,4,1,1,91,3,1,8,2,0,2912,15762,2,0,14,3,3,1,5,3,3,3,2,0,2,0.5061012704828828,2.6496981767992462,0,485.3932934989582
46,1,1229,1,26,2,1,1,1,96,2,1,2,1,2,4200,22587,2,0,18,3,1,0,16,2,3,4,2,0,3,0.9602899712893123,1.1468274834746461,0,281.90246766069083
35,2,331,1,26,2,1,2,1,80,2,2,6,3,1,5824,13721,1,1,17,3,3,0,9,1,3,8,6,6,6,1.04927779749931,3.476270123466005,0,543.177390876953
28,0,258,2,19,2,2,2,1,77,1,2,7,1,1,5491,21346,6,0,18,3,3,0,9,4,2,4,4,4,4,0.9542741725919242,2.3333333333333335,0,557.5739031972213
30,2,206,1,7,3,1,1,0,34,2,1,6,2,2,1272,22258,1,0,12,3,3,0,1,3,3,1,0,0,0,0.28927347914453316,2.0195102503443536,0,631.2438282943785
37,1,414,1,15,2,1,3,1,79,2,2,4,2,1,5892,6156,2,0,14,3,1,1,9,4,2,6,2,0,3,1.1621750963808668,2.4903551508979382,0,584.8154827099237
32,2,1083,2,13,3,1,1,0,74,3,2,7,3,1,7766,19088,3,0,12,3,1,2,9,1,2,1,0,0,0,1.3495858411738306,1.7880714258810555,0,728.0652694265532
34,1,518,1,14,3,2,1,1,63,3,3,2,3,0,9939,22735,4,0,11,3,1,1,14,3,3,1,0,0,0,2.272384464050828,1.8384072109498846,0,653.9514478174495
35,2,655,2,11,2,1,2,1,66,2,2,7,2,1,8005,5726,1,0,11,3,2,1,8,5,3,7,5,3,3,1.3911662482039575,2.3333333333333335,0,793.8197501682866
22,1,221,1,11,2,1,1,0,46,2,1,3,3,2,2565,25404,1,0,18,3,3,0,3,2,1,3,2,3,3,0.5864951266842299,2.6777507410284462,0,717.6873490352573
22,1,528,1,6,2,3,3,0,96,1,1,5,1,1,2515,21141,0,0,19,3,1,0,1,4,3,0,0,0,0,0.5114375715942181,1.9678208135057622,0,1109.1455236516736
29,1,540,1,2,2,3,2,0,50,2,1,6,3,2,2257,3606,8,1,18,3,3,0,5,4,3,3,2,1,2,0.5160548804279398,2.930783289736353,0,422.38882365076205
28,2,110,1,23,3,1,2,0,49,2,1,2,3,1,2050,12640,4,1,13,3,2,0,6,3,3,4,2,0,2,0.468832739638634,2.5213179283372757,0,284.6530350046016
44,1,596,1,7,2,3,1,1,55,2,2,5,3,1,6539,23251,2,1,17,3,2,0,14,3,3,5,4,0,4,1.2547009154872681,2.236630554820447,0,446.3197892421915
25,1,199,1,4,2,3,2,0,62,2,1,4,1,1,2710,12689,0,0,17,3,2,0,1,2,2,1,0,0,0,0.5653538754404897,2.3173091806243242,0,1107.493588820238
30,1,1052,1,1,3,1,4,0,58,3,1,7,1,2,2348,8350,1,1,11,3,1,0,3,2,3,3,2,1,2,0.4274712724011726,2.3774254037084437,0,538.4259174929282
23,2,1435,1,1,1,4,1,0,65,2,1,7,2,2,3280,21834,1,1,15,3,1,0,5,3,3,5,3,1,3,0.5917851943690535,1.766094365430281,0,478.05034961737726
41,1,445,1,4,1,1,4,0,40,1,1,6,3,0,2359,12602,2,0,15,3,4,1,3,3,2,1,1,0,0,0.4504122854055507,3.7695927141301153,1,589.98864153233
35,1,609,1,11,3,2,3,0,62,2,1,4,1,2,4119,4893,1,0,17,3,2,0,10,4,1,10,2,1,7,0.9418966743929976,2.122122570963654,0,374.5323685268156
50,2,1196,1,24,2,1,1,1,88,2,1,2,3,2,2534,10313,1,0,15,3,3,0,4,2,2,3,1,0,0,0.5795243848920969,2.881722583941116,0,558.0783340978493
41,1,680,1,9,3,1,3,0,69,3,2,4,2,1,6431,6044,2,0,17,3,2,1,10,3,2,7,4,3,7,1.2729563343121497,2.6666666666666665,0,595.9612289982396
37,2,283,1,14,3,1,1,0,70,2,3,6,1,1,8831,10449,2,1,18,3,3,0,14,1,2,1,1,0,1,1.6361533303893299,1.8516122382642095,1,639.5189045870184
32,2,635,2,1,2,1,2,1,57,2,2,7,2,1,10018,5420,1,0,11,3,2,1,12,4,3,12,7,4,7,1.7409563733417717,2.4993635845036684,0,745.7483768808129
31,2,389,0,17,4,0,3,1,86,3,1,1,1,1,2921,21538,0,0,16,3,3,0,2,3,2,1,0,0,0,0.7469922354191343,2.7114502666104734,0,937.3253141935726
39,2,760,1,9,2,2,1,0,57,2,2,2,3,1,7474,13293,3,0,12,3,3,0,10,2,3,5,4,0,2,1.559101213931243,2.459669215963082,0,679.4796933255984
26,1,448,0,20,3,3,2,0,62,1,1,1,3,1,2539,23011,0,1,14,3,2,0,4,2,1,3,3,0,0,0.6197340718058989,2.66835673734674,1,739.4717711989591
32,2,884,1,5,3,3,2,0,44,2,1,2,3,0,3182,17408,3,1,13,3,1,1,10,1,2,7,7,5,5,0.7274882597841148,2.2797974183677043,0,289.2757862087016
31,1,540,1,3,3,1,4,0,35,3,1,5,2,2,4097,4245,1,0,12,3,1,0,7,2,1,7,2,6,7,0.9368423996768631,2.6311404232904416,1,496.911211908594
28,1,468,1,20,2,1,3,1,73,2,1,5,3,2,2585,14778,1,0,22,3,2,0,1,3,1,0,0,0,0,0.5910972545584887,3.1933147946728844,1,1130.0748266421933
29,0,290,1,27,2,3,2,1,82,1,1,6,1,2,4688,21902,5,0,16,3,3,0,6,4,3,2,2,1,2,0.8711578130561042,2.1575441315769224,0,604.4046217293657
30,1,707,0,6,3,1,3,0,71,2,1,2,3,0,2307,9418,5,0,11,3,3,0,6,1,2,4,2,0,2,0.5733710023573797,3.1556677377527453,0,307.1096054026719
39,2,1187,1,8,4,2,3,1,83,3,1,4,3,2,3071,10920,1,1,11,3,3,0,4,3,2,4,3,0,2,0.7021597594600305,3.0,0,614.2834202725708
24,1,858,1,3,2,3,1,1,93,2,1,2,1,1,3996,9329,5,0,13,3,3,0,5,4,3,2,2,0,2,0.9137288293331186,2.0009742140821305,0,626.7411394848294
42,1,479,1,10,1,4,2,0,62,3,2,4,3,1,7073,23260,1,1,13,3,1,0,14,2,3,5,4,3,4,1.381246034790935,2.244601291095035,0,503.57021372386794
29,1,1009,1,9,2,4,1,1,89,2,1,2,3,0,4369,8486,6,0,14,3,2,0,6,3,2,1,0,0,0,0.9989443486214049,2.4942738501382715,0,629.4084953308453
28,1,402,1,18,3,1,4,0,78,3,1,6,2,0,2150,16865,1,1,16,3,1,0,6,3,2,6,2,4,5,0.43727512148226516,2.7600389551539326,0,435.79431673994003
44,2,1140,1,12,2,1,2,0,61,2,2,6,2,1,7087,14251,4,0,19,3,2,2,13,1,3,6,5,0,6,1.284204831711513,2.558737975452197,0,515.0786447832039
53,2,539,1,2,2,2,2,0,69,2,5,3,2,1,19853,23078,3,0,13,3,4,1,27,2,3,15,6,3,6,4.098801848126009,3.0,0,709.1634780248226
35,1,907,2,6,2,1,1,0,43,1,2,7,2,2,6657,11732,5,0,14,3,2,0,9,2,3,1,0,0,0,1.1569324955161566,1.9721181639143062,0,634.8391136451438
38,1,381,1,1,3,1,1,1,67,2,3,2,3,0,11510,14127,6,0,11,3,3,1,19,3,2,16,4,11,5,2.386031936893241,2.7186426269662087,0,568.4362365427012
27,1,888,1,3,2,1,2,0,60,1,1,5,2,1,1726,16099,1,0,13,3,2,0,1,4,3,1,0,0,0,0.34659797704581763,2.3333333333333335,0,863.3361801235691
47,2,648,1,1,2,1,1,0,95,2,2,2,3,1,5375,19231,8,1,13,3,3,0,22,2,2,1,0,0,0,1.2169855797746785,2.6666666666666665,0,231.60226673138504
24,2,224,2,6,3,1,3,0,54,2,1,7,2,2,5185,26675,1,0,11,3,4,0,5,0,3,5,3,0,2,0.90115993608204,3.271876359773679,0,919.6576290848942
18,0,263,1,8,1,2,2,0,77,2,1,2,2,2,1981,13653,1,0,12,3,3,0,0,0,3,0,0,0,0,0.4393036958643305,3.2429963727557256,0,1815.108430791634
29,2,307,1,3,3,4,1,1,85,1,1,5,1,1,2601,7370,6,0,13,3,2,0,10,2,1,7,6,0,6,0.5947756565820507,1.7430046914881738,0,238.4757258734655
26,1,443,0,16,4,1,2,0,59,3,1,1,2,0,2691,22741,0,0,11,3,2,0,8,2,1,6,6,1,0,0.6887003053797863,2.3333333333333335,1,292.377722712722
27,2,1391,1,17,3,4,2,1,32,2,1,2,3,0,2368,18875,4,0,13,3,1,1,5,1,2,3,1,0,2,0.5415247393902537,2.6123596635676765,1,476.683901120031
24,2,909,1,10,2,1,3,0,81,3,1,3,2,1,2246,3218,1,0,14,3,1,1,3,2,1,1,0,0,0,0.5135544243021608,2.3333333333333335,1,765.113362431983
41,1,865,1,15,3,5,2,1,42,2,1,6,3,1,2476,15600,8,0,15,3,4,1,5,3,3,1,0,0,0,0.5527931743609892,3.2770091181946093,0,359.6913328254077
30,0,600,1,21,2,2,4,1,76,1,1,6,3,1,2402,14671,1,1,23,4,2,0,2,2,2,2,0,1,0,0.5492094964947626,3.054866194455239,0,986.9799390367912
30,1,351,1,3,2,1,1,0,59,3,1,4,3,2,2842,15168,2,0,12,3,1,0,6,3,2,2,0,0,1,0.649804271980023,1.9263968886613618,0,391.2348614865839
19,1,589,1,1,1,4,3,0,99,1,1,7,1,1,2356,21014,0,0,20,3,1,0,1,4,3,0,0,0,0,0.4221112434003183,1.717359869608901,0,1153.5188542120675
33,2,604,2,11,3,2,2,0,78,3,3,7,1,2,8967,10187,1,1,20,4,2,0,10,2,2,3,2,1,2,1.5583958748400366,1.7988831243506849,0,810.6606600236623
31,2,359,0,18,4,0,3,1,89,3,1,1,1,1,2999,21525,0,0,16,3,2,0,2,3,3,1,0,0,0,0.7667338029849844,2.6207536032062997,0,965.7000328631384
38,1,308,0,4,3,0,1,0,78,3,3,0,3,0,11869,13275,7,0,11,3,3,3,19,3,3,15,6,9,4,2.7521988466799856,2.864998722578793,0,590.4008071524174
26,1,990,1,4,2,2,2,0,64,2,1,4,1,1,1895,16073,1,0,14,3,2,0,1,4,3,1,0,0,0,0.3972710026481472,2.3333333333333335,0,947.6893076661115
40,2,566,2,8,3,1,1,1,44,2,3,7,2,0,10675,15371,4,0,11,3,2,0,17,2,1,11,1,8,5,1.8550922320768248,2.3333333333333335,0,569.8117566552202
43,2,313,1,7,2,4,3,1,74,2,1,2,2,1,2237,4168,4,0,11,3,4,0,10,4,1,8,8,4,7,0.5116061754366261,3.0531237052109246,1,206.06362792777657
42,1,267,1,2,3,1,1,0,78,2,3,0,3,0,11818,13300,7,0,11,3,4,2,22,3,2,16,7,10,5,2.7020777343109934,2.9459953740361384,0,514.1904366713798
28,2,139,2,23,3,2,2,0,36,2,2,7,3,1,7338,24910,1,0,20,3,4,2,9,2,2,9,4,0,8,1.2752973683704114,3.3333333333333335,0,714.4403307627165
28,1,378,1,3,2,3,3,1,43,2,1,2,1,1,2568,5489,6,0,11,3,3,0,7,2,2,0,0,0,0,0.5872258837182411,2.435728100456962,1,374.475226884622
27,2,180,1,16,4,1,3,0,52,2,1,6,3,1,2441,25638,1,1,13,3,4,0,7,2,2,7,2,6,6,0.5582755247795788,3.6368242084823192,0,279.9364279720902
36,2,450,2,24,3,1,3,0,80,3,2,7,3,1,6045,13572,1,0,18,3,3,0,10,2,3,9,7,5,7,1.0505105367044465,3.51199452578343,0,522.1354854442794
37,1,419,2,19,3,3,2,0,51,2,2,7,1,1,6733,23149,4,0,14,3,2,0,12,4,2,5,3,0,1,1.1701567025648625,2.2077775169683305,0,552.1114752464914
37,2,1237,1,11,4,2,2,1,69,3,1,6,1,0,3617,11186,1,0,14,3,3,0,7,2,1,4,2,0,2,0.7050767472178097,2.4742373087003697,0,421.46402413346
21,2,236,1,10,2,1,3,0,84,3,1,7,2,2,2631,25652,1,0,17,3,2,0,1,0,3,1,0,0,0,0.5040678862808674,2.7704108453038447,0,1315.9851846906035
34,1,539,0,5,2,1,3,0,77,2,1,2,3,0,2236,10210,4,0,11,3,3,1,6,0,2,4,2,1,2,0.552005787232545,3.098973225910521,1,319.56421515767767
26,1,836,1,16,3,1,3,0,60,2,1,3,1,1,1666,16991,1,0,15,3,1,0,4,4,2,4,0,3,3,0.3809220145559424,1.9418623670711683,1,491.6211261092242
31,0,1109,1,16,4,4,3,1,73,1,1,4,1,0,2326,14377,1,1,20,3,2,1,5,2,3,4,2,2,0,0.5318872687975604,2.3333333333333335,0,387.7458189534215
43,1,600,1,7,2,3,1,1,56,2,2,4,3,1,6505,23225,2,1,18,3,2,0,14,3,3,6,4,0,4,1.264413317715284,2.267809294487897,0,457.9985246284691
52,2,632,1,7,3,3,3,0,58,2,3,5,2,1,9829,12746,4,0,14,3,4,0,20,1,2,9,8,4,8,2.004670142258551,3.1263481794277976,0,611.1522540088882
31,2,1001,1,8,2,2,1,0,40,3,1,2,1,1,4197,10208,6,0,21,3,1,0,9,2,4,4,3,0,3,0.9597160336303797,1.075933410369622,0,416.1690760619376
20,2,126,1,5,3,4,1,1,81,2,1,2,1,2,2899,13003,1,0,18,3,2,0,1,2,3,1,0,0,0,0.6628970621502939,1.4370204587719426,0,1393.431547139791
30,1,944,2,8,3,2,2,0,88,2,1,8,3,2,1081,16019,1,0,12,3,2,0,1,3,2,1,0,0,0,0.18796600062454885,2.998440406249481,0,540.8251752969832
51,1,1013,1,5,3,1,1,1,64,3,3,6,2,1,8490,21578,8,0,18,3,2,0,10,2,2,7,6,6,6,1.4928597751497694,2.311799592138058,0,767.4265086653922
42,2,1368,1,8,2,1,1,0,84,1,2,6,3,1,5339,9491,7,0,13,3,1,0,6,2,2,3,2,0,2,0.9291412022548428,2.0,0,669.121871189764
30,2,477,1,22,4,4,2,0,69,1,1,5,2,0,2569,18240,4,0,15,3,2,0,6,1,3,2,2,1,0,0.5875440670039298,2.402062497342497,0,352.25347446912133
26,2,1248,1,5,1,4,1,0,60,3,1,6,2,1,2961,22027,2,1,15,3,2,0,6,3,2,5,3,0,4,0.5565892548995862,2.1909942613490183,0,398.6739192473091
32,2,628,1,8,1,2,1,0,37,1,1,2,3,0,3198,6701,5,0,12,3,1,2,6,1,3,3,2,0,2,0.7312051998693307,2.0641899160610797,0,529.0315450397457
42,1,812,1,16,3,4,2,1,39,2,1,6,3,1,2385,15603,8,0,15,3,3,0,5,3,2,1,0,0,0,0.5431588916304049,3.3206995952547063,0,355.433426424088
22,2,1252,1,9,3,1,2,0,47,2,1,3,1,2,1345,16997,1,0,13,3,1,0,1,5,2,1,0,0,0,0.29519856856526366,1.9466485882775253,1,672.827271097636
30,2,556,0,16,3,0,1,1,55,2,1,2,1,0,2328,3106,4,1,16,3,3,2,4,2,3,2,2,2,0,0.5785741217908495,1.8968534108152135,0,441.7806589443197
30,1,933,1,5,3,1,2,0,55,1,1,4,4,0,2560,17476,2,1,13,3,2,0,6,1,2,4,4,0,0,0.5243300029450265,3.1595664441954767,0,502.3249638729015
31,1,254,1,5,2,1,1,0,47,3,1,6,2,2,2460,15258,2,0,13,3,1,0,7,2,3,3,1,0,2,0.5493895512135026,1.7244701412414558,0,326.56134210778333
33,0,944,1,15,3,4,3,0,83,1,1,6,1,1,2325,14467,1,0,22,3,2,0,4,2,3,4,2,2,0,0.5254349794695251,2.3333333333333335,0,406.89954034639527
23,1,867,1,15,2,1,3,0,43,2,1,6,2,1,2536,19035,1,1,18,3,2,2,1,2,3,1,0,0,0,0.47963624232427804,2.827738390702879,0,1268.4723458229328
20,1,972,1,9,3,1,3,0,47,2,1,5,2,2,1995,17224,1,0,13,3,1,0,1,4,2,1,1,0,1,0.37481701708439025,2.7315823088904363,0,750.383642560506
49,1,512,2,7,1,2,2,1,43,3,2,7,4,1,5270,21412,3,0,14,3,3,0,11,3,2,9,7,5,4,0.915825982898383,3.1726905636925666,0,424.3239029069424
26,2,1378,1,19,3,2,1,1,48,1,1,2,3,2,2609,10729,1,0,12,3,3,0,1,2,2,1,0,0,1,0.5966459483297752,2.517264447151241,1,1146.6379483353635
36,2,939,1,12,3,4,2,1,55,2,1,7,3,1,2168,3210,3,0,16,3,2,0,13,3,3,1,0,0,0,0.422830084778283,2.94112982624564,0,206.3104797631963
33,0,1357,1,18,2,1,1,0,67,3,1,6,3,2,5277,4652,7,1,13,3,2,0,9,3,2,5,2,0,4,0.921213542516278,2.3203845334533257,0,527.0178911877044
28,1,943,1,3,3,3,1,1,45,2,1,2,2,0,2577,7175,1,0,15,3,1,2,1,2,3,1,0,0,0,0.5893535429299435,1.4621815831519667,0,1288.9161983877864
28,1,569,1,15,3,3,2,1,48,2,1,2,2,0,2474,7266,1,0,16,3,2,2,1,2,3,1,0,0,0,0.5657126189314068,2.195553225489551,0,1237.2134976029865
27,2,293,1,6,3,1,1,0,38,2,1,6,2,2,1501,22197,1,0,12,3,3,0,1,3,3,1,0,0,0,0.30882282853832954,2.409099718057434,0,646.0969267509397
43,1,443,1,1,2,2,3,0,98,2,1,6,2,0,2364,11132,1,0,12,3,3,2,5,2,2,4,2,1,2,0.5327811587170336,2.7010638711058066,0,353.23252621545555
37,2,540,1,2,2,2,1,0,68,1,1,4,2,1,2256,3804,7,0,12,3,4,0,11,4,2,7,7,4,7,0.5159122432236729,2.773443380599948,0,186.4287883408203
20,1,870,1,6,2,1,3,0,64,2,1,2,3,1,2903,19739,1,1,18,3,2,0,1,4,3,1,0,0,0,0.6579279340540635,3.3038897081932666,0,1451.6715652273592
29,1,1234,2,12,3,3,2,1,49,2,2,7,2,2,5316,3717,6,0,15,3,2,0,7,2,2,4,2,0,2,0.9239624298641651,2.5294212523233104,1,665.969584677699
25,1,1218,1,3,1,4,4,0,32,3,1,2,3,1,3691,4604,1,0,14,3,1,0,7,2,3,7,6,5,6,0.8439081103499375,3.33290233304389,0,461.40675933382835
29,2,619,1,9,2,2,2,0,36,2,1,2,2,0,3933,10050,0,1,21,3,2,1,4,2,2,3,2,0,2,0.8992031968781178,2.5558065814371798,0,717.2768221516653
40,2,707,1,12,2,3,4,0,75,3,2,3,1,1,9236,10601,2,0,22,4,2,0,11,2,3,8,7,3,7,1.862974624657567,2.7023865092248887,0,789.2961127173921
36,1,1217,1,9,4,1,2,0,92,4,2,4,2,2,7117,9371,1,0,11,3,1,0,9,2,3,8,6,3,5,1.5175347890046067,2.3128548565055875,0,687.5050740794267
28,2,463,1,24,4,4,3,0,66,2,1,6,2,1,2529,18360,4,0,16,3,2,0,5,2,3,1,1,0,0,0.5624606248835832,2.3735075262621548,0,465.2889933643924
38,2,1245,1,11,3,1,1,1,68,2,1,3,1,2,2205,3245,3,1,15,3,2,0,8,2,1,3,2,0,2,0.5042385734557916,1.4229921095139062,0,247.6355812327086
30,1,245,0,9,3,1,1,0,38,2,1,5,2,1,1546,22367,0,0,11,3,2,0,2,2,3,2,1,0,0,0.3686194481027306,2.0641996759285437,0,567.7234168878725
29,1,431,1,10,2,1,2,0,54,1,1,7,2,2,2722,14644,1,0,14,3,2,0,1,3,2,1,1,1,1,0.4886153166275792,2.448615354580618,0,954.5269653635617
33,2,666,1,8,2,2,2,0,49,3,1,2,2,1,2550,21879,5,0,15,3,2,0,10,2,2,6,5,0,5,0.5830584546838063,2.3492204606288043,0,238.06039628226253
36,1,248,1,12,4,1,3,0,94,3,2,3,1,1,5129,6089,3,0,16,3,3,1,9,3,2,5,1,0,5,1.1245155890454361,2.5302278919727312,0,500.5189358953293
27,1,1164,0,20,3,0,1,0,52,1,1,1,3,1,2264,10347,2,0,11,3,3,0,2,1,2,1,0,0,1,0.5336040215041131,2.588268785213113,1,933.6106880052497
28,1,782,1,7,3,4,2,0,41,3,1,2,2,0,3329,17269,2,1,12,3,1,1,9,2,2,6,6,6,6,0.7612790588372288,2.0,0,321.703617067671
28,2,851,1,4,3,3,2,0,42,3,1,4,3,1,3907,16788,4,0,15,3,2,0,7,2,2,4,4,4,3,0.8932979278708938,2.726475086618459,0,536.0835254530539
38,0,525,1,4,1,1,3,1,67,2,1,2,3,0,2152,13466,5,0,13,3,4,0,1,1,2,0,0,0,0,0.4921533740763321,3.6816230507141126,0,1220.1331399228397
43,2,1188,2,7,2,1,2,0,71,3,2,7,2,2,8946,22180,6,1,16,3,3,0,8,1,2,5,4,5,5,1.5546925564199918,2.807271132498904,0,995.2713951995389
24,2,844,1,15,3,2,2,0,94,2,1,4,2,2,2668,18184,1,1,18,3,1,0,1,2,2,1,0,0,0,0.6100176878517536,2.233221766371181,0,1334.1086833317852
31,1,441,1,6,3,1,3,0,45,2,1,5,3,1,2606,9362,2,0,12,3,2,0,2,1,2,2,0,0,0,0.5193441880181983,3.121565749819102,0,1019.2012143010286
29,1,401,1,3,3,1,1,0,64,3,1,3,3,2,3022,15103,2,0,12,3,2,0,6,3,1,1,0,0,1,0.6909906459272291,2.0404514626690093,0,444.3747884263137
20,1,580,2,15,1,2,4,1,41,3,1,8,2,1,1730,26885,1,0,19,3,2,0,0,2,2,0,0,0,0,0.3006902626886906,2.864896860259856,1,1299.7717306016125
49,2,1035,2,6,3,1,1,1,64,3,3,7,2,1,8413,21242,8,0,18,3,2,0,10,2,2,7,6,6,6,1.4620252900528519,2.256665571015521,0,764.8385937826487
33,2,817,1,26,1,2,2,0,58,2,2,3,1,1,6984,11263,4,0,16,3,1,0,14,2,2,5,3,1,4,1.4078069369836992,1.8232449557883665,0,483.74565058656935
34,0,723,1,2,3,1,1,0,50,2,1,3,1,2,3970,16825,3,0,20,3,2,0,8,2,3,1,0,0,0,0.9077731300975417,2.2153976568296567,0,491.9335503189243
30,1,832,2,5,3,2,2,0,73,2,1,8,3,2,1193,16073,1,0,12,3,2,0,1,3,2,1,0,0,0,0.2073936840753418,2.730343033545433,0,596.7234775057773
34,2,810,0,10,3,1,3,1,60,3,1,1,2,0,2280,22789,4,1,16,3,3,0,7,2,1,4,3,0,3,0.5468905202858159,3.048285172955644,0,265.7317703901279
32,2,537,2,2,4,2,3,1,72,1,2,7,2,1,10003,26112,5,0,11,3,3,0,8,2,2,4,3,3,3,1.7384028758632994,2.862689687265769,1,1131.5342861476308
33,1,598,2,8,2,4,2,0,46,3,2,7,2,1,5521,17620,4,0,14,3,1,0,9,3,1,3,1,0,0,0.9595512356296246,1.9487980128256166,1,573.9742658045346
33,0,1180,1,22,3,2,1,0,62,3,2,6,3,2,5034,4136,5,0,16,3,2,0,10,3,2,7,3,1,5,0.9585666814004069,2.2205517250268474,0,452.62580291184713
33,1,414,1,17,3,0,1,0,65,3,3,5,1,1,8927,10469,3,1,18,3,3,0,11,2,2,0,0,0,0,1.7693099437558635,1.7540480776978251,0,743.944325588963
23,2,1244,1,13,3,3,3,0,66,2,1,4,2,1,2488,18516,2,0,13,3,1,0,3,2,2,2,0,0,1,0.5688612641979297,2.319887926747512,0,838.4702691162145
29,1,1243,1,16,4,3,2,1,62,2,1,3,1,0,2344,14299,1,1,17,3,3,1,5,2,3,3,2,1,1,0.5360836932466344,2.3333333333333335,0,390.80501237679647
29,1,147,1,25,2,2,2,0,41,3,3,6,4,1,7628,24328,0,0,20,3,3,2,9,2,2,9,4,1,8,1.376731816442715,3.2511102519082997,0,701.9588965996966
34,1,451,1,5,3,2,2,1,73,2,2,5,2,1,9965,24677,6,0,11,3,2,0,11,3,2,1,1,1,1,1.9619263519213956,2.3883292773147384,0,954.4070772093069
33,2,938,1,10,2,1,2,1,69,2,2,4,3,0,5140,22499,3,0,16,3,2,1,8,2,2,6,3,1,1,1.037366910365384,2.8206476168585293,0,552.9695984495274
38,2,1117,1,5,2,2,3,0,69,2,1,2,1,1,2402,4298,7,1,20,3,4,0,8,2,1,2,2,2,2,0.5491961972812652,2.993560875561185,0,266.47695491637927
26,1,1336,0,21,3,0,1,0,57,2,1,1,2,0,2862,19554,1,0,12,3,1,0,1,1,2,1,0,0,0,0.7367013825958997,1.333570856909218,0,1431.4422817710602
36,1,853,0,22,2,0,2,0,47,3,2,0,1,0,9760,11404,8,0,16,3,3,2,11,2,3,4,2,0,2,2.4640686678361043,2.2472972127689634,0,793.6309403960979
27,2,1404,1,12,3,3,2,1,49,2,1,2,3,2,3000,10940,1,0,12,3,3,0,1,2,2,1,1,1,1,0.6859189424719146,2.7440240733868495,1,1146.80801805504
26,1,451,0,16,4,0,2,0,58,3,1,1,2,0,2695,22864,0,1,11,3,2,0,7,2,2,6,6,0,0,0.6937648120164872,2.355803363524916,0,301.49307769069446
27,1,1490,2,1,2,4,1,1,91,3,1,8,2,0,2918,15788,2,0,14,3,3,1,5,3,3,3,2,0,2,0.5071238024430734,2.6199801961683526,0,486.3739868597777
29,1,120,1,12,3,4,1,0,51,2,2,6,2,1,5757,17487,4,0,11,3,1,0,7,3,1,5,2,0,0,1.0030369445292058,1.339656955752332,1,717.6951866879976
37,2,627,2,1,3,1,1,1,46,2,3,7,3,1,10556,14852,4,0,11,3,3,0,16,2,1,13,1,10,7,1.8345369714801536,2.4035784479696383,0,609.0142031663619
19,1,592,2,1,1,4,3,0,95,1,1,8,1,2,2300,21083,0,0,20,3,1,0,1,4,3,0,0,0,0,0.39970793320315806,1.8142390176893637,0,1119.8958622597474
47,2,611,1,1,2,1,1,1,97,1,2,2,3,1,5410,19348,8,1,13,3,3,0,22,2,2,1,0,0,0,1.2242960876991402,2.654134408931246,0,233.62861456858798
27,1,976,0,14,2,1,2,0,68,3,1,1,3,0,2623,22884,0,1,11,3,3,0,4,3,2,3,3,0,0,0.6375347715343994,3.0269582308579936,1,800.2950500239097
43,2,811,2,7,3,3,2,1,85,3,3,7,1,2,11306,9890,2,1,19,3,1,0,15,2,2,12,7,3,7,1.964783318563559,2.139747597590891,0,786.1427578460953
48,1,687,1,6,3,2,2,0,76,2,1,4,1,1,4589,17593,2,0,17,3,1,0,11,2,2,6,1,5,5,1.0491919004265293,1.818875352620664,0,382.43044770547
23,1,773,1,3,1,3,3,0,92,1,1,6,2,1,2349,20934,0,0,16,3,1,0,5,3,3,4,4,0,4,0.4864012782360661,2.0678084106829098,0,621.1926449287482
55,1,842,1,3,1,1,3,1,55,2,1,2,3,0,2379,13456,8,1,13,3,4,1,3,2,2,1,0,0,0,0.543977618805263,3.847167774814283,0,576.7059826452697
27,1,581,1,2,3,4,2,1,47,3,1,6,4,1,2287,3290,6,1,20,3,2,0,4,3,2,1,0,0,0,0.5230203392113917,2.9969628695049115,0,489.28372590352416
37,1,175,2,9,3,1,1,0,64,3,2,7,1,2,8977,9812,1,0,18,3,3,0,9,3,2,4,3,3,3,1.5600508611665493,1.840839730544841,0,883.8918077636024
29,1,685,1,17,2,1,3,0,59,2,3,6,1,1,7365,10564,1,0,12,3,1,0,10,2,1,10,8,3,9,1.389283152429339,2.0,0,628.8898124015888
45,2,264,1,20,2,3,4,0,66,3,2,0,1,1,8928,10840,3,0,22,4,3,0,12,2,3,8,7,3,7,2.0394382449644515,3.3288715172760277,0,638.6443678527518
33,1,425,1,11,2,3,1,0,71,3,3,2,3,0,8882,22739,3,0,11,3,1,1,13,3,3,4,3,3,3,2.030649208387873,2.3115405110251017,0,650.3187896230927
41,0,1151,2,19,3,1,1,0,85,3,3,7,2,1,12273,16748,4,0,14,3,3,0,23,1,2,2,2,1,0,2.132919469761539,2.4686647490300784,0,506.673795096566
32,1,180,1,18,2,1,1,0,55,3,1,6,2,0,2162,11473,3,1,11,3,2,0,6,2,2,5,2,0,1,0.49449186498507103,2.098118785538732,0,276.5186288519727
20,1,683,1,2,1,4,3,0,96,1,1,7,1,1,2336,20963,0,0,19,3,1,0,2,4,3,2,1,0,1,0.4429701064822946,1.8562977898438389,0,906.6086018660044
37,1,863,1,13,3,4,2,1,58,2,1,6,3,1,1879,15764,5,0,14,3,3,0,3,3,2,1,0,0,0,0.40541249645514227,3.1963695114902984,0,427.18076547642005
23,2,1328,1,6,1,2,3,0,80,3,1,3,1,0,2576,16095,0,0,15,3,2,0,2,5,3,1,0,0,0,0.5427542831478727,2.240911451434409,0,1007.0859622368832
33,1,688,1,13,3,4,3,1,44,2,1,2,2,0,3756,9989,1,0,23,3,3,0,4,2,1,3,2,0,2,0.8588337438475795,3.0,0,637.7277838178175
32,2,130,1,15,2,1,1,0,69,3,1,6,1,2,5195,26488,4,0,15,3,2,0,5,2,3,2,1,0,1,0.9089513301430592,1.6967337848135489,0,782.013579112748
26,2,508,1,22,3,4,3,1,65,1,1,2,4,1,2350,23096,1,1,17,3,2,0,1,2,1,1,0,0,0,0.537382004909281,3.036489199559705,1,1071.5521395879157
30,2,1058,0,12,3,3,2,0,69,3,1,1,2,1,2533,3189,1,0,14,3,2,0,1,1,2,1,1,1,1,0.6271461810876748,2.536123286486548,0,988.801356843208
44,2,699,1,14,3,2,1,0,71,3,3,0,3,1,7895,14067,1,0,12,3,3,1,10,2,3,9,7,0,5,1.755151459679767,2.9585208142343813,0,695.6973136548271
28,2,784,1,2,2,1,2,0,36,2,1,2,1,1,2322,6716,1,1,11,3,3,1,1,1,3,1,0,0,0,0.5310651584172865,2.3478614341468584,0,1161.4395014586055
21,2,387,1,6,3,1,3,1,89,3,1,6,3,0,2102,25129,1,0,19,3,2,0,2,2,3,2,1,0,1,0.3810611976552282,3.0,0,740.7115895254449
29,1,513,1,3,2,3,2,0,46,2,1,6,3,2,2267,3542,8,1,20,3,3,0,4,4,3,2,1,0,1,0.5183196609600994,3.07435068173152,0,475.4793926315202
24,0,377,1,5,2,3,2,0,61,2,1,3,1,2,2272,5681,4,0,16,3,2,0,5,2,2,0,0,0,0,0.5194707518836804,2.0590361526488303,0,549.9152197694219
32,0,1459,2,11,4,3,4,0,60,3,2,7,3,1,4705,23902,7,0,12,3,3,0,5,1,2,4,2,1,2,0.8176829851251103,3.660776838360027,0,674.1349388294093
37,0,616,1,2,3,1,1,0,52,2,1,2,1,1,3610,17193,2,1,21,3,1,0,10,2,3,1,0,0,0,0.825434176105709,1.410534014578998,0,303.79999667552266
34,1,789,1,4,2,3,3,1,57,2,1,2,1,1,2466,4722,7,0,17,3,3,0,8,2,1,1,1,1,1,0.563940247807173,2.7338656309614655,1,274.0749604342861
30,1,415,1,26,2,3,3,1,68,2,1,2,2,2,3475,11606,0,0,11,3,2,0,5,2,3,4,3,1,3,0.7945453842598675,2.3975173552164866,0,559.5794213360742
29,1,411,2,23,1,1,3,0,45,2,2,7,1,1,7325,11153,1,0,12,3,1,0,10,2,1,10,7,2,9,1.2730636250438343,2.0108150901866413,0,612.4088339685604
23,1,1162,1,7,3,1,2,0,39,1,1,3,1,2,1401,16974,1,0,12,3,1,0,1,5,2,1,0,0,0,0.3012570237195643,1.837764784737584,0,700.6855554524683
43,1,446,1,1,2,2,3,0,98,2,1,6,2,0,2370,11143,1,0,12,3,3,2,5,2,2,4,2,1,2,0.5320919764795431,2.7099909396552624,0,358.0756203154738
21,1,859,1,10,2,3,1,0,56,3,1,5,3,1,1893,18802,1,0,15,3,3,0,0,1,3,0,0,0,0,0.3813970094449106,2.7322798423830084,0,1416.198720040102
34,0,1201,1,17,3,2,1,1,65,3,2,6,3,2,5127,4707,6,0,13,3,2,0,9,3,1,5,2,0,4,0.9284401293205774,2.3333333333333335,1,506.49551338075037
21,2,1167,1,12,3,3,3,0,82,2,1,5,1,1,2546,18391,1,0,14,3,1,0,2,2,2,1,0,0,0,0.582139318101836,2.153712797203346,0,1078.2253720921153
32,2,282,1,8,3,1,1,0,42,2,1,5,1,2,1389,22189,1,0,12,3,2,0,3,3,3,1,0,0,0,0.3176048500372147,2.0564524940831252,0,545.0803198904713
30,1,250,2,8,3,1,2,1,76,1,2,7,2,1,6027,20868,4,0,18,3,2,0,11,3,2,6,6,6,6,1.0473946423272047,2.3333333333333335,0,492.3815028551411
28,2,524,1,2,3,1,1,0,77,2,1,2,2,2,3450,14920,1,0,11,3,3,0,4,4,1,0,0,0,0,0.7818658140969776,2.3333333333333335,0,596.7556336326332
27,0,1164,1,10,3,2,2,0,66,2,1,3,2,1,2663,14280,1,1,18,3,3,1,5,3,3,5,2,1,1,0.60896468585884,2.53863646283625,0,401.6134822949931
37,2,617,2,1,3,1,1,1,45,2,3,7,2,0,10617,14983,4,0,11,3,2,0,17,2,1,13,1,10,6,1.8451645363923053,2.3333333333333335,0,586.7246573322078
34,1,728,1,10,3,2,3,1,55,2,3,6,1,1,10285,21588,8,0,16,3,2,0,14,2,3,12,11,5,0,1.8103905054473004,2.623936929649992,0,648.8922417173507
27,1,799,1,7,3,4,2,0,41,3,1,3,3,0,3162,17271,2,1,13,3,1,1,8,2,3,6,6,5,6,0.7008623406679138,2.231725738941379,0,385.3657063680287
35,1,690,2,21,3,2,1,1,57,3,2,7,4,1,5525,21163,1,0,11,3,3,0,10,3,2,9,7,1,7,0.9602835601734908,2.7994868752467497,0,487.9812299469853
44,1,676,1,4,2,2,3,1,97,3,1,6,2,0,2561,10993,1,1,11,3,3,1,6,2,2,5,3,1,2,0.5857137434248479,2.790074025667949,0,365.98741624861213
23,2,1089,1,8,1,2,3,0,40,3,1,5,2,1,1239,26916,1,1,11,3,4,0,1,4,3,1,0,0,0,0.283352785673052,3.306126628272411,0,619.6925422669648
31,1,497,1,15,2,2,3,0,80,2,1,4,2,2,3144,11762,3,0,12,3,2,0,4,2,4,3,2,0,2,0.6453619453285361,2.8150729666569414,0,592.9866219397288
32,2,711,1,7,2,3,4,1,47,3,1,3,2,1,4002,4836,1,0,15,3,2,0,8,3,2,8,4,2,7,0.915129644675043,2.7360592609029926,0,414.56364457327203
25,2,358,1,4,3,2,2,0,41,2,1,7,2,2,1672,22151,1,0,12,3,3,0,1,3,2,1,1,0,1,0.3234221255340483,2.7000420011470245,0,657.1891012937303
33,0,966,1,26,3,2,1,0,57,2,2,6,3,2,4715,3525,2,0,19,3,2,0,12,3,2,10,5,2,6,1.0022904005409008,2.0867444559838426,0,360.35231017979106
29,1,453,1,17,3,1,2,1,73,2,1,7,2,1,2229,14607,1,0,20,3,2,0,1,2,3,1,0,0,0,0.45233542607268873,2.646336100913699,0,1114.9046713641105
23,1,520,1,12,3,2,2,1,46,2,1,4,2,2,1096,9929,1,0,19,3,3,0,1,3,2,1,0,0,0,0.2213165822823877,2.836271219710458,0,548.2984751252226
22,1,619,1,3,1,1,2,0,34,2,1,3,3,1,4169,10018,0,0,18,3,1,0,4,3,3,2,2,0,2,0.9533573410833248,2.0036642241932756,0,833.9970019796925
25,0,1254,1,7,3,1,1,0,58,2,1,2,2,1,2826,14197,1,1,16,3,3,1,5,3,3,5,2,1,1,0.6462312596522066,2.632478716015401,0,409.4359043992838
34,2,935,1,4,3,3,2,0,47,2,1,2,3,0,3079,17488,3,1,13,3,1,1,10,1,2,7,7,4,3,0.7039422497144575,2.46338074821562,0,279.9130363864579
42,2,959,1,2,2,2,2,0,62,2,2,5,3,1,5291,18349,5,1,16,3,2,0,16,2,2,1,0,0,0,1.0308966131619401,2.6666666666666665,0,335.536427997049
37,1,436,1,21,3,2,3,0,86,3,1,6,1,1,4083,22439,0,0,14,3,1,0,5,1,2,4,2,0,2,0.8696688414413821,2.086880659846286,0,610.9854139353705
22,1,643,1,3,1,1,2,0,36,2,1,3,3,1,4161,9990,0,0,18,3,1,0,4,3,3,2,2,0,2,0.9513814244662164,2.034865160233825,0,832.2684701230461
33,2,620,1,9,1,3,1,1,42,1,1,2,3,0,3560,6804,6,0,12,3,1,2,7,2,3,4,2,1,3,0.8139114482266382,2.0,0,402.64646943313005
52,2,330,1,2,1,2,1,0,59,1,5,3,3,1,19846,25196,1,0,14,3,4,1,31,2,3,28,12,5,8,3.6012955284373627,3.0,0,613.1454465753668
30,1,396,1,12,3,1,1,0,67,2,1,6,3,1,2430,11695,5,0,12,3,2,0,5,2,3,3,1,0,0,0.48584452396572947,2.6099094636982763,0,463.08144401825075
30,2,683,2,12,3,2,3,0,33,1,3,7,4,1,9319,25308,1,0,15,3,3,1,12,2,2,12,6,5,8,1.6195986229649963,3.5362767446398733,1,693.7719176165144
37,2,1008,1,3,3,2,2,0,52,1,1,2,3,0,2931,17604,3,1,13,3,2,1,10,1,2,7,7,2,1,0.6701257908766329,2.727040625143685,0,266.4663826631266
30,1,337,1,7,2,1,1,0,49,2,1,7,2,2,2603,14957,1,0,13,3,2,0,4,2,3,2,1,1,2,0.5160371080551187,2.015548781113088,0,610.2659897693339
31,1,1052,1,1,3,1,3,0,53,3,1,7,1,2,2321,8316,1,0,11,3,1,0,3,1,3,3,2,2,2,0.4101118087710669,2.3333333333333335,0,556.3678189824996
29,1,445,2,11,3,1,2,0,70,1,1,8,1,1,2140,14493,1,0,17,3,3,0,1,2,3,1,0,0,0,0.37196199517885575,2.0492688222176643,0,1002.2366759679862
43,2,1108,1,9,4,1,3,1,94,3,1,5,3,2,2953,10838,1,1,11,3,3,0,5,3,2,5,3,0,2,0.6753288285439792,3.0,0,445.20087462223574
49,2,535,1,2,4,1,4,1,31,2,4,5,2,1,16335,25777,5,0,11,3,3,0,31,2,2,25,12,11,8,3.5469237158726497,3.443017121789957,0,543.0953878456666
19,0,529,1,10,3,3,1,0,94,2,1,5,2,1,1910,6153,1,0,24,3,2,0,1,2,3,1,1,0,0,0.43675726892374,1.7578806822413469,0,925.4295745549799
37,1,485,1,9,3,1,3,0,79,3,2,3,1,1,5957,6115,3,0,17,3,2,1,10,3,2,7,2,1,7,1.250784111091894,2.6666666666666665,0,530.2054718179475
44,1,497,2,13,2,4,2,0,50,2,2,7,2,1,6767,23315,3,0,14,3,1,0,15,4,2,4,3,0,2,1.1760988624454336,2.0937969868591755,0,445.4544941456134
30,1,1148,1,12,1,2,2,0,61,1,1,4,1,1,3861,4661,1,1,20,3,2,0,9,4,3,9,3,5,6,0.8828065858657792,2.0877484899348087,0,382.82672125050254
48,1,1473,1,27,2,1,1,1,96,2,2,2,1,1,4287,22710,2,0,19,3,1,0,19,2,3,4,3,1,2,0.9801198449362134,1.0084702330300432,0,205.2192515436155
33,2,683,1,11,4,2,2,0,60,3,1,3,1,2,2627,8055,2,0,15,3,3,0,15,1,2,14,11,10,11,0.6006097726510642,2.130476195233167,0,160.33274398654075
31,1,306,1,27,2,2,3,0,69,1,1,2,2,1,3423,11681,0,0,11,3,2,0,5,2,3,4,3,1,3,0.7765107525041897,2.3983781088975644,0,501.4271100368405
34,1,1142,0,22,3,0,2,0,50,2,1,1,2,0,3002,19725,1,0,16,3,2,0,9,1,2,1,0,0,0,0.7301720304412515,2.4239274547315555,0,836.2926783309006
25,2,1312,1,20,2,2,1,1,36,2,1,2,2,0,2378,19351,1,0,19,3,3,1,1,0,2,1,0,0,0,0.5387372880636978,2.345959342469317,0,1189.1818044933432
20,2,1071,1,11,2,2,3,0,91,2,1,6,1,1,2579,18332,1,1,15,3,1,0,1,2,3,1,0,0,0,0.575253850166736,2.0729792400363025,0,1289.7646615849085
32,1,744,1,2,3,1,3,0,90,2,1,7,3,2,2800,11770,6,0,13,3,3,0,3,3,3,1,0,0,0,0.5037298186838942,3.298159976989356,0,667.0397837476247
47,1,1089,1,8,3,1,3,1,81,1,4,6,2,1,12995,24138,6,0,11,3,3,0,24,2,1,22,4,13,9,2.2675205724497105,3.0,0,500.06876567557737
38,2,1072,1,6,3,3,3,1,70,2,1,2,1,1,2386,4331,6,1,20,3,4,0,7,2,1,2,2,1,2,0.5456030286972606,2.9589886491738433,1,266.973552205215
32,1,514,1,2,2,1,1,0,44,2,1,2,1,1,2667,21437,6,0,19,3,1,0,12,2,3,8,7,1,7,0.6097556099167523,1.156124974483385,0,201.49887441338655
43,1,949,2,7,3,1,2,0,68,2,4,5,1,2,16209,2469,0,1,13,3,1,0,23,2,2,22,9,7,12,2.8168465865727064,1.6773860136290777,0,646.0875448454167
31,2,468,1,2,2,1,1,0,39,2,1,2,1,1,2645,21559,6,0,19,3,1,0,11,3,3,8,6,0,6,0.594233476425958,1.2181346546293135,0,238.9762219043651
32,1,904,1,7,2,1,2,1,73,2,2,2,3,1,5393,22863,1,0,20,3,2,0,9,3,3,9,5,0,3,1.2330953681238654,2.6666666666666665,0,513.9945468047125
26,2,294,1,5,1,1,2,0,72,3,1,4,1,1,2337,26270,1,1,19,3,2,0,1,2,3,1,0,0,0,0.5344125697353481,2.220704003368855,0,1168.7602900112063
44,1,297,1,13,3,1,2,1,63,2,3,3,2,0,11569,14933,5,0,11,3,3,2,20,3,3,11,4,6,2,2.373372351600873,2.6958526053315994,0,536.585017915464
39,2,647,1,8,3,1,3,0,79,3,1,2,1,1,2111,21787,3,0,14,3,1,0,14,3,1,5,4,1,0,0.48270791162968374,2.1526571737431315,0,135.23543402933632
31,1,293,1,6,2,1,1,0,54,3,1,6,2,1,2325,15092,2,0,15,3,1,0,6,2,3,3,0,0,2,0.502069938080029,1.7553633603487662,0,468.79933659416247
25,1,455,1,14,3,1,1,0,78,3,1,4,4,2,2208,18209,1,1,18,3,3,0,0,2,2,0,0,0,0,0.463618343407051,2.8262465626065283,0,1479.6038564610587
39,1,314,1,3,3,1,1,0,61,3,2,6,2,2,9103,9475,1,0,17,3,2,0,8,4,3,8,7,6,7,1.6357894201593213,2.0,0,991.6480749314552
46,2,448,2,9,2,2,1,1,54,2,3,7,4,0,9978,15399,3,0,12,3,1,0,23,1,3,7,7,4,3,1.7341209142608751,2.4088092204255576,0,498.684886798825
33,1,1330,1,5,4,1,2,0,96,4,2,4,2,2,7280,9152,1,0,11,3,1,0,9,2,3,9,7,3,6,1.6093939475526882,2.157340659702526,0,682.2380124442684
29,1,773,1,2,3,1,2,0,47,1,1,7,2,2,1368,16331,1,0,12,3,1,0,1,3,2,1,0,0,0,0.25020894105373187,2.226399929779952,0,684.071403001907
35,1,713,1,6,3,2,2,0,45,1,1,7,3,1,1719,15964,3,0,13,3,2,0,2,3,3,1,0,0,0,0.3433774876560354,2.6673422120785713,0,568.8237722500601
20,0,290,1,8,1,2,2,0,73,2,1,3,2,2,2108,13812,1,0,12,3,3,0,0,0,3,0,0,0,0,0.4458794671696137,3.094643302032316,0,1669.1290091997987
29,1,458,1,23,2,1,3,1,73,2,1,6,3,1,2410,14733,1,0,23,3,2,0,1,2,2,1,0,0,0,0.543328918869829,3.240120467346318,0,1205.308341153477
32,2,785,2,3,3,1,1,1,64,2,2,7,1,1,9791,5378,1,0,11,3,3,0,10,3,2,9,7,5,6,1.7015695933391572,2.2274992395047493,0,858.7394462290777
29,1,592,1,6,3,2,2,0,79,2,1,2,1,1,3053,17216,2,1,11,3,3,0,5,1,2,2,2,0,0,0.6980800984882481,2.301009261960412,1,519.4582450964986
43,1,1248,2,12,2,1,1,0,83,1,2,7,3,2,5544,9649,7,0,12,3,2,0,7,2,2,4,3,1,3,0.9635714377120586,2.189221539785006,0,676.2971715947457
41,1,774,1,15,3,4,2,1,42,2,1,5,3,1,2561,15509,8,0,15,3,3,0,5,4,2,0,0,0,0,0.5855153829119052,3.2149704661036838,0,375.68476908179446
34,1,314,1,5,1,1,4,0,33,1,1,7,3,0,2352,12296,0,0,15,3,4,1,3,3,2,1,1,0,0,0.4137944926045014,3.679561570605031,1,588.0304641606594
46,2,744,1,6,2,3,4,1,70,3,1,2,1,1,2373,4006,7,0,16,3,4,0,10,2,1,5,5,5,4,0.5426942042592481,3.310313339179989,1,215.3611899138616
34,1,1177,1,6,3,4,3,0,80,3,3,6,1,1,9626,10478,1,1,21,3,1,0,9,2,3,7,6,3,6,1.7734040017472683,2.0,0,942.59618999877
34,1,657,1,7,2,1,1,1,65,1,2,2,3,1,6077,22889,1,1,23,3,3,0,9,3,3,8,6,0,5,1.3875917600097736,2.66323655283019,0,606.1151696230095
26,2,905,1,2,3,2,1,1,63,3,1,5,3,1,2270,3077,2,1,15,3,1,0,6,2,1,2,0,1,0,0.5190062319412045,2.1532802507414335,1,304.04527189666095
35,2,498,1,23,2,1,2,1,57,2,2,4,3,1,5892,15038,2,1,14,3,1,0,8,1,3,3,1,1,2,1.2742629226434024,2.3810419358748725,0,627.8683996374091
24,1,427,1,8,3,3,2,1,85,3,1,2,1,2,3282,16941,2,0,11,3,3,0,4,2,2,0,0,0,0,0.7504507123420359,2.121731587640843,1,643.1585877307587
30,1,600,0,8,2,0,2,0,66,2,1,1,4,0,2180,9732,5,0,11,3,3,0,5,0,2,4,2,1,1,0.5610222826998448,3.3329599628399635,0,311.5626914436541
39,2,1136,1,6,3,2,2,1,65,3,1,4,2,1,2130,3337,3,0,14,3,2,0,13,4,2,2,1,0,1,0.4363042238555356,2.3689092849072337,0,155.80748486227276
28,2,401,0,19,3,1,1,1,78,2,1,1,4,2,2738,18118,1,0,21,3,3,0,1,2,1,1,0,0,0,0.6440654742346504,2.6666666666666665,0,1369.39143533716
20,2,175,1,9,3,1,3,0,80,3,1,6,2,2,2380,25373,1,0,14,3,3,0,0,0,3,0,0,0,0,0.4338651708082481,3.0,0,1374.0386765032704
53,1,796,1,3,3,2,3,1,78,2,4,3,1,1,18521,21771,5,0,12,3,3,0,24,2,2,8,2,3,5,4.097527428862822,3.0,0,737.0340060057157
29,1,1438,1,2,3,5,1,1,87,2,1,7,3,1,2869,15733,3,0,15,3,4,1,5,3,3,2,1,0,1,0.5098601273300785,2.722732149645323,0,473.33790698403095
29,1,455,1,20,2,1,3,1,73,2,1,6,3,1,2306,14660,1,0,22,3,2,0,1,2,2,1,0,0,0,0.49091481160686146,2.898088564662276,0,1153.2339839698316
32,2,1009,1,2,3,3,3,0,43,3,1,6,3,1,4758,16991,5,0,17,3,2,0,8,3,2,1,1,1,0,0.9615174044481322,3.0398962082058865,1,586.2218467659345
42,2,584,1,16,3,2,1,0,74,3,2,0,4,1,7727,14007,1,0,11,3,4,0,10,2,3,10,7,0,5,1.7296867492184118,3.077229237853505,0,702.4725500064311
36,1,591,1,10,3,3,2,1,58,2,3,5,2,0,10145,22180,7,0,13,3,2,1,16,4,3,5,4,2,0,2.1065032736847704,2.2511302413245327,0,590.5814001928937
37,2,625,2,1,3,1,1,1,46,2,3,7,3,1,10600,14909,4,0,11,3,3,0,16,2,1,13,1,10,7,1.8420398504463988,2.3454298728703002,0,592.768460426525
29,1,433,1,11,2,1,2,0,55,1,1,7,2,2,2701,14652,1,0,14,3,2,0,1,3,2,1,1,1,1,0.4937655665201325,2.5146539128334915,0,974.3055135602974
21,1,1226,1,8,1,2,3,0,75,3,1,2,1,1,2388,16153,1,1,16,3,2,0,1,5,3,1,0,0,0,0.5296716258341794,2.4617820514265247,0,1144.452111049758
34,2,855,1,12,2,2,1,1,64,1,2,5,3,0,5282,22309,4,0,15,3,3,1,7,2,2,4,2,1,1,0.9938050926122085,2.9055523505781395,0,613.1053057594804
27,1,1329,0,22,3,0,1,0,57,2,1,1,2,0,2868,19561,1,0,12,3,1,0,1,1,2,1,0,0,0,0.7364880600077865,1.3763313437225073,0,1408.033221572817
32,2,741,1,25,1,1,3,0,55,2,2,3,1,1,7049,11244,3,0,15,3,1,0,13,2,1,6,4,1,5,1.3832246400234474,1.855919738702496,0,507.3313980534183
22,2,333,1,7,1,2,2,1,38,2,1,7,1,1,2589,4597,1,0,12,3,2,0,1,3,2,1,1,0,1,0.4685711861608782,2.0532928324195936,0,1167.6905698832823
32,1,919,1,7,2,1,2,1,73,2,2,2,3,1,5350,22861,1,0,20,3,2,0,9,3,3,9,5,0,2,1.2231486266189369,2.6666666666666665,0,508.0222489693674
37,1,613,1,19,2,1,2,1,57,2,2,4,3,0,6061,15274,3,0,12,3,1,0,8,1,3,1,0,0,1,1.3196240578916654,2.1794973234238335,0,632.2405280177759
38,1,444,2,20,3,1,2,1,86,3,2,7,3,1,6038,13679,2,0,16,3,4,0,10,2,3,9,6,5,5,1.0493293191143929,3.502465889367013,0,525.7659012584116
35,2,950,0,7,3,0,3,0,66,3,1,1,1,0,2166,23501,3,1,19,3,4,0,5,3,2,2,1,0,1,0.542225355442352,2.877859684795922,0,469.9748294747957
41,0,834,1,16,3,5,3,1,46,1,1,6,2,1,2414,15391,7,1,17,3,3,1,5,3,3,1,0,0,0,0.5519917805692768,3.159579858025767,0,354.4600370665394
28,1,1229,1,4,4,3,1,1,78,1,1,6,3,1,3748,24548,5,0,12,3,4,0,5,3,2,3,2,1,2,0.7979139287189173,3.15276392763934,0,599.1240164401736
38,1,1155,1,28,1,2,2,0,70,3,2,0,1,1,6658,11300,6,1,18,3,2,0,16,2,3,1,0,0,0,1.503789597427965,1.7369361489915494,0,388.6438681101642
30,2,1324,1,24,2,1,1,1,56,1,1,2,3,2,2341,10508,1,0,12,3,3,0,1,2,2,1,0,0,0,0.5354172406397092,2.444251724621515,0,1027.4845661477812
29,2,844,1,4,3,2,1,0,89,2,1,3,1,1,4332,9417,5,0,13,3,2,0,6,4,2,2,2,0,2,0.9232836629763179,1.7430052358226216,0,597.0165584006917
29,2,932,1,7,3,3,1,0,55,3,1,2,1,1,4150,9982,6,0,19,3,1,0,8,2,3,4,3,0,3,0.9489594578824518,1.194285330264914,0,438.36656726275476
28,1,958,0,16,3,0,2,0,57,1,1,1,3,0,2233,10123,3,0,11,3,3,0,3,0,2,2,1,0,1,0.5435824033226008,2.859759444898245,1,706.8965949781871
27,2,1386,1,16,3,4,3,0,35,2,1,2,3,0,2380,18749,4,0,12,3,1,0,5,2,2,3,0,0,2,0.5442376468473251,2.6280530262941344,0,393.85406584891274
31,1,1347,1,1,4,1,2,0,96,3,2,4,2,2,7588,8977,1,0,11,3,1,0,9,2,3,9,7,4,7,1.6966068051856473,2.0,0,703.9884580580518
29,1,432,1,11,2,1,2,0,55,1,1,7,2,2,2712,14648,1,0,14,3,2,0,1,3,2,1,1,1,1,0.4911346049413154,2.480918674134686,0,964.201809570005
48,2,626,1,1,2,1,1,1,97,2,2,2,2,1,5376,19278,8,0,13,3,3,0,22,2,2,1,0,0,0,1.2292330324669147,2.6600989151670977,0,226.05592392705574
21,2,243,2,10,3,1,3,0,92,3,1,8,2,1,2573,25318,1,0,16,3,3,0,1,0,3,1,0,0,0,0.44715249724899797,3.0,0,1102.3242439846458
41,2,649,2,5,2,2,2,1,55,2,3,7,3,1,10060,14187,2,0,13,3,3,0,12,2,2,11,4,7,7,1.7482837299400849,3.0720555906529046,0,795.7755755463552
22,1,459,1,9,3,2,2,1,46,2,1,4,2,2,1098,9734,1,0,20,3,3,0,1,3,2,1,0,0,0,0.22996862062131368,2.8825245478006356,0,549.0616550387105
36,1,631,1,4,3,2,3,1,85,3,2,3,1,1,5054,7066,4,0,13,3,1,1,8,2,2,5,1,0,5,1.1554987730038373,2.270402760514303,0,541.4206317830065
32,0,1160,1,9,3,2,2,1,62,2,2,5,3,1,5231,23520,5,0,16,3,4,0,7,2,3,5,3,0,3,1.0368928866172495,3.2830544062610447,0,647.4828141519087
38,0,606,1,2,3,1,1,0,53,2,1,2,1,1,3625,17187,2,1,22,3,1,0,10,2,3,1,0,0,0,0.82895582387192,1.3770840963826751,0,303.8144409583802
30,2,971,1,7,3,3,1,0,49,3,1,2,1,1,4169,10076,6,0,20,3,1,0,9,2,3,4,3,0,3,0.9533232025861585,1.1189913683950392,0,416.45162406214837
27,2,996,1,19,2,1,2,0,81,2,1,3,2,1,2248,3231,2,0,15,3,1,0,2,1,1,1,0,0,0,0.5140143698014605,2.0854443138408505,0,837.4657757127377
38,2,604,2,18,2,1,2,1,67,2,2,7,2,1,6984,5967,1,0,11,3,1,1,8,5,3,6,4,1,1,1.2136881857759059,2.3333333333333335,0,740.4567959056926
25,2,1173,1,5,2,3,1,0,68,3,1,6,1,1,3139,21851,0,0,16,3,2,0,4,4,3,3,2,0,2,0.6080078119942669,1.919175416355049,0,590.729142811686
28,1,528,1,2,3,1,1,1,78,2,1,2,3,2,3483,14934,1,0,11,3,2,0,4,4,1,0,0,0,0,0.796507353470843,2.334362813178967,1,581.4908277947445
25,1,1114,1,3,1,4,4,0,32,3,1,2,3,1,3753,4533,1,0,14,3,1,0,7,2,3,7,6,5,6,0.8581304859002664,3.227374477815496,0,469.18284316597067
18,0,191,1,6,1,3,2,1,81,3,1,2,2,2,2404,13299,1,0,15,3,3,0,0,0,3,0,0,0,0,0.5498099306185681,2.396254499796165,0,1708.384793499116
22,1,1326,1,4,1,4,3,1,95,2,1,2,2,1,3885,9181,4,0,16,3,3,0,4,2,2,2,2,0,2,0.8883378712571176,3.0,0,770.168919963965
29,0,510,1,23,2,1,4,1,74,1,1,6,3,1,2425,14723,1,1,23,4,2,0,1,2,2,1,0,1,0,0.5545291363055393,3.2311397136396147,0,1134.1683275557446
45,1,537,2,11,3,1,1,0,58,3,3,7,3,0,10547,16144,4,0,11,3,1,0,27,1,3,6,5,3,2,1.8329408495469752,2.097193483692289,0,381.0157033658773
29,1,1248,2,13,3,3,2,1,51,2,2,7,2,2,5315,3815,6,0,15,3,2,0,7,2,2,4,2,0,2,0.9237283048252082,2.5090080320706205,1,651.8564674298538
20,1,1235,1,9,1,2,4,1,32,3,1,6,2,1,1144,26991,1,0,12,3,3,0,1,4,2,1,0,1,0,0.24467371958388248,3.376534609666494,0,572.4779409551404
26,2,571,1,6,1,2,2,1,42,3,1,6,1,1,2596,4488,2,0,15,3,2,0,3,2,2,1,0,1,0,0.4906308430116562,2.2983744309899925,0,1019.5265754777873
29,1,628,1,5,2,0,3,0,84,1,1,6,3,1,2588,11834,6,0,13,3,3,0,2,2,3,1,0,0,0,0.47055429254685366,3.3333333333333335,0,709.2542928703617
31,2,965,1,13,2,2,3,0,62,3,1,2,4,1,2453,22332,4,1,12,3,3,0,6,2,1,4,3,0,3,0.5610304070367336,3.409059073327732,1,494.8527199200835
34,1,760,2,17,2,2,1,1,59,1,2,7,4,0,5480,21862,4,1,13,3,3,1,7,2,2,3,3,1,3,0.952423234320369,2.923315438989522,0,641.0372716829489
32,1,667,1,1,2,1,3,0,91,2,1,7,3,1,2726,11778,6,0,13,3,3,0,3,2,3,1,0,0,0,0.49072857190477726,3.245776582393748,0,648.7488991018653
34,1,237,1,22,3,1,3,0,95,3,1,6,2,0,1897,16533,1,0,18,3,1,0,8,3,2,8,1,6,6,0.4260680171574009,2.421297118311805,1,230.88080595859537
34,2,621,1,13,3,3,2,0,38,2,1,2,2,0,3758,10072,0,1,23,3,3,1,4,2,1,3,2,0,2,0.8593357824251541,2.963236653440132,0,631.5671160046443
35,2,746,2,9,3,2,3,1,55,2,3,7,1,1,10247,21530,9,0,17,3,3,0,14,2,2,12,11,6,0,1.7808285161924788,2.656232562084161,0,647.9968827857012
30,2,915,1,3,2,1,2,0,48,2,1,3,1,1,2611,6768,2,0,14,3,3,0,3,1,3,2,0,0,0,0.5468073515560578,2.243756688991229,0,931.1406319124114
32,1,558,1,3,3,1,2,1,89,3,1,2,3,0,3671,20975,5,1,13,3,3,1,8,1,1,1,1,1,1,0.839333162012283,3.0603169927014546,1,437.4559297631698
42,1,984,1,12,3,1,3,1,92,2,1,5,2,2,3013,10943,0,0,11,3,2,0,6,3,3,5,4,0,2,0.6889468381330072,2.9049067280616656,0,430.49335285625335
25,1,883,1,19,2,1,2,0,36,2,1,7,2,1,2428,18824,1,0,17,3,2,2,1,2,3,1,0,0,0,0.4305860357429009,2.6193606296936114,0,1214.482893739203
41,2,1033,1,2,2,2,3,0,54,2,2,5,3,1,5272,18141,5,1,16,3,1,0,14,2,2,1,0,0,0,0.9870092282097548,2.6666666666666665,0,360.0483516654803
29,1,239,2,26,3,2,2,0,44,2,2,7,2,1,7113,23656,3,0,18,3,3,1,9,4,2,7,3,0,4,1.236091360313702,2.7756320957142435,1,680.5931346940856
32,1,906,0,7,3,5,1,0,48,3,1,2,3,1,2599,3182,3,0,17,3,3,0,2,1,3,1,1,1,1,0.6484587919339813,2.874634660330087,0,807.0784552577941
30,2,563,0,16,3,0,1,1,55,2,1,2,1,0,2327,3104,4,1,16,3,3,2,4,2,3,2,2,2,0,0.5777595351702784,1.8930857531872909,0,440.8594666542926
29,0,619,2,26,3,2,1,1,67,2,2,7,3,1,5438,21278,2,0,12,3,3,0,9,4,3,7,5,0,6,0.945073575784855,2.5748075575380387,0,541.0845267519652
