Age,BusinessTravel,DailyRate,Department,DistanceFromHome,Education,EducationField,EnvironmentSatisfaction,Gender,HourlyRate,JobInvolvement,JobLevel,JobRole,JobSatisfaction,MaritalStatus,MonthlyIncome,MonthlyRate,NumCompaniesWorked,OverTime,PercentSalaryHike,PerformanceRating,RelationshipSatisfaction,StockOptionLevel,TotalWorkingYears,TrainingTimesLastYear,WorkLifeBalance,YearsAtCompany,YearsInCurrentRole,YearsSinceLastPromotion,YearsWithCurrManager,CompRatio,SatisfactionScore,WorkLifeFlag,IncomePerYearExp
47,2,1225,2,2,4,1,2,0,47,4,4,3,2,0,15972,21086,6,0,14,3,3,3,29,2,3,3,2,1,2,2.775566947606221,2.3333333333333335,0,532.4
22,2,594,1,2,1,5,3,1,100,3,1,2,4,1,2523,19299,0,0,14,3,3,1,3,2,3,2,1,2,1,0.5768175582990398,3.3333333333333335,0,630.75
46,2,406,2,3,1,2,1,1,52,3,4,3,3,1,17465,15596,3,0,12,3,4,1,23,3,3,12,9,4,9,3.035016074376575,2.6666666666666665,0,727.7083333333334
25,2,622,2,13,1,3,2,1,40,3,1,8,3,1,2096,26376,1,0,11,3,3,0,7,1,3,7,4,0,6,0.36423668433399947,2.6666666666666665,0,262.0
43,1,1001,1,9,5,3,4,1,72,3,2,2,3,0,5679,19627,3,1,13,3,2,1,10,3,3,8,7,4,7,1.2983539094650205,3.0,0,516.2727272727273
28,2,1157,1,2,4,3,1,1,84,1,1,6,4,1,3464,24737,5,1,13,3,4,0,5,4,2,3,2,2,2,0.791952446273434,3.0,1,577.3333333333334
51,2,833,1,1,3,1,3,1,96,3,1,6,4,1,2723,23231,1,0,11,3,2,0,1,0,2,1,0,0,0,0.6225422953818015,3.0,1,1361.5
43,1,1082,1,27,3,1,3,0,83,3,3,4,1,1,10820,11535,8,0,11,3,3,1,18,1,3,8,7,0,1,2.473708276177412,2.3333333333333335,0,569.4736842105264
40,2,118,2,14,2,1,4,0,84,3,2,7,1,1,4639,11262,1,0,15,3,3,1,5,2,3,5,4,1,2,0.8061517073594578,2.6666666666666665,0,773.1666666666666
27,2,205,2,10,3,2,4,0,98,2,2,7,4,1,5769,7100,1,1,11,3,4,0,6,3,3,6,2,4,4,1.002519767138761,4.0,0,824.1428571428571
36,2,1218,2,9,4,1,3,1,82,2,1,8,1,2,3407,6986,7,0,23,4,2,0,10,4,3,5,3,0,3,0.5920583890868016,2.0,0,309.72727272727275
29,2,694,1,1,3,1,4,0,87,2,4,5,4,0,16124,3423,3,0,14,3,2,2,9,2,2,7,7,1,7,3.686328303612254,3.3333333333333335,1,1612.4
45,2,549,1,8,4,4,4,1,75,3,2,6,4,1,3697,9278,9,0,14,3,1,2,12,3,3,10,9,9,8,0.8452217649748514,3.0,0,284.38461538461536
23,2,507,1,20,1,1,1,1,97,3,2,2,3,2,2272,24812,0,0,14,3,2,0,5,2,3,4,3,1,2,0.5194330132601738,2.0,0,378.6666666666667
34,1,669,1,1,3,3,4,1,97,2,2,0,1,2,5343,25755,0,0,20,4,3,0,14,3,3,13,9,4,9,1.2215363511659807,2.6666666666666665,0,356.2
19,2,303,1,2,3,1,2,1,47,2,1,2,4,2,1102,9241,1,0,22,4,3,0,1,3,2,1,0,1,0,0.2519433013260174,3.0,1,551.0
44,2,621,1,15,3,3,1,0,73,3,3,0,4,1,7978,14075,1,0,11,3,4,1,10,2,3,10,7,0,5,1.8239597622313672,3.0,0,725.2727272727273
47,0,1169,1,14,4,5,3,1,64,3,2,6,2,1,5467,2125,8,0,18,3,3,1,16,4,4,8,7,1,7,1.249885688157293,2.6666666666666665,0,321.5882352941176
31,2,218,2,7,3,5,2,1,100,4,2,7,4,1,6929,12241,4,0,11,3,2,1,10,3,2,8,7,7,7,1.2041011382396385,2.6666666666666665,1,629.9090909090909
46,1,638,1,1,3,3,3,1,40,2,3,0,1,1,10673,3142,2,1,13,3,3,1,21,5,2,10,9,9,5,2.440100594421582,2.3333333333333335,1,485.1363636363636
33,2,117,1,9,3,3,1,1,60,3,1,6,4,1,2781,6311,0,0,13,3,2,1,15,5,3,14,10,4,10,0.6358024691358025,2.3333333333333335,0,173.8125
38,2,702,2,1,4,1,1,0,59,2,2,7,4,2,8686,12930,4,0,22,4,3,0,12,2,4,8,3,0,7,1.509427404639847,2.6666666666666665,0,668.1538461538462
36,2,1396,1,5,2,1,4,1,62,3,2,2,2,2,5914,9945,8,0,16,3,4,0,16,3,4,13,11,3,7,1.3520804755372657,3.3333333333333335,0,347.88235294117646
46,2,991,0,1,2,1,4,0,44,3,1,1,1,2,3423,22957,6,0,12,3,3,0,10,3,4,7,6,5,7,0.8808543489449305,2.6666666666666665,0,311.1818181818182
41,2,447,1,5,3,1,2,1,85,4,2,0,2,2,6870,15530,3,0,12,3,1,0,11,3,1,3,2,1,2,1.570644718792867,1.6666666666666667,1,572.5
20,2,654,2,21,3,2,3,1,43,4,1,8,4,2,2678,5050,1,0,17,3,4,0,2,2,3,2,1,2,2,0.4653749239725432,3.6666666666666665,0,892.6666666666666
31,2,1003,2,5,3,5,1,1,51,3,2,7,3,1,8346,20943,1,0,19,3,3,1,6,3,3,5,2,0,2,1.4503432096620037,2.3333333333333335,0,1192.2857142857142
31,0,976,1,3,2,3,3,1,48,3,1,6,1,0,3065,3995,1,1,13,3,4,1,4,3,4,4,2,2,3,0.7007315957933242,2.6666666666666665,0,613.0
46,2,1402,2,2,3,2,3,0,69,3,4,3,1,1,17048,24097,8,0,23,4,1,0,28,2,3,26,15,15,9,2.9625510470066905,1.6666666666666667,0,587.8620689655172
53,2,1070,1,3,4,3,3,1,45,3,4,5,3,1,17584,21016,3,1,16,3,4,3,21,5,2,5,3,1,3,4.020118884316415,3.3333333333333335,1,799.2727272727273
24,2,350,1,21,2,5,3,1,57,2,1,2,1,0,2296,10036,0,0,14,3,2,3,2,3,3,1,1,0,0,0.5249199817101051,2.0,0,765.3333333333334
52,2,1325,1,11,4,1,4,0,82,3,2,2,3,1,3149,21821,8,0,20,4,2,1,9,3,3,5,2,1,4,0.7199359853680841,3.0,0,314.9
36,1,1480,1,3,2,3,4,1,30,3,1,2,2,2,2088,15062,4,0,12,3,3,0,13,3,2,8,7,7,2,0.4773662551440329,3.0,1,149.14285714285714
29,2,1378,1,13,2,4,4,1,46,2,2,2,2,1,4025,23679,4,1,13,3,1,1,10,2,3,4,3,0,3,0.9202103337905807,2.3333333333333335,0,365.90909090909093
28,2,1300,1,17,2,3,3,1,79,3,2,2,1,0,4558,13535,1,0,12,3,4,1,10,2,3,10,0,1,8,1.042066758116141,2.6666666666666665,0,414.3636363636364
42,2,300,1,2,3,1,1,1,56,3,5,3,3,1,18880,17312,5,0,11,3,1,0,24,2,2,22,6,4,14,4.316415180612712,1.6666666666666667,1,755.2
21,2,501,2,5,1,3,3,1,58,3,1,8,1,2,2380,25479,1,1,11,3,4,0,2,6,3,2,2,1,2,0.413589364844904,2.6666666666666665,0,793.3333333333334
52,2,723,1,8,4,3,3,1,85,2,2,6,2,1,4941,17747,2,0,15,3,1,0,11,3,2,8,2,7,7,1.1296296296296295,2.0,1,411.75
22,2,604,1,6,1,3,1,1,69,3,1,6,3,1,2773,12145,0,0,20,4,4,0,3,3,3,2,2,2,2,0.633973479652492,2.6666666666666665,0,693.25
34,0,697,1,3,4,1,3,1,40,2,1,6,4,1,2979,22478,3,0,17,3,4,3,6,2,3,0,0,0,0,0.6810699588477366,3.6666666666666665,0,425.57142857142856
36,2,329,2,16,4,2,3,0,98,2,2,7,1,1,5647,13494,4,0,13,3,1,2,11,3,2,3,2,0,2,0.9813189677643583,1.6666666666666667,1,470.5833333333333
33,2,1277,1,15,1,3,2,1,56,3,3,3,3,1,13610,24619,7,1,12,3,4,0,15,2,4,7,6,7,7,3.111568358481939,3.0,0,850.625
22,2,1230,1,1,2,1,4,1,33,2,2,4,4,1,4775,19146,6,0,22,4,1,2,4,2,1,2,2,2,2,1.0916780978509373,3.0,1,955.0
56,2,718,1,4,4,5,4,0,92,3,5,3,1,0,19943,18575,4,0,13,3,4,1,28,2,3,5,2,4,2,4.55944215820759,3.0,0,687.6896551724138
29,2,1329,1,7,3,1,3,1,82,3,2,0,4,0,6623,4204,1,1,11,3,2,2,6,2,3,6,0,1,0,1.514174668495656,3.0,0,946.1428571428571
36,2,884,2,1,4,1,2,0,73,3,2,7,3,2,6815,21447,6,0,13,3,1,0,15,5,3,1,0,0,0,1.1842905552176557,2.0,0,425.9375
34,2,1239,2,13,4,3,4,1,39,3,3,7,3,0,8628,22914,1,0,18,3,3,1,9,2,2,8,7,1,1,1.4993483360848032,3.3333333333333335,1,862.8
34,2,665,1,6,4,4,1,0,41,3,2,6,3,2,4809,12482,1,0,14,3,3,0,16,3,3,16,13,2,10,1.0994513031550068,2.3333333333333335,0,282.88235294117646
50,2,989,1,7,2,3,2,0,43,2,5,5,3,0,18740,16701,5,1,12,3,4,1,29,2,2,27,3,13,8,4.284407864654778,3.0,1,624.6666666666666
38,2,903,1,2,3,3,3,1,81,3,2,4,2,1,4855,7653,4,0,11,3,1,2,7,2,3,5,2,1,4,1.109967992684042,2.0,0,606.875
30,2,740,2,1,3,1,2,1,64,2,2,7,1,1,9714,5323,1,0,11,3,4,1,10,4,3,10,8,6,7,1.6880702059257973,2.3333333333333335,0,883.0909090909091
44,2,1099,2,5,3,2,2,1,88,3,5,3,2,1,18213,8751,7,0,11,3,3,1,26,5,3,22,9,3,10,3.1650013033278306,2.3333333333333335,0,674.5555555555555
48,1,365,1,4,5,3,3,1,89,2,4,3,4,1,15202,5602,2,0,25,4,2,1,23,3,3,2,2,2,2,3.4755372656607224,3.0,0,633.4166666666666
58,2,1145,1,9,3,3,2,0,75,2,1,6,2,1,3346,11873,4,1,20,4,2,1,9,3,2,1,0,0,0,0.7649748513946045,2.0,1,334.6
29,0,746,2,2,3,1,4,1,61,3,2,7,3,1,4649,16928,1,0,14,3,1,1,4,3,2,4,3,0,2,0.8078894777999827,2.6666666666666665,1,929.8
34,2,258,2,21,4,1,4,1,74,4,2,7,4,2,5337,19921,1,0,12,3,4,0,10,3,3,10,7,5,7,0.9274480841080893,4.0,0,485.1818181818182
27,0,1277,1,8,5,1,1,1,87,1,1,2,3,1,4621,5869,1,0,19,3,4,3,3,4,3,3,2,1,2,1.0564700502972109,2.6666666666666665,0,1155.25
42,2,462,2,14,2,3,3,0,68,2,2,7,3,2,6244,7824,7,0,17,3,1,0,10,6,3,5,4,0,3,1.0850638630636893,2.3333333333333335,0,567.6363636363636
41,1,1200,1,22,3,1,4,0,75,3,2,6,4,0,5467,13953,3,1,14,3,1,2,12,4,2,6,2,3,3,1.249885688157293,3.0,1,420.53846153846155
37,2,1189,2,3,3,1,3,1,87,3,3,7,4,2,7428,14506,2,0,12,3,1,0,12,3,3,5,3,1,3,1.2908158832218264,2.6666666666666665,0,571.3846153846154
25,2,1219,1,4,1,5,4,1,32,3,1,2,4,1,3691,4605,1,1,15,3,2,1,7,3,4,7,7,5,6,0.8438500228623685,3.3333333333333335,0,461.375
33,1,1146,2,25,3,3,2,0,82,3,2,7,3,1,4539,4905,1,0,12,3,1,1,10,3,2,10,7,0,1,0.7887740029542097,2.0,1,412.6363636363636
32,2,1093,2,6,4,3,2,1,87,3,2,7,3,2,5010,24301,1,0,16,3,1,0,12,0,3,11,8,5,7,0.8706229907029281,2.0,0,385.38461538461536
36,2,852,1,5,4,1,2,0,82,2,1,6,1,1,3419,13072,9,1,14,3,4,1,6,3,4,1,1,0,0,0.7816643804298126,2.3333333333333335,0,488.42857142857144
26,2,1449,1,16,4,3,1,1,45,3,1,2,2,0,2373,14180,2,1,13,3,4,1,5,2,3,3,2,0,2,0.5425240054869684,2.3333333333333335,0,395.5
40,2,884,1,15,3,1,1,0,80,2,3,4,3,1,10435,25800,1,0,13,3,4,2,18,2,3,18,15,14,12,2.3856881572930955,2.6666666666666665,0,549.2105263157895
39,1,945,1,22,3,3,4,0,82,3,3,4,1,2,10880,5083,1,1,13,3,3,0,21,2,3,21,6,2,8,2.4874256973022404,2.6666666666666665,0,494.54545454545456
48,0,1262,1,1,4,3,1,1,35,4,4,3,4,2,16885,16154,2,0,22,4,3,0,27,3,2,5,4,2,1,3.860310928212163,2.6666666666666665,1,603.0357142857143
32,0,300,1,1,3,1,4,1,61,3,1,2,4,0,2314,9148,0,0,12,3,2,1,4,2,3,3,0,0,2,0.5290352080475538,3.3333333333333335,0,462.8
43,2,930,1,6,3,3,1,0,73,2,2,6,3,2,4081,20003,1,1,14,3,1,0,20,3,1,20,7,1,8,0.933013260173754,1.6666666666666667,1,194.33333333333334
39,1,203,1,2,3,1,1,1,84,3,4,0,4,0,12169,13547,7,0,11,3,4,3,21,4,3,18,7,11,5,2.78212162780064,3.0,0,553.1363636363636
20,1,871,1,6,3,1,4,0,66,2,1,2,4,2,2926,19783,1,1,18,3,2,0,1,5,3,1,0,1,0,0.6689529035208047,3.3333333333333335,0,1463.0
39,2,895,2,5,3,5,4,1,56,3,2,8,4,1,2086,3335,3,0,14,3,3,1,19,6,4,1,0,0,0,0.36249891389347466,3.6666666666666665,0,104.3
34,2,1320,1,20,3,5,3,0,89,4,1,6,3,1,2585,21643,0,0,17,3,4,0,2,5,2,1,0,0,0,0.590992226794696,3.3333333333333335,1,861.6666666666666
38,1,240,1,2,4,1,1,0,75,4,2,4,1,2,5980,26085,6,1,12,3,4,0,17,2,3,15,7,4,12,1.367169638774577,2.0,0,332.22222222222223
28,2,760,2,2,4,2,2,0,81,3,2,7,2,1,4779,3698,1,1,20,4,1,0,8,2,3,8,7,7,5,0.8304804935268051,1.6666666666666667,0,531.0
28,2,1404,1,17,3,5,3,1,32,2,1,2,4,0,2367,18779,5,0,12,3,1,1,6,2,2,4,1,0,3,0.5411522633744856,2.6666666666666665,1,338.14285714285717
45,0,1050,2,9,4,1,2,0,65,2,2,7,3,1,5593,17970,1,0,13,3,4,1,15,2,3,15,10,4,12,0.9719350073855244,3.0,0,349.5625
26,1,1283,2,1,3,3,3,1,52,2,2,7,1,2,4294,11148,1,0,12,3,2,0,7,2,3,7,7,0,7,0.746198627161352,2.0,0,536.75
36,2,429,1,2,4,1,3,0,53,3,2,4,2,2,5410,2323,9,1,11,3,4,0,18,2,3,16,14,5,12,1.236854138088706,3.0,0,284.7368421052632
48,2,817,2,2,1,2,2,1,56,4,2,7,2,1,8120,18597,3,0,12,3,4,0,12,3,3,2,2,2,2,1.411069597706143,2.6666666666666665,0,624.6153846153846
43,2,1473,1,8,4,4,3,0,74,3,2,0,3,0,4522,2227,4,1,14,3,4,0,8,3,3,5,2,0,2,1.0338363054412436,3.3333333333333335,0,502.44444444444446
31,2,1079,2,10,2,3,3,0,86,3,2,7,4,0,6583,20115,2,1,11,3,4,1,8,2,3,5,2,1,4,1.1439742809974802,3.6666666666666665,0,731.4444444444445
34,1,735,1,22,4,4,3,1,86,2,2,6,4,1,5747,26496,1,1,15,3,2,0,16,3,3,15,10,6,11,1.3139003200731596,3.0,0,338.05882352941177
47,2,465,1,1,3,5,1,1,74,3,1,6,4,1,3420,10205,7,0,12,3,3,1,17,2,2,6,5,1,2,0.7818930041152263,2.6666666666666665,1,190.0
34,2,285,1,29,3,3,2,1,86,3,2,2,3,1,5429,17491,4,0,13,3,1,2,10,1,3,8,7,7,7,1.2411979881115685,2.0,0,493.54545454545456
35,2,890,2,2,3,2,4,0,97,3,1,8,4,1,2014,9687,1,0,13,3,1,0,2,3,3,2,2,2,2,0.34998696672169605,3.0,0,671.3333333333334
38,2,1084,1,29,3,5,4,1,54,3,2,4,4,1,6261,4185,3,0,18,3,1,1,9,3,1,7,7,1,7,1.4314128943758573,3.0,1,626.1
23,2,373,1,1,2,1,4,1,47,3,1,6,3,1,1223,16901,1,0,22,4,4,1,1,2,3,1,0,0,1,0.27960676726108824,3.6666666666666665,0,611.5
44,1,920,1,24,3,1,4,1,43,3,1,2,3,0,3161,19920,3,1,22,4,4,1,19,0,1,1,0,0,0,0.7226794695930499,3.6666666666666665,1,158.05
29,2,468,1,28,4,3,4,0,73,2,1,6,1,2,3785,8489,1,0,14,3,2,0,5,3,1,5,4,0,4,0.8653406492912665,2.3333333333333335,1,630.8333333333334
34,2,971,2,1,3,5,4,1,64,2,3,7,3,1,7083,12288,1,1,14,3,4,0,10,3,3,10,9,8,6,1.2308628030237205,3.6666666666666665,0,643.9090909090909
36,0,1105,1,24,4,1,2,0,47,3,2,2,2,1,5674,6927,7,0,15,3,3,1,11,3,3,9,8,0,8,1.2972107910379516,2.3333333333333335,0,472.8333333333333
55,0,177,1,8,1,3,4,1,37,2,4,0,2,0,13577,25592,1,1,15,3,4,1,34,3,3,33,9,15,0,3.1040237768632832,3.3333333333333335,0,387.9142857142857
43,2,589,1,14,2,1,2,1,94,3,4,5,1,1,17159,5200,6,0,24,4,3,1,22,3,3,4,1,1,0,3.9229538180155465,2.0,0,746.0434782608696
32,1,1316,1,2,2,1,4,0,38,3,2,6,3,2,4998,2338,4,1,14,3,4,0,10,2,3,8,7,0,7,1.1426611796982167,3.6666666666666665,0,454.3636363636364
32,1,1318,2,10,4,2,4,1,79,3,2,7,4,2,4648,26075,8,0,13,3,3,0,4,2,4,0,0,0,0,0.8077157007559301,3.6666666666666665,0,929.6
25,2,883,2,26,1,3,3,0,32,3,2,7,4,2,6180,22807,1,0,23,4,2,0,6,5,2,6,5,1,4,1.0739421322443305,3.0,1,882.8571428571429
37,2,674,1,13,3,3,1,1,47,3,2,6,4,1,4285,3031,1,0,17,3,1,0,10,2,3,10,8,3,7,0.9796524919981711,2.0,0,389.54545454545456
45,2,954,2,2,2,5,2,1,46,1,2,8,3,2,6632,12388,0,0,13,3,1,0,9,3,3,8,7,3,1,1.1524893561560519,2.0,0,663.2
33,2,1198,1,1,4,4,3,1,100,2,1,6,1,2,2799,3339,3,1,11,3,2,0,6,1,3,3,2,0,2,0.6399176954732511,2.0,0,399.85714285714283
31,2,471,1,4,3,3,1,0,62,4,1,2,3,0,3978,16031,8,0,12,3,2,1,4,0,2,2,2,2,2,0.9094650205761317,2.0,1,795.6
26,2,775,2,29,2,3,1,1,45,3,2,7,3,0,4306,4267,5,0,12,3,1,2,8,5,3,0,0,0,0,0.7482839516899817,1.6666666666666667,0,478.44444444444446
46,0,849,2,26,2,1,2,1,98,2,2,7,2,2,7991,25166,8,0,15,3,3,0,6,3,3,2,2,2,2,1.388652359023373,2.3333333333333335,0,1141.5714285714287
29,2,408,2,23,1,1,4,0,45,2,3,7,1,1,7336,11162,1,0,13,3,1,1,11,3,1,11,8,3,10,1.2748283951689983,2.0,1,611.3333333333334
21,2,391,1,15,2,1,3,1,96,3,1,6,4,2,1232,19281,1,0,14,3,4,0,0,6,3,0,0,0,0,0.2816643804298125,3.6666666666666665,0,1232.0
52,2,266,2,2,1,2,1,0,57,1,5,3,4,1,19845,25846,1,0,15,3,4,1,33,3,3,32,14,6,9,3.448605439221479,3.0,0,583.6764705882352
37,2,1017,1,1,2,3,3,0,83,2,1,6,1,1,3920,18697,2,0,14,3,1,1,17,2,2,3,1,0,2,0.8962048468221308,1.6666666666666667,1,217.77777777777777
39,2,867,1,9,2,3,1,1,87,3,2,4,1,1,5151,12315,1,0,25,4,4,1,10,3,3,10,0,7,9,1.1776406035665294,2.0,0,468.27272727272725
27,2,1291,2,11,3,3,3,0,98,4,1,8,4,1,2534,6527,8,0,14,3,2,1,5,4,3,1,0,0,0,0.44035102962898603,3.0,0,422.3333333333333
36,2,1425,1,14,1,1,3,1,68,3,2,0,4,1,6586,4821,0,1,17,3,1,1,17,2,2,16,8,4,11,1.5057155921353451,2.6666666666666665,1,365.8888888888889
49,2,470,1,20,4,3,3,0,96,3,2,4,1,1,6567,5549,1,0,14,3,3,0,16,2,2,15,11,5,11,1.5013717421124828,2.3333333333333335,1,386.29411764705884
45,0,248,1,23,2,1,4,1,42,3,2,2,1,1,3633,14039,1,1,15,3,3,1,9,2,3,9,8,0,8,0.8305898491083676,2.6666666666666665,0,363.3
45,2,1005,1,28,2,5,4,0,48,2,4,5,2,2,16704,17119,1,0,11,3,3,0,21,2,3,21,6,8,6,3.8189300411522633,3.0,0,759.2727272727273
34,1,878,1,10,4,3,4,1,43,3,1,6,3,0,3815,5972,1,1,17,3,4,1,5,4,4,5,3,2,0,0.8721993598536808,3.6666666666666665,0,635.8333333333334
35,2,219,1,16,2,4,4,0,44,2,2,4,2,1,4788,25388,0,1,11,3,4,0,4,2,3,3,2,0,2,1.0946502057613168,3.3333333333333335,0,957.6
33,2,147,0,2,3,0,2,1,99,3,1,1,3,1,3600,8429,1,0,13,3,4,1,5,2,3,5,4,1,4,0.9264024704065877,3.0,0,600.0
32,2,1045,2,4,4,3,4,1,32,1,3,7,4,1,10400,25812,1,0,11,3,3,0,14,2,2,14,8,9,8,1.8072812581457989,3.6666666666666665,1,693.3333333333334
30,2,501,2,27,5,2,3,1,99,3,2,7,4,0,5304,25275,7,0,23,4,4,1,10,2,2,8,7,7,7,0.9217134416543574,3.6666666666666665,1,482.1818181818182
34,2,1442,1,9,3,3,4,0,46,2,3,0,2,2,8621,17654,1,0,14,3,2,0,9,3,4,8,7,7,7,1.9709647919524462,2.6666666666666665,0,862.1
23,2,541,2,2,1,5,3,1,62,3,1,8,1,0,2322,9518,3,0,13,3,3,1,3,3,3,0,0,0,0,0.4035102962898601,2.3333333333333335,0,580.5
51,2,632,2,21,4,2,3,1,71,3,2,7,4,2,5441,8423,0,1,22,4,4,0,11,2,1,10,7,1,0,0.9455208966895473,3.6666666666666665,1,453.4166666666667
28,1,791,1,1,4,3,4,1,44,3,1,2,3,2,2154,6842,0,1,11,3,3,0,5,2,2,4,2,0,2,0.4924554183813443,3.3333333333333335,1,359.0
31,2,616,1,12,3,3,4,0,41,3,2,0,4,1,5855,17369,0,1,11,3,3,2,10,2,1,9,7,8,5,1.3385916780978508,3.6666666666666665,1,532.2727272727273
27,2,608,1,1,2,1,3,0,68,3,3,4,1,1,7412,6009,1,0,11,3,4,0,9,3,3,9,7,0,7,1.6945587562871514,2.6666666666666665,0,741.2
28,2,1169,0,8,2,3,2,1,63,2,1,1,4,0,4936,23965,1,0,13,3,4,1,6,6,3,5,1,0,4,1.2702007205352548,3.3333333333333335,0,705.1428571428571
45,0,589,2,2,4,1,3,0,67,3,2,7,3,1,5154,19665,4,0,22,4,2,2,10,3,4,8,7,5,7,0.8956468850464854,2.6666666666666665,0,468.54545454545456
39,0,792,1,1,3,1,4,1,77,3,2,2,4,1,6472,8989,1,1,15,3,4,1,9,2,3,9,8,5,8,1.479652491998171,4.0,0,647.2
42,1,1271,1,2,1,3,2,1,35,3,1,6,4,2,2515,9068,5,1,14,3,4,0,8,2,3,2,1,2,2,0.5749885688157294,3.3333333333333335,0,279.44444444444446
33,1,508,2,10,3,2,2,1,46,2,2,7,4,2,4682,4317,3,0,14,3,3,0,9,6,2,7,7,0,1,0.8136241202537144,3.0,1,468.2
36,2,557,2,3,3,3,1,0,94,2,3,7,4,1,7644,12695,0,0,19,3,3,2,10,2,3,9,7,3,4,1.3283517247371621,2.6666666666666665,0,694.9090909090909
38,2,723,2,2,4,2,2,0,77,1,2,8,4,1,5405,4244,2,1,20,4,1,2,20,4,2,4,2,0,3,0.9392649231036581,2.3333333333333335,1,257.3809523809524
59,2,715,1,2,3,1,3,0,69,2,4,4,4,2,13726,21829,3,1,13,3,1,0,30,4,3,5,3,4,3,3.1380887059899405,2.6666666666666665,0,442.7741935483871
29,2,1247,2,20,2,2,4,1,45,3,2,7,4,0,6931,10732,2,0,14,3,4,1,10,2,3,3,2,0,2,1.2044486923277435,4.0,0,630.0909090909091
49,1,1064,1,2,1,1,2,1,42,3,5,5,4,1,19161,13738,3,0,15,3,4,0,28,3,3,5,4,4,3,4.3806584362139915,3.3333333333333335,0,660.7241379310345
50,0,145,2,1,3,1,4,0,95,3,2,7,3,1,6347,24920,0,0,12,3,1,1,19,3,3,18,7,0,13,1.1029628986010949,2.6666666666666665,0,317.35
27,0,210,2,1,1,2,3,1,73,3,2,7,2,1,6349,22107,0,1,13,3,4,1,6,0,3,5,4,1,4,1.1033104526891997,3.0,0,907.0
42,0,355,1,10,4,5,3,1,38,3,1,6,3,1,2936,6161,3,0,22,4,2,2,10,1,2,6,3,3,3,0.6712391403749428,2.6666666666666665,1,266.90909090909093
37,2,408,1,19,2,1,2,1,73,3,1,6,2,1,3022,10227,4,0,21,4,1,0,8,1,3,1,0,0,0,0.6909007773205305,1.6666666666666667,0,335.77777777777777
36,1,469,1,3,3,5,3,1,46,3,1,6,2,1,3692,9256,1,0,12,3,3,0,12,2,2,11,10,0,7,0.8440786465477823,2.6666666666666665,1,284.0
47,2,983,1,2,2,3,1,0,65,3,2,4,4,0,5070,7389,5,0,13,3,3,3,20,2,3,5,0,0,4,1.159122085048011,2.6666666666666665,0,241.42857142857142
39,2,119,2,15,4,2,2,1,77,3,4,7,1,2,13341,25098,0,0,12,3,1,0,21,3,3,20,8,11,10,2.3183595447041445,1.3333333333333333,0,606.4090909090909
41,0,552,0,4,3,0,3,1,60,1,2,1,2,1,6430,20794,6,0,19,3,2,1,10,4,3,3,2,1,2,1.6546577457539886,2.3333333333333335,0,584.5454545454545
29,1,337,1,14,1,4,3,0,84,3,3,0,4,2,7553,22930,0,1,12,3,1,0,9,1,3,8,7,7,7,1.7267946959304985,2.6666666666666665,0,755.3
38,2,364,1,3,5,5,4,0,32,3,2,6,3,2,4317,2302,3,1,20,4,2,0,19,2,3,3,2,2,2,0.9869684499314129,3.0,0,215.85
32,2,1062,1,2,3,3,3,0,75,3,1,2,2,1,2370,3956,1,0,13,3,3,1,8,4,3,8,0,0,7,0.541838134430727,2.6666666666666665,0,263.3333333333333
31,1,1445,1,1,5,1,3,0,100,4,3,4,2,2,7446,8931,1,0,11,3,1,0,10,2,3,10,8,4,7,1.702331961591221,2.0,0,676.9090909090909
21,2,546,1,5,1,3,3,1,97,3,1,6,4,2,3117,26009,1,0,18,3,3,0,3,2,3,2,2,2,2,0.7126200274348422,3.3333333333333335,0,779.25
43,1,422,1,1,3,1,4,0,33,3,2,0,4,1,5562,21782,4,0,13,3,2,1,12,2,2,5,2,2,2,1.271604938271605,3.3333333333333335,1,427.84615384615387
38,2,1495,1,4,2,3,4,0,87,3,1,2,3,1,3306,26176,7,0,19,3,4,1,7,5,2,0,0,0,0,0.7558299039780522,3.6666666666666665,1,413.25
50,2,813,1,17,5,1,4,0,50,2,3,5,1,0,13269,21981,5,0,15,3,3,3,19,3,3,14,11,1,11,3.03360768175583,2.6666666666666665,0,663.45
31,2,1274,1,9,1,1,3,1,33,3,3,4,2,0,10648,14394,1,0,25,4,4,1,13,6,4,13,8,0,8,2.4343850022862368,3.0,0,760.5714285714286
35,2,303,2,27,3,1,3,1,84,3,2,7,4,2,5813,13492,1,1,18,3,4,0,10,2,3,10,7,7,7,1.01016595707707,3.6666666666666665,0,528.4545454545455
37,2,1305,1,10,4,1,3,1,49,3,2,4,2,2,4197,21123,2,1,12,3,4,0,18,2,2,1,0,0,1,0.9595336076817559,3.0,1,220.89473684210526
27,2,1130,2,8,4,2,2,0,56,3,2,7,2,1,6214,3415,1,0,18,3,1,1,8,3,3,8,7,0,7,1.0798505517421149,1.6666666666666667,0,690.4444444444445
48,2,1355,1,4,4,1,3,1,78,2,3,0,3,2,10999,22245,7,0,14,3,2,0,27,3,3,15,11,4,8,2.5146319158664836,2.6666666666666665,0,392.82142857142856
38,1,1394,1,8,3,3,4,0,58,2,2,6,2,0,2133,18115,1,1,16,3,3,1,20,3,3,20,11,0,7,0.4876543209876543,3.0,0,101.57142857142857
36,0,894,1,1,4,3,4,0,33,2,2,4,3,1,4374,15411,0,0,15,3,3,0,4,6,3,3,2,1,2,1.0,3.3333333333333335,0,874.8
27,2,1377,1,11,1,1,2,1,91,3,1,2,1,1,2099,7679,0,0,14,3,2,0,6,3,4,5,0,1,4,0.4798811156835848,1.6666666666666667,0,299.85714285714283
34,0,999,1,26,1,5,1,0,92,2,1,6,3,0,2029,15891,1,0,20,4,3,3,5,2,3,5,4,0,0,0.4638774577046182,2.3333333333333335,0,338.1666666666667
47,1,217,2,3,3,3,4,0,49,3,4,7,3,0,13770,10225,9,1,12,3,4,2,28,2,2,22,2,11,13,2.3929098966026587,3.6666666666666665,1,474.82758620689657
49,2,464,1,16,3,3,4,0,74,3,1,2,1,0,2587,24941,4,1,16,3,2,1,17,2,2,2,2,2,2,0.5914494741655235,2.3333333333333335,1,143.72222222222223
58,2,605,2,21,3,1,4,0,72,3,4,3,4,1,17875,11761,4,1,13,3,3,1,29,2,2,1,0,0,0,3.106264662438092,3.6666666666666665,1,595.8333333333334
24,2,1448,2,1,1,5,1,0,62,3,1,8,2,2,3202,21972,1,1,16,3,2,0,6,4,3,5,3,1,4,0.5564340950560431,1.6666666666666667,0,457.42857142857144
29,1,410,1,2,1,1,4,0,97,3,1,2,2,1,3180,4668,0,0,13,3,3,3,4,3,3,3,2,0,2,0.7270233196159122,3.0,0,636.0
35,2,1017,1,6,4,1,2,1,82,1,2,6,4,2,6646,19368,1,0,13,3,2,0,17,3,3,17,11,11,8,1.5194330132601737,2.6666666666666665,0,369.22222222222223
26,2,841,1,6,3,4,3,0,46,2,1,6,2,1,2368,23300,1,0,19,3,3,0,5,3,2,5,4,4,3,0.5413808870598994,2.6666666666666665,1,394.6666666666667
58,2,286,1,2,4,1,4,1,31,3,5,5,2,2,19246,25761,7,1,12,3,4,0,40,2,3,31,15,13,8,4.400091449474165,3.3333333333333335,0,469.4146341463415
45,1,364,1,25,3,3,2,0,83,3,5,3,2,2,18061,13035,3,0,22,4,3,0,22,4,3,0,0,0,0,4.129172382258802,2.3333333333333335,0,785.2608695652174
38,2,849,1,25,2,1,1,0,81,2,3,5,2,1,12061,26707,3,0,17,3,3,1,19,2,3,10,8,0,1,2.757430269775949,2.0,0,603.05
22,2,253,1,11,3,3,1,0,43,3,1,6,2,1,2244,24440,1,0,13,3,4,1,2,1,3,2,1,1,2,0.5130315500685871,2.3333333333333335,0,748.0
33,2,1017,1,25,3,3,1,1,55,2,1,6,2,2,2313,2993,4,1,20,4,2,0,5,0,3,2,2,2,2,0.5288065843621399,1.6666666666666667,0,385.5
30,0,1398,2,22,4,4,3,0,69,3,3,7,1,1,8412,2890,0,0,11,3,3,0,10,3,3,9,8,7,8,1.4618124945694673,2.3333333333333335,0,764.7272727272727
38,2,395,2,9,3,2,2,1,98,2,1,8,2,1,2899,12102,0,0,19,3,4,1,3,3,3,2,2,1,2,0.5037796507081415,2.6666666666666665,0,724.75
35,1,636,1,4,4,4,4,1,47,2,1,2,4,1,2376,26537,1,0,13,3,2,1,2,2,4,2,2,2,2,0.5432098765432098,3.3333333333333335,0,792.0
30,2,1138,1,6,3,5,1,0,48,2,2,2,4,1,4627,23631,0,0,12,3,1,1,10,6,3,9,2,6,7,1.0578417924096937,2.0,0,420.6363636363636
27,1,1410,2,3,1,3,4,0,71,4,2,7,4,0,4647,16673,1,1,20,4,2,2,6,3,3,6,5,0,4,0.8075419237118776,3.3333333333333335,0,663.8571428571429
23,2,571,1,12,2,4,4,1,78,3,1,2,4,2,2647,13672,1,0,13,3,3,0,5,6,4,5,2,1,4,0.6051668952903521,3.6666666666666665,0,441.1666666666667
46,2,734,1,2,4,3,3,1,46,3,5,5,4,0,19328,14218,7,1,17,3,3,1,24,3,3,2,1,2,2,4.418838591678098,3.3333333333333335,0,773.12
27,2,975,1,7,3,3,4,0,55,2,2,0,1,2,6811,23398,8,0,19,3,1,0,9,2,1,7,6,0,7,1.5571559213534523,2.0,1,681.1
33,2,587,1,10,1,3,1,1,38,1,1,2,4,0,3408,6705,7,0,13,3,1,3,8,2,3,4,3,1,3,0.7791495198902606,2.0,0,378.6666666666667
48,2,492,2,16,4,1,3,0,96,3,2,7,3,0,6439,13693,8,0,14,3,3,1,18,2,3,8,7,7,7,1.118950386653923,3.0,0,338.89473684210526
38,2,833,1,18,3,3,2,1,60,1,2,0,4,1,5811,24539,3,1,16,3,3,1,15,2,3,1,0,1,0,1.3285322359396434,3.0,0,363.1875
34,1,702,1,16,4,1,3,0,100,2,1,6,4,2,2553,8306,1,0,16,3,3,0,6,3,3,5,2,1,3,0.5836762688614541,3.3333333333333335,0,364.7142857142857
27,1,829,2,8,1,2,3,1,84,3,2,7,4,1,4342,24008,0,0,19,3,2,1,5,3,3,4,2,1,1,0.7545399252758711,3.0,0,723.6666666666666
30,1,160,1,3,3,3,3,0,71,3,1,6,3,0,2083,22653,1,0,20,4,3,1,1,2,3,1,0,0,0,0.47622313671696387,3.0,0,1041.5
33,0,530,2,16,3,1,3,0,36,3,2,7,4,0,5368,16130,1,1,25,4,3,1,7,2,3,6,5,1,2,0.9328351724737162,3.3333333333333335,0,671.0
28,1,1009,1,1,3,3,1,1,45,2,1,2,2,0,2596,7160,1,0,15,3,1,2,1,2,3,1,0,0,0,0.5935070873342478,1.3333333333333333,0,1298.0
23,1,638,2,9,3,2,4,1,33,3,1,8,1,1,1790,26956,1,0,19,3,1,1,1,3,2,1,0,1,0,0.3110609088539404,2.0,1,895.0
47,1,1379,1,16,4,3,3,1,64,4,2,4,3,0,5067,6759,1,1,19,3,3,0,20,3,4,19,10,2,7,1.1584362139917694,3.0,0,241.28571428571428
51,2,432,1,9,4,1,4,1,96,3,1,2,4,1,2075,18725,3,0,23,4,2,2,10,4,3,4,2,0,3,0.4743941472336534,3.3333333333333335,0,188.63636363636363
35,2,750,1,28,3,1,2,1,46,4,2,2,3,1,3407,25348,1,0,17,3,4,2,10,3,2,10,9,6,8,0.7789208962048468,3.0,1,309.72727272727275
30,2,1005,1,3,3,5,4,0,88,3,1,6,1,2,2657,8556,5,1,11,3,3,0,8,5,3,5,2,0,4,0.6074531321444901,2.6666666666666665,0,295.22222222222223
38,1,471,1,12,3,1,1,1,45,2,2,0,1,0,6288,4284,2,0,15,3,3,1,13,3,2,4,3,1,2,1.4375857338820301,1.6666666666666667,1,449.14285714285717
25,2,688,1,3,3,3,1,1,91,3,1,2,1,1,4031,9396,5,0,13,3,3,1,6,5,3,2,2,0,2,0.9215820759030635,1.6666666666666667,0,575.8571428571429
47,2,955,2,4,2,1,4,0,83,3,2,7,4,2,4163,8571,1,1,17,3,3,0,9,0,3,9,0,0,7,0.723433834390477,3.6666666666666665,0,416.3
48,2,1224,1,10,3,1,4,1,91,2,5,5,2,1,19665,13583,4,0,12,3,4,0,29,3,3,22,10,12,9,4.495884773662551,3.3333333333333335,0,655.5
35,2,672,1,25,3,5,4,1,78,2,3,4,2,1,10903,9129,3,0,16,3,1,0,16,2,3,13,10,4,8,2.492684042066758,2.3333333333333335,0,641.3529411764706
26,1,426,0,17,4,1,2,0,58,3,1,1,3,0,2741,22808,0,1,11,3,2,1,8,2,2,7,7,1,0,0.7053525476067937,2.3333333333333335,1,304.55555555555554
32,2,1018,1,3,2,1,3,0,39,3,3,5,4,2,11159,19373,3,0,15,3,4,0,10,6,3,7,7,7,7,2.551211705532693,3.6666666666666665,0,1014.4545454545455
35,2,528,0,8,4,5,3,1,100,3,1,1,3,2,4323,7108,1,0,17,3,2,0,6,2,1,5,4,1,4,1.1124549665465775,2.6666666666666665,1,617.5714285714286
39,0,592,1,2,3,1,1,0,54,2,1,2,1,2,3646,17181,2,1,23,4,2,0,11,2,4,1,0,0,0,0.8335619570187471,1.3333333333333333,0,303.8333333333333
40,1,791,1,2,2,3,3,0,38,4,2,0,2,1,4244,9931,1,0,24,4,4,1,8,2,3,8,7,3,7,0.9702789208962048,3.0,0,471.55555555555554
30,2,1465,1,1,3,3,4,1,63,3,1,6,2,1,3579,9369,0,1,21,4,1,1,12,2,3,11,9,5,7,0.8182441700960219,2.3333333333333335,0,275.3076923076923
40,2,107,2,10,3,5,2,0,84,2,2,7,2,0,6852,11591,7,0,12,3,2,1,7,2,4,5,1,1,3,1.1907203058475975,2.0,0,856.5
26,2,192,1,1,2,3,1,1,59,2,1,2,1,1,3955,11141,1,0,16,3,1,2,6,2,3,5,3,1,3,0.9042066758116141,1.0,0,565.0
21,0,895,2,9,2,3,1,1,39,3,1,8,4,2,2610,2851,1,0,24,4,3,0,3,3,2,3,2,2,2,0.45355808497697453,2.6666666666666665,1,652.5
36,2,913,1,9,2,3,2,1,48,2,2,4,2,0,8847,13934,2,1,11,3,3,1,13,2,3,3,2,0,2,2.022633744855967,2.3333333333333335,0,631.9285714285714
28,0,1103,1,16,3,3,3,1,49,3,1,6,3,2,2144,2122,1,0,14,3,3,0,5,3,2,5,3,1,4,0.49016918152720623,3.0,1,357.3333333333333
28,1,289,1,2,2,3,3,1,38,2,1,2,1,2,2561,5355,7,0,11,3,3,0,8,2,2,0,0,0,0,0.5855052583447645,2.3333333333333335,1,284.55555555555554
21,2,337,2,7,1,2,2,1,31,3,1,8,2,2,2679,4567,1,0,13,3,2,0,1,3,3,1,0,1,0,0.46554870101659573,2.0,0,1339.5
40,2,555,1,2,3,3,2,0,78,2,2,2,3,1,3448,13436,6,0,22,4,2,1,20,3,3,1,0,0,0,0.788294467306813,2.3333333333333335,0,164.1904761904762
33,1,970,2,7,3,1,4,0,30,3,2,7,2,1,4302,13401,0,0,17,3,3,1,4,3,3,3,2,0,2,0.7475888435137719,3.0,0,860.4
42,2,1142,1,8,3,1,4,1,81,3,1,2,3,2,3968,13624,4,0,13,3,4,0,8,3,3,0,0,0,0,0.9071787837219936,3.6666666666666665,0,440.8888888888889
50,1,809,2,12,3,2,3,0,77,3,3,7,4,2,9208,6645,4,0,11,3,4,0,16,3,3,2,2,2,1,1.600139021635242,3.6666666666666665,0,541.6470588235294
46,2,644,1,1,4,3,4,1,97,3,3,0,1,0,9396,12368,7,0,16,3,3,1,17,3,3,4,2,0,3,2.1481481481481484,2.6666666666666665,0,522.0
20,2,1362,1,10,1,3,4,1,32,3,1,6,3,2,1009,26999,1,1,11,3,4,0,1,5,3,1,0,1,1,0.23068129858253314,3.6666666666666665,0,504.5
45,2,374,2,20,3,1,4,0,50,3,2,7,3,2,4850,23333,8,0,15,3,3,0,8,3,3,5,3,0,1,0.8428186636545313,3.3333333333333335,0,538.8888888888889
29,2,350,0,13,3,0,1,1,56,2,1,1,1,0,2335,3157,4,1,15,3,4,3,4,3,3,2,2,2,0,0.6008749356664951,2.0,0,467.0
32,2,1018,1,2,4,3,1,0,74,4,2,6,4,2,5055,10557,7,0,16,3,3,0,10,0,2,7,7,0,7,1.1556927297668038,2.6666666666666665,1,459.54545454545456
35,2,619,2,1,3,2,2,1,85,3,2,7,3,1,4717,18659,9,0,11,3,3,0,15,2,3,11,9,6,9,0.8197063167955513,2.6666666666666665,0,294.8125
42,2,622,1,2,4,1,3,0,81,3,2,0,4,1,4089,5718,1,0,13,3,2,2,10,4,3,10,2,2,2,0.9348422496570644,3.0,0,371.72727272727275
37,1,504,1,10,3,3,1,1,61,3,3,4,3,0,10048,22573,6,0,11,3,2,2,17,5,3,1,0,0,0,2.2972107910379513,2.0,0,558.2222222222222
40,2,750,1,12,3,1,2,0,47,3,2,0,1,0,4448,10748,2,0,12,3,2,1,15,3,3,7,4,7,7,1.016918152720622,1.6666666666666667,0,278.0
56,2,1162,1,24,2,1,1,1,97,3,1,2,4,2,2587,10261,1,0,16,3,4,0,5,3,3,4,2,1,0,0.5914494741655235,3.0,0,431.1666666666667
34,1,1069,1,2,1,1,4,1,45,2,2,4,3,1,9547,14074,1,0,17,3,3,0,10,2,2,10,9,1,9,2.1826703246456334,3.3333333333333335,1,867.9090909090909
31,2,480,1,7,2,3,2,0,31,3,2,4,1,1,4306,4156,1,0,12,3,2,1,13,5,1,13,10,3,12,0.984453589391861,1.6666666666666667,1,307.57142857142856
39,1,1218,1,1,1,1,2,1,52,3,5,3,3,0,19197,8213,1,1,14,3,3,1,21,3,3,21,8,1,6,4.388888888888889,2.6666666666666665,0,872.5909090909091
34,2,479,1,7,4,3,1,1,35,3,1,6,4,2,2972,22061,1,0,13,3,3,0,1,4,1,1,0,0,0,0.67946959304984,2.6666666666666665,1,1486.0
30,2,153,1,8,2,1,2,0,73,4,3,5,1,1,11416,17802,0,1,12,3,3,3,9,4,2,8,7,1,7,2.6099679926840422,2.0,1,1141.6
52,1,322,1,28,2,3,4,0,59,4,4,4,3,1,13247,9731,2,1,11,3,2,1,24,3,2,5,3,0,2,3.028577960676726,3.0,1,529.88
37,2,482,1,3,3,4,3,1,36,3,3,4,3,1,9434,9606,1,0,15,3,3,1,10,2,3,10,7,7,8,2.156835848193873,3.0,0,857.6363636363636
32,2,638,1,8,2,3,3,0,91,4,2,6,3,1,5175,22162,5,0,12,3,3,1,9,3,2,5,3,1,3,1.183127572016461,3.0,1,517.5
33,2,392,2,2,4,3,4,1,93,3,2,7,4,0,5505,3921,1,0,14,3,3,2,6,5,3,6,2,0,4,0.956642627508906,3.6666666666666665,0,786.4285714285714
18,0,247,1,8,1,3,3,1,80,3,1,2,3,2,1904,13556,1,0,12,3,4,0,0,0,3,0,0,0,0,0.4352994970278921,3.3333333333333335,0,1904.0
33,2,465,1,2,2,1,1,0,39,3,1,2,1,1,2707,21509,7,0,20,4,1,0,13,3,4,9,7,1,7,0.6188843164151806,1.0,0,193.35714285714286
33,0,1313,1,1,2,3,2,1,59,2,1,2,3,0,2008,20439,1,0,12,3,3,3,1,2,2,1,1,0,0,0.4590763603109282,2.6666666666666665,1,1004.0
30,1,1012,1,5,4,1,2,1,75,2,1,6,4,0,3761,2373,9,0,12,3,2,1,10,3,2,5,4,0,3,0.8598536808413352,2.6666666666666665,1,341.90909090909093
36,2,164,2,2,2,3,2,1,61,2,3,7,3,1,7596,3809,1,0,13,3,2,2,10,2,3,10,9,9,0,1.3200104266226431,2.3333333333333335,0,690.5454545454545
40,1,692,1,11,3,5,4,0,73,3,2,2,3,1,6323,26849,1,0,11,3,1,1,10,2,4,10,9,9,4,1.4455875628715136,2.6666666666666665,0,574.8181818181819
27,0,691,1,9,3,3,4,1,57,3,1,6,2,0,2024,5970,6,0,18,3,4,1,6,1,1,2,2,2,2,0.46273433927754914,3.3333333333333335,1,289.14285714285717
48,2,715,1,1,3,1,4,1,76,2,5,5,4,2,18265,8733,6,0,12,3,3,0,25,3,4,1,0,0,0,4.175811614083219,3.6666666666666665,0,702.5
37,2,589,2,9,2,2,2,1,46,2,2,7,2,1,4189,8800,1,0,14,3,1,2,5,2,3,5,2,0,3,0.7279520375358415,1.6666666666666667,0,698.1666666666666
50,2,328,1,1,3,3,3,1,86,2,1,2,3,1,3690,3425,2,0,15,3,4,1,5,2,2,3,2,0,2,0.8436213991769548,3.3333333333333335,1,615.0
26,2,991,1,6,3,1,3,0,71,3,1,2,4,1,2659,17759,1,1,13,3,3,1,3,2,3,3,2,0,2,0.6079103795153178,3.3333333333333335,0,664.75
42,2,201,1,1,4,1,2,0,95,3,1,2,1,0,2576,20490,3,0,16,3,2,1,8,5,3,5,2,1,2,0.5889346136259717,1.6666666666666667,0,286.22222222222223
26,2,1066,1,2,2,3,4,1,32,4,2,4,4,1,5472,3334,1,0,12,3,2,0,8,2,3,8,7,1,3,1.2510288065843622,3.3333333333333335,0,608.0
25,2,1280,1,7,1,3,4,1,64,2,1,6,4,1,2889,26897,1,0,11,3,3,2,2,2,3,2,2,2,1,0.6604938271604939,3.6666666666666665,0,963.0
50,1,562,2,8,2,5,2,1,50,3,2,7,3,1,6796,23452,3,1,14,3,1,1,18,4,3,4,3,1,3,1.1809887913806587,2.0,0,357.6842105263158
40,1,1469,1,9,4,3,4,1,35,3,1,6,2,0,3617,25063,8,1,14,3,4,1,3,2,3,1,1,0,0,0.8269318701417467,3.3333333333333335,0,904.25
40,2,898,0,6,2,3,3,1,38,3,4,3,4,2,16437,17381,1,1,21,4,4,0,21,2,3,21,7,7,7,4.229799279464745,3.6666666666666665,0,747.1363636363636
51,1,1456,1,1,4,3,1,0,30,2,3,0,1,2,7484,25796,3,0,20,4,3,0,23,1,2,13,12,12,8,1.7110196616369455,1.6666666666666667,1,311.8333333333333
28,2,654,1,1,2,1,1,0,67,1,1,6,2,2,2216,3872,7,1,13,3,4,0,10,4,3,7,7,3,7,0.5066300868770005,2.3333333333333335,0,201.45454545454547
40,1,1184,2,2,4,3,2,1,62,3,2,7,2,1,4327,25440,5,0,12,3,4,3,5,2,3,0,0,0,0,0.7519332696150839,2.6666666666666665,0,721.1666666666666
46,2,1003,1,8,4,1,4,0,74,2,2,6,1,0,4615,21029,8,1,23,4,1,3,19,2,3,16,13,1,7,1.0550983081847278,2.0,0,230.75
40,2,523,1,2,3,1,3,1,98,3,2,6,4,2,4661,22455,1,0,13,3,3,0,9,4,3,9,8,8,8,1.0656149977137632,3.3333333333333335,0,466.1
33,2,1069,1,1,3,1,2,0,42,2,2,0,4,2,6949,12291,0,0,14,3,1,0,6,3,3,5,0,1,4,1.5887059899405578,2.3333333333333335,0,992.7142857142857
53,2,1219,2,2,4,1,1,0,78,2,4,3,4,1,15427,22021,2,0,16,3,3,0,31,3,3,25,8,3,7,2.680858458597619,2.6666666666666665,0,482.09375
30,2,202,2,2,1,5,3,1,72,3,1,8,2,1,2476,17434,1,0,18,3,1,1,1,3,3,1,0,0,0,0.4302719610739421,2.0,0,1238.0
40,2,1342,2,9,2,3,1,1,47,3,2,7,1,1,5473,19345,0,0,12,3,4,0,9,5,4,8,4,7,1,0.9510817620992267,2.0,0,547.3
39,1,505,1,2,4,5,3,0,64,3,3,0,3,2,10938,6420,0,0,25,4,4,0,20,1,3,19,6,11,8,2.5006858710562416,3.3333333333333335,0,520.8571428571429
26,2,157,1,1,3,3,3,1,95,3,1,2,1,2,2867,20006,0,0,13,3,4,0,8,6,2,7,7,7,6,0.65546410608139,2.6666666666666665,1,318.55555555555554
52,2,1323,1,2,3,1,3,0,89,2,1,2,4,2,3212,3300,7,0,15,3,2,0,6,3,2,2,2,2,2,0.7343392775491541,3.0,1,458.85714285714283
31,0,697,1,10,3,3,3,0,40,3,3,5,3,1,11031,26862,4,0,20,4,3,1,13,2,4,11,7,4,8,2.521947873799726,3.0,0,787.9285714285714
36,2,1299,1,27,3,3,3,1,94,3,2,0,3,1,5237,16577,6,0,13,3,2,2,17,3,2,7,7,7,7,1.197302240512117,2.6666666666666665,1,290.94444444444446
38,1,693,1,7,3,1,4,1,57,4,1,6,3,0,2610,15748,1,0,11,3,4,3,4,2,3,4,2,0,3,0.5967078189300411,3.6666666666666665,0,522.0
42,0,495,1,2,1,1,3,1,37,3,4,3,3,1,17861,26582,0,1,13,3,4,0,21,3,2,20,8,2,10,4.08344764517604,3.3333333333333335,1,811.8636363636364
38,2,433,0,1,3,0,3,1,37,4,1,1,3,1,2844,6004,1,0,13,3,4,1,7,2,4,7,6,5,0,0.7318579516212044,3.3333333333333335,0,355.5
39,2,1383,0,2,3,1,4,0,42,2,2,1,4,1,5204,7790,8,0,11,3,3,2,13,2,3,5,4,0,4,1.339166237776634,3.6666666666666665,0,371.7142857142857
22,2,391,1,7,1,1,4,1,75,3,1,6,2,2,2472,26092,1,1,23,4,1,0,1,2,3,1,0,0,0,0.5651577503429356,2.3333333333333335,0,1236.0
24,2,240,0,22,1,0,4,1,58,1,1,1,3,1,1555,11585,1,0,11,3,3,1,1,2,3,1,0,0,0,0.40015440041173445,3.3333333333333335,0,777.5
47,2,202,1,2,2,4,3,0,33,3,4,3,4,1,16752,12982,1,1,11,3,3,1,26,3,2,26,14,3,0,3.8299039780521262,3.3333333333333335,1,620.4444444444445
44,2,661,1,9,2,1,2,1,61,3,1,6,1,1,2559,7508,1,1,13,3,4,0,8,0,3,8,7,7,1,0.5850480109739369,2.3333333333333335,0,284.3333333333333
46,2,566,1,7,2,3,4,1,75,3,3,4,3,0,10845,24208,6,0,13,3,2,1,13,3,3,8,7,0,7,2.4794238683127574,3.0,0,774.6428571428571
34,1,988,0,23,3,0,2,0,43,3,3,1,1,0,9950,11533,9,1,15,3,3,3,11,2,3,3,2,0,2,2.5604734945959855,2.0,0,829.1666666666666
40,0,1479,2,24,3,1,2,0,100,4,4,7,2,2,13194,17071,4,1,16,3,4,0,22,2,2,1,0,0,0,2.29281431922843,2.6666666666666665,1,573.6521739130435
30,2,1288,2,29,4,5,3,1,33,3,3,7,2,1,9250,17799,3,0,12,3,2,1,9,3,3,4,2,1,3,1.607437657485446,2.3333333333333335,0,925.0
49,2,527,1,8,2,4,1,0,51,3,3,2,2,1,7403,22477,4,0,11,3,3,1,29,3,2,26,9,1,7,1.6925011431184271,2.0,1,246.76666666666668
55,2,685,2,26,5,2,3,1,60,2,5,3,4,1,19586,23037,1,0,21,4,3,1,36,3,3,36,6,2,13,3.4035971848118862,3.3333333333333335,0,529.3513513513514
30,1,334,2,26,4,2,3,0,52,2,2,7,1,2,6696,22967,5,0,15,3,3,0,9,5,2,6,3,0,1,1.1636110869754106,2.3333333333333335,1,669.6
40,1,1395,1,26,3,3,2,0,54,3,2,6,2,0,5605,8504,1,0,11,3,1,1,20,2,3,20,7,2,13,1.2814357567443988,1.6666666666666667,0,266.9047619047619
27,0,1450,1,3,3,3,3,1,79,2,1,6,3,0,2566,25326,1,1,15,3,4,1,1,2,2,1,1,0,1,0.5866483767718336,3.3333333333333335,1,1283.0
32,2,548,1,1,3,1,2,1,66,3,2,6,2,1,6220,7346,1,0,17,3,2,2,10,3,3,10,4,0,9,1.4220393232738913,2.0,0,565.4545454545455
53,2,661,2,7,2,2,1,0,78,2,3,7,4,1,10934,20715,7,1,18,3,4,1,35,3,3,5,2,0,4,1.9000781996698237,3.0,0,303.72222222222223
27,2,1354,1,2,4,5,2,1,41,3,1,6,2,1,2226,6073,1,0,11,3,3,1,6,3,2,5,3,1,2,0.5089163237311386,2.3333333333333335,1,318.0
31,2,828,2,2,1,1,2,1,77,3,2,7,4,2,6582,8346,4,1,13,3,3,0,10,2,4,6,5,0,5,1.1438005039534278,3.0,0,598.3636363636364
36,2,325,1,10,4,5,4,0,63,3,3,0,3,1,7094,5747,3,0,12,3,1,0,10,0,3,7,7,1,7,1.6218564243255602,2.6666666666666665,0,644.9090909090909
35,2,763,2,15,2,3,1,1,59,1,2,7,4,0,5440,22098,6,1,14,3,4,2,7,2,2,2,2,2,2,0.9453471196454948,3.0,1,680.0
42,2,557,1,18,4,1,4,1,35,3,2,6,1,0,5410,11189,6,1,17,3,3,1,9,3,2,4,3,1,2,1.236854138088706,2.6666666666666665,1,541.0
41,2,918,2,6,3,2,4,1,35,3,3,7,3,2,9241,15869,1,0,12,3,2,0,10,3,3,10,8,8,7,1.605873664088974,3.0,0,840.0909090909091
45,1,306,2,26,4,1,1,0,100,3,2,7,1,1,4286,5630,2,0,14,3,4,2,5,4,3,1,1,0,0,0.7448084108089321,2.0,0,714.3333333333334
38,1,888,0,10,4,0,3,1,71,3,2,1,3,1,6077,14814,3,0,11,3,3,0,10,2,3,6,3,1,2,1.5638188368502317,3.0,0,552.4545454545455
32,1,379,2,5,2,1,2,1,48,3,2,7,2,1,6524,8891,1,0,14,3,4,1,10,3,3,10,8,5,3,1.1337214353983838,2.6666666666666665,0,593.0909090909091
38,2,1153,1,6,2,4,4,0,40,2,1,2,3,1,3702,16376,1,0,11,3,2,1,5,3,3,5,4,0,4,0.8463648834019204,3.0,0,617.0
26,2,572,2,10,3,3,3,1,46,3,2,7,4,2,4684,9125,1,0,13,3,1,0,5,4,3,5,3,1,2,0.8139716743418195,2.6666666666666665,0,780.6666666666666
41,2,1102,2,1,2,1,2,0,94,3,2,7,4,2,5993,19479,8,1,11,3,1,0,8,0,1,6,4,0,5,1.0414458250065166,2.3333333333333335,1,665.8888888888889
37,2,342,2,16,4,2,4,1,66,2,2,7,3,0,6334,24558,4,0,19,3,4,2,9,2,3,1,0,0,0,1.1007037970284126,3.6666666666666665,0,633.4
29,2,332,0,17,3,4,2,1,51,2,3,1,1,2,7988,9769,1,0,13,3,1,0,10,3,2,10,9,0,9,2.055584148224395,1.3333333333333333,1,726.1818181818181
44,2,1315,1,3,4,4,4,1,35,3,5,3,4,1,19513,9358,4,1,12,3,1,1,26,2,4,2,2,0,1,4.461133973479653,3.0,0,722.7037037037037
31,2,1079,2,16,4,2,1,1,70,3,3,7,3,1,8161,19002,2,0,13,3,1,3,10,2,3,1,0,0,0,1.4181944565122948,1.6666666666666667,0,741.9090909090909
48,2,626,1,1,2,1,1,1,98,2,3,2,3,2,5381,19294,9,1,13,3,4,0,23,2,3,1,0,0,0,1.2302240512117055,2.6666666666666665,0,224.20833333333334
32,2,929,2,10,3,2,4,1,55,3,2,7,4,2,5396,21703,1,0,12,3,4,0,10,2,2,10,7,0,8,0.9377009297071857,4.0,1,490.54545454545456
56,0,667,1,1,4,1,3,1,57,3,2,0,3,0,6306,26236,1,0,21,4,1,1,13,2,2,13,12,1,9,1.4417009602194788,2.3333333333333335,1,450.42857142857144
36,2,363,1,1,3,5,3,0,77,1,3,4,1,0,10252,4235,2,1,21,4,3,1,17,2,3,7,7,7,7,2.3438500228623687,2.3333333333333335,0,569.5555555555555
19,0,504,1,10,3,3,1,0,96,2,1,6,2,2,1859,6148,1,1,25,4,2,0,1,2,4,1,1,0,0,0.4250114311842707,1.6666666666666667,0,929.5
24,2,581,1,9,3,3,3,1,62,4,1,6,3,1,4401,17616,1,0,16,3,4,1,5,1,3,5,3,0,4,1.0061728395061729,3.3333333333333335,0,733.5
36,0,1434,2,8,4,1,1,1,76,2,3,7,1,2,7587,14229,1,0,15,3,2,0,10,1,3,10,7,0,9,1.3184464332261707,1.3333333333333333,0,689.7272727272727
25,2,1372,2,18,1,1,1,1,93,4,2,7,3,1,6232,12477,2,0,11,3,2,0,6,3,2,3,2,1,2,1.0829785385350594,2.0,1,890.2857142857143
29,2,352,0,6,1,3,4,1,87,2,1,1,2,1,2804,15434,1,0,11,3,4,0,1,3,3,1,0,0,0,0.7215645908389089,3.3333333333333335,0,1402.0
36,2,132,1,6,3,1,2,0,55,4,1,2,4,1,3038,22002,3,0,12,3,2,0,5,3,3,1,0,0,0,0.6945587562871514,2.6666666666666665,0,506.3333333333333
29,2,1090,2,10,3,2,4,1,83,3,1,8,2,0,2297,17967,1,0,14,3,4,2,2,2,3,2,2,2,2,0.3991658701885481,3.3333333333333335,0,765.6666666666666
24,2,1353,2,3,2,4,1,0,33,3,2,7,3,1,4999,17519,0,0,21,4,1,1,4,2,2,3,2,0,2,0.8687114432183508,1.6666666666666667,1,999.8
32,2,267,1,29,4,1,3,0,49,2,1,2,2,2,2837,15919,1,0,13,3,3,0,6,3,3,6,2,4,1,0.6486053955189758,2.6666666666666665,0,405.2857142857143
39,0,105,1,9,3,1,4,1,87,3,5,3,4,2,19431,15302,2,0,13,3,3,0,21,3,2,6,0,1,3,4.44238683127572,3.6666666666666665,1,883.2272727272727
41,2,1206,2,23,2,1,4,1,80,3,3,7,3,2,7082,11591,3,1,16,3,4,0,21,2,3,2,0,0,2,1.2306890259796681,3.6666666666666665,0,321.90909090909093
46,2,1450,1,15,2,1,4,1,52,3,5,5,2,1,19081,10849,5,0,11,3,1,1,25,2,3,4,2,0,3,4.362368541380887,2.3333333333333335,0,733.8846153846154
29,2,318,1,8,4,4,2,1,77,1,1,2,1,1,2119,4759,1,1,11,3,4,0,7,4,2,7,7,0,7,0.484453589391861,2.3333333333333335,1,264.875
31,1,534,1,20,3,1,1,1,66,3,3,0,3,1,9824,22908,3,0,12,3,1,0,12,2,3,1,0,0,0,2.2459990855052583,1.6666666666666667,0,755.6923076923077
47,2,571,2,14,3,3,3,0,78,3,2,7,3,1,4591,24200,3,1,17,3,3,1,11,4,2,5,4,1,2,0.7978104092449387,3.0,1,382.5833333333333
28,2,890,1,2,4,3,3,1,46,3,1,6,3,2,4382,16374,6,0,17,3,4,0,5,3,2,2,2,2,1,1.0018289894833106,3.3333333333333335,1,730.3333333333334
44,0,489,1,23,3,3,2,1,67,3,2,2,2,1,2042,25043,4,0,12,3,3,1,17,3,4,3,2,1,2,0.46684956561499774,2.3333333333333335,0,113.44444444444444
39,2,1122,1,6,3,3,4,1,70,3,1,2,1,1,2404,4303,7,1,21,4,4,0,8,2,1,2,2,2,2,0.5496113397347965,3.0,1,267.1111111111111
30,0,829,1,1,1,1,3,1,88,2,3,4,3,2,8474,20925,1,0,22,4,3,0,12,2,3,11,8,5,8,1.9373571101966163,3.0,0,651.8461538461538
59,2,818,0,6,2,3,2,1,52,3,1,1,3,1,2267,25657,8,0,17,3,4,0,7,2,2,2,2,2,2,0.5833762223365929,3.0,1,283.375
28,2,895,1,15,2,1,1,1,50,3,1,2,3,0,2207,22482,1,0,16,3,4,1,4,5,2,4,2,2,2,0.5045724737082762,2.6666666666666665,1,441.4
39,0,439,1,9,3,1,3,1,70,3,2,2,2,2,6782,8770,9,0,15,3,3,0,9,2,2,5,4,0,3,1.5505258344764519,2.6666666666666665,1,678.2
50,2,316,2,8,4,2,4,1,54,3,1,8,2,1,3875,9983,7,0,15,3,4,1,4,2,3,2,2,2,2,0.6733860457033626,3.3333333333333335,0,775.0
44,2,1448,2,28,3,3,4,0,53,4,4,7,4,1,13320,11737,3,1,18,3,3,1,23,2,3,12,11,11,11,2.3147102267790425,3.6666666666666665,0,555.0
33,1,827,1,29,4,3,1,0,54,2,2,6,3,2,4508,3129,1,0,22,4,2,0,14,4,3,13,7,3,8,1.0306355738454505,2.0,0,300.53333333333336
50,2,1452,1,11,3,1,3,0,53,3,5,3,2,2,19926,17053,3,0,15,3,2,0,21,5,3,5,4,4,4,4.555555555555555,2.3333333333333335,0,905.7272727272727
19,1,602,2,1,1,5,3,0,100,1,1,8,1,2,2325,20989,0,0,21,4,1,0,1,5,4,0,0,0,0,0.40403162742201754,1.6666666666666667,0,1162.5
42,2,319,1,24,3,3,4,1,56,3,3,4,1,1,7406,6950,1,1,21,4,4,1,10,5,2,10,9,5,8,1.6931870141746685,3.0,1,673.2727272727273
38,2,1245,2,14,3,1,3,1,80,3,2,7,2,1,9924,12355,0,0,11,3,4,1,10,3,3,9,8,7,7,1.724563385176818,3.0,0,902.1818181818181
50,2,854,2,1,4,3,4,0,68,3,5,3,4,0,19517,24118,3,0,11,3,3,1,32,3,2,7,0,0,6,3.391606568772265,3.6666666666666665,1,591.4242424242424
23,2,650,1,9,1,3,2,1,37,3,1,2,1,1,2500,4344,1,0,14,3,4,1,5,2,4,4,3,0,2,0.5715592135345222,2.3333333333333335,0,416.6666666666667
29,2,1176,2,3,2,3,2,0,62,3,2,7,3,1,5561,3487,1,0,14,3,1,1,6,5,2,6,0,1,2,0.966374141975845,2.0,1,794.4285714285714
31,2,1154,2,2,2,1,1,1,54,3,1,8,3,1,3067,6393,0,0,19,3,3,1,3,1,3,2,2,1,2,0.5329741941089582,2.3333333333333335,0,766.75
33,2,924,1,2,3,3,3,1,78,3,1,2,4,2,2496,6670,4,0,11,3,4,0,7,3,3,1,1,0,0,0.5706447187928669,3.6666666666666665,0,312.0
29,1,574,1,20,1,3,4,1,40,3,1,2,4,1,3812,7003,1,0,13,3,2,0,11,3,4,11,8,3,10,0.8715134887974394,3.3333333333333335,0,317.6666666666667
29,2,469,2,10,3,3,3,1,42,2,2,7,3,2,5869,23413,9,0,11,3,3,0,8,2,3,5,2,1,4,1.019897471544009,3.0,0,652.1111111111111
45,2,1316,1,29,3,3,3,1,83,3,1,6,4,2,3452,9752,5,0,13,3,2,0,9,2,2,6,5,0,3,0.7892089620484682,3.0,1,345.2
45,2,252,1,1,3,4,3,1,70,4,5,3,4,1,19202,15970,0,0,11,3,3,1,25,2,3,24,0,1,7,4.390032007315958,3.3333333333333335,0,738.5384615384615
36,1,1302,1,6,4,1,1,1,80,4,2,2,1,1,5562,19711,3,1,13,3,4,1,9,3,3,3,2,0,2,1.271604938271605,2.0,0,556.2
37,2,1115,1,1,4,1,1,1,51,2,2,4,3,0,5993,2689,1,0,18,3,3,1,7,2,4,7,5,0,7,1.3701417466849566,2.3333333333333335,0,749.125
32,2,1259,1,2,4,1,4,1,95,3,1,2,2,2,1393,24852,1,0,12,3,1,0,1,2,3,1,0,0,0,0.3184727937814358,2.3333333333333335,0,696.5
24,1,381,1,9,3,3,2,1,89,3,1,2,1,2,3172,16998,2,1,11,3,3,0,4,2,2,0,0,0,0,0.7251943301326017,2.0,1,634.4
28,2,1117,1,8,2,1,4,0,66,3,1,6,4,2,3310,4488,1,0,21,4,4,0,5,3,3,5,3,0,2,0.7567443987197073,4.0,0,551.6666666666666
34,0,967,1,16,4,5,4,1,85,1,1,6,1,1,2307,14460,1,1,23,4,2,1,5,2,3,5,2,3,0,0.5274348422496571,2.3333333333333335,0,384.5
29,2,598,1,9,3,1,3,1,91,4,1,6,3,1,2451,22376,6,0,18,3,1,2,5,2,2,1,0,0,0,0.5603566529492455,2.3333333333333335,1,408.5
45,2,788,0,24,4,3,2,1,36,3,1,1,2,2,2177,8318,1,0,16,3,1,0,6,3,3,6,3,0,4,0.5602161605764282,1.6666666666666667,0,311.0
30,0,879,1,9,2,3,3,0,72,3,2,4,3,2,4695,12858,7,1,18,3,3,0,10,3,3,8,4,1,7,1.0733882030178326,3.0,0,426.8181818181818
24,2,813,1,1,3,3,2,1,61,3,1,6,4,1,2293,3020,2,1,16,3,1,1,6,2,2,2,0,2,0,0.5242341106538637,2.3333333333333335,1,327.57142857142856
31,2,408,1,9,4,1,3,1,42,2,1,6,2,2,2657,7551,0,1,16,3,4,0,3,5,3,2,2,2,2,0.6074531321444901,3.0,0,664.25
54,2,1147,2,3,3,2,4,0,52,3,2,7,1,1,5940,17011,2,0,14,3,4,1,16,4,3,6,2,0,5,1.032235641671735,3.0,0,349.4117647058824
37,2,228,2,6,4,3,3,1,98,3,2,7,4,1,6502,22825,4,0,14,3,2,1,7,5,4,5,4,0,1,1.1298983404292293,3.0,0,812.75
35,2,464,1,4,2,4,3,1,75,3,1,2,4,0,1951,10910,1,0,12,3,3,1,1,3,3,1,0,0,0,0.4460448102423411,3.3333333333333335,0,975.5
60,2,370,1,1,4,3,3,1,92,1,3,0,4,0,10883,20467,3,0,20,4,3,1,19,2,4,1,0,0,0,2.488111568358482,3.3333333333333335,0,544.15
36,2,917,1,6,4,1,3,1,60,1,1,2,3,0,2741,6865,1,0,14,3,3,1,7,4,3,7,7,1,7,0.6266575217192502,3.0,0,342.625
39,2,722,2,24,1,2,2,0,60,2,4,7,4,1,12031,8828,0,0,11,3,1,1,21,2,2,20,9,9,6,2.090711616995395,2.3333333333333335,1,546.8636363636364
29,2,153,1,15,2,1,4,0,49,2,2,2,3,2,4193,12682,0,1,12,3,4,0,10,3,3,9,5,0,8,0.9586191129401006,3.6666666666666665,0,381.1818181818182
27,2,1115,1,3,4,3,1,1,54,2,1,6,4,2,2045,15174,0,0,13,3,4,0,5,0,3,4,2,1,1,0.46753543667123915,3.0,0,340.8333333333333
38,2,770,2,10,4,2,3,1,73,2,3,7,3,0,8740,5569,0,1,14,3,2,2,9,2,3,8,7,2,7,1.518811365018681,2.6666666666666665,0,874.0
42,1,458,1,26,5,3,1,0,60,3,3,5,1,1,13191,23281,3,1,17,3,3,0,20,6,3,1,0,0,0,3.015775034293553,1.6666666666666667,0,628.1428571428571
59,2,1324,1,3,3,3,3,0,81,4,1,2,1,1,2670,9964,4,1,20,4,1,3,12,3,2,1,0,0,0,0.6104252400548696,1.6666666666666667,1,205.3846153846154
42,2,469,1,2,2,3,4,1,35,3,4,3,1,1,17665,14399,0,0,17,3,4,1,23,3,3,22,6,13,7,4.038637402834934,3.0,0,736.0416666666666
26,2,1330,1,21,3,3,1,1,37,3,1,2,3,0,2377,19373,1,0,20,4,3,1,1,0,2,1,1,0,0,0.5434385002286237,2.3333333333333335,1,1188.5
41,2,483,1,6,3,3,4,1,95,2,2,4,2,2,6032,10110,6,1,15,3,4,0,8,3,3,5,4,1,2,1.379058070416095,3.3333333333333335,0,670.2222222222222
35,2,144,1,22,3,1,4,1,46,1,1,2,3,2,4230,19225,0,0,15,3,3,0,6,2,3,5,4,4,3,0.9670781893004116,3.3333333333333335,0,604.2857142857143
57,2,593,1,1,4,3,4,1,88,3,2,0,3,1,6755,2967,2,0,11,3,3,0,15,2,3,3,2,1,2,1.544352994970279,3.3333333333333335,0,422.1875
31,2,1062,1,24,3,3,3,0,96,2,2,0,1,2,6812,17198,1,0,19,3,2,0,10,2,3,10,9,1,8,1.557384545038866,2.0,0,619.2727272727273
59,0,1420,0,2,4,0,3,0,32,2,5,3,4,1,18844,21922,9,0,21,4,4,1,30,3,3,3,2,2,2,4.849202264539372,3.6666666666666665,0,607.8709677419355
34,2,943,1,9,3,1,4,1,86,3,3,0,4,0,8500,5494,0,0,11,3,4,1,10,0,2,9,7,1,6,1.9433013260173755,4.0,1,772.7272727272727
40,2,905,1,19,2,3,3,1,99,3,2,2,4,1,2741,16523,8,1,15,3,3,1,15,2,4,7,2,3,7,0.6266575217192502,3.3333333333333335,0,171.3125
34,1,618,1,3,1,1,1,1,45,3,2,0,4,2,7756,22266,0,0,17,3,3,0,7,1,2,6,2,0,4,1.7732053040695015,2.6666666666666665,1,969.5
41,1,840,1,9,3,3,1,1,64,3,5,5,3,0,19419,3735,2,0,17,3,2,1,21,2,4,18,16,0,11,4.439643347050755,2.0,0,882.6818181818181
35,2,1204,2,4,3,5,4,1,86,3,3,7,1,2,9582,10333,0,1,22,4,1,0,9,2,3,8,7,4,7,1.6651316361108697,2.0,0,958.2
35,2,1315,1,22,3,1,2,0,71,4,3,3,2,0,11996,19100,7,0,18,3,2,1,10,6,2,7,7,6,2,2.742569730224051,2.0,1,1090.5454545454545
35,2,1219,2,18,3,3,3,0,86,3,2,7,3,1,4601,6179,1,0,16,3,2,0,5,3,3,5,2,1,0,0.7995481796854635,2.6666666666666665,0,766.8333333333334
25,0,675,1,5,2,1,2,1,85,4,2,0,1,0,4000,18384,1,0,12,3,4,2,6,2,3,6,3,1,5,0.9144947416552355,2.3333333333333335,0,571.4285714285714
49,2,1495,1,5,4,5,1,1,96,3,2,0,3,1,6651,21534,2,0,14,3,2,1,20,0,2,3,2,1,2,1.5205761316872428,2.0,1,316.7142857142857
36,2,1266,2,10,4,5,2,0,63,2,2,7,3,1,5673,6060,1,1,13,3,1,1,10,4,3,10,9,1,7,0.9858371709097228,2.0,0,515.7272727272727
26,2,471,1,24,3,5,3,1,66,1,1,2,4,2,2340,23213,1,1,18,3,2,0,1,3,1,1,0,0,0,0.5349794238683128,3.0,1,1170.0
58,2,682,2,10,4,3,4,1,37,3,4,7,3,2,13872,24409,0,0,13,3,3,0,38,1,2,37,10,1,8,2.4106351550960117,3.3333333333333335,1,355.6923076923077
27,1,1242,2,20,3,1,4,0,90,3,2,7,3,2,9981,12916,1,0,14,3,4,0,7,2,3,7,7,0,7,1.7344686766878095,3.6666666666666665,0,1247.625
42,2,603,1,7,4,3,2,0,78,4,2,6,2,1,2372,5628,6,1,16,3,4,0,18,2,3,1,0,0,0,0.5422953818015547,2.6666666666666665,0,124.84210526315789
29,2,1210,2,2,3,3,1,1,78,2,2,7,2,1,6644,3687,2,0,19,3,2,2,10,2,3,0,0,0,0,1.1545746806846815,1.6666666666666667,0,604.0
27,2,1055,1,2,4,1,1,0,47,3,2,4,4,1,4227,4658,0,0,18,3,2,1,4,2,3,3,2,2,2,0.96639231824417,2.3333333333333335,0,845.4
42,2,1128,1,13,3,3,2,1,95,4,2,0,1,1,5538,5696,5,0,18,3,3,2,10,2,2,0,0,0,0,1.2661179698216736,2.0,1,503.45454545454544
30,2,413,2,7,1,2,4,1,57,3,1,8,2,2,2983,18398,0,0,14,3,1,0,4,3,3,3,2,1,2,0.5183769224085498,2.3333333333333335,0,596.6
20,2,959,1,1,3,1,4,0,83,2,1,6,2,2,2836,11757,1,0,13,3,4,0,1,0,4,1,0,0,0,0.6483767718335619,3.3333333333333335,0,1418.0
32,1,1005,1,2,2,1,4,1,79,3,1,2,4,2,3068,11864,0,0,13,3,3,0,8,2,2,7,7,3,6,0.7014174668495656,3.6666666666666665,1,340.8888888888889
21,1,251,1,10,2,1,1,0,45,2,1,2,3,2,2625,25308,1,0,20,4,3,0,2,2,1,2,2,2,2,0.6001371742112482,2.3333333333333335,1,875.0
27,1,793,2,2,1,1,4,1,43,1,2,7,4,2,5071,20392,3,0,20,4,2,0,8,3,3,6,2,0,0,0.8812233903901294,3.3333333333333335,0,563.4444444444445
18,1,1306,2,5,3,2,2,1,69,3,1,8,2,2,1878,8059,1,1,14,3,4,0,0,3,3,0,0,0,0,0.3263532887305587,2.6666666666666665,0,1878.0
18,2,230,1,3,3,1,3,1,54,3,1,2,3,2,1420,25233,1,0,13,3,3,0,0,2,3,0,0,0,0,0.3246456332876086,3.0,0,1420.0
30,2,1334,2,4,2,3,3,0,63,2,2,7,2,0,5209,19760,1,1,12,3,2,3,11,4,2,11,8,2,7,0.9052046224693718,2.3333333333333335,1,434.0833333333333
41,2,548,1,9,4,1,3,1,94,3,1,2,1,0,2289,20520,1,0,20,4,2,2,5,2,3,5,3,0,4,0.5233196159122085,2.0,0,381.5
28,1,1496,2,1,3,5,1,1,92,3,1,8,3,1,2909,15747,3,0,15,3,4,1,5,3,4,3,2,1,2,0.5055174211486663,2.6666666666666665,0,484.8333333333333
30,2,852,1,1,1,1,4,1,55,2,2,2,4,1,5126,15998,1,1,12,3,3,2,10,1,2,10,8,3,0,1.1719250114311843,3.6666666666666665,1,466.0
21,2,1334,1,10,3,1,3,0,36,2,1,2,1,2,1416,17258,1,0,13,3,1,0,1,6,2,1,0,1,0,0.32373113854595337,1.6666666666666667,1,708.0
36,2,660,1,15,3,4,1,1,81,3,2,2,3,0,4834,7858,7,0,14,3,2,1,9,3,2,1,0,0,0,1.1051668952903522,2.0,1,483.4
32,1,967,2,8,3,2,2,0,43,3,3,7,4,2,8998,15589,1,0,14,3,4,0,9,2,3,9,8,3,7,1.563645842384221,3.3333333333333335,0,899.8
38,1,1391,1,10,1,3,3,1,66,3,1,6,3,1,2684,12127,0,0,17,3,2,1,3,0,2,2,1,0,2,0.613625971650663,2.6666666666666665,1,671.0
32,2,801,2,1,4,2,3,0,48,3,3,7,4,1,10422,24032,1,0,19,3,3,2,14,3,3,14,10,5,7,1.8111043531149535,3.3333333333333335,0,694.8
27,1,1297,1,5,2,1,4,0,53,3,1,2,4,2,2379,19826,0,1,14,3,3,0,6,3,2,5,4,0,2,0.5438957475994513,3.6666666666666665,1,339.85714285714283
29,2,144,2,10,1,2,4,0,39,2,2,7,2,0,8268,11866,1,1,14,3,1,2,7,2,3,7,7,1,7,1.4367886002259103,2.3333333333333335,0,1033.5
29,2,1328,1,2,3,1,3,1,76,3,1,6,2,1,2703,4956,0,0,23,4,4,1,6,3,3,5,4,0,4,0.6179698216735254,3.0,0,386.14285714285717
33,2,213,1,7,3,3,3,1,49,3,3,5,3,1,11691,25995,0,0,11,3,4,0,14,3,4,13,9,3,7,2.6728395061728394,3.3333333333333335,0,779.4
50,2,264,2,9,3,2,3,1,59,3,5,3,3,1,19331,19519,4,1,16,3,3,1,27,2,3,1,0,0,0,3.3592840385785037,3.0,0,690.3928571428571
32,2,427,1,1,3,3,1,1,33,3,2,4,4,1,6162,10877,1,1,22,4,2,1,9,3,3,9,8,7,8,1.4087791495198903,2.3333333333333335,0,616.2
36,2,1383,1,10,3,1,4,1,90,3,3,0,1,1,8321,25949,7,1,13,3,4,1,15,1,3,12,8,5,7,1.9023776863283035,3.0,0,520.0625
36,2,1351,1,26,4,1,1,1,80,3,2,0,3,1,5347,7419,6,0,14,3,2,2,10,2,2,3,2,0,2,1.222450845907636,2.0,1,486.09090909090907
38,2,322,2,7,2,3,1,0,44,4,2,7,1,0,5605,19191,1,1,24,4,3,1,8,3,3,8,0,7,7,0.9740203319141542,1.6666666666666667,0,622.7777777777778
55,2,267,2,13,4,2,1,1,85,4,4,7,3,2,13695,9277,6,1,17,3,3,0,24,2,2,19,7,3,8,2.3798766182987228,2.3333333333333335,1,547.8
30,2,201,1,5,3,5,4,0,84,3,1,6,1,0,3204,10415,5,0,14,3,4,1,8,3,3,3,2,2,2,0.7325102880658436,3.0,0,356.0
45,0,1195,1,2,2,3,1,1,65,2,4,3,4,1,16792,20462,9,0,23,4,4,1,22,1,3,20,8,11,8,3.8390489254686786,3.0,0,730.0869565217391
37,2,1107,1,14,3,1,4,0,95,3,1,2,1,0,3034,26914,1,0,12,3,3,1,18,2,2,18,7,12,17,0.6936442615454961,2.6666666666666665,1,159.68421052631578
51,2,1302,1,2,3,3,4,1,84,1,2,4,2,0,5482,16321,5,0,18,3,4,1,13,3,3,4,1,1,2,1.2533150434385003,3.3333333333333335,0,391.57142857142856
30,2,1329,2,29,4,1,3,1,61,3,2,7,1,0,4115,13192,8,0,19,3,3,3,8,3,3,4,3,0,3,0.7150925362759579,2.3333333333333335,0,457.22222222222223
29,2,121,2,27,3,2,2,0,35,3,3,7,4,1,7639,24525,1,0,22,4,4,3,10,3,2,10,4,1,9,1.3274828395168998,3.3333333333333335,1,694.4545454545455
32,2,499,2,2,1,2,3,1,36,3,2,7,2,1,4078,20497,0,1,13,3,1,3,4,3,2,3,2,1,2,0.7086627856460161,2.0,1,815.6
39,2,835,1,19,4,4,4,1,41,3,2,6,4,0,3902,5141,8,0,14,3,2,3,7,2,3,2,2,2,2,0.8920896204846822,3.3333333333333335,0,487.75
37,2,1439,1,4,1,1,3,1,54,3,1,6,3,1,2996,5182,7,1,15,3,4,0,8,2,3,6,4,1,3,0.6849565614997714,3.3333333333333335,0,332.8888888888889
36,2,188,1,7,4,4,2,1,65,3,1,6,4,2,4678,23293,2,0,18,3,3,0,8,6,3,6,2,0,1,1.069501600365798,3.0,0,519.7777777777778
38,2,1333,1,1,3,5,4,0,80,3,3,5,1,1,13582,16292,1,0,13,3,2,1,15,3,3,15,12,5,11,3.105166895290352,2.3333333333333335,0,848.875
48,2,1221,2,7,3,2,3,1,96,3,2,7,1,0,5486,24795,4,0,11,3,1,3,15,3,3,2,2,2,2,0.953340863671909,1.6666666666666667,0,342.875
26,1,575,1,1,2,1,1,0,71,1,1,2,4,0,4364,5288,3,0,14,3,1,1,5,2,3,2,2,2,0,0.9977137631458619,2.0,0,727.3333333333334
33,2,931,1,14,3,3,4,0,72,3,1,6,2,1,2756,4673,1,0,13,3,4,1,8,5,3,8,7,1,6,0.6300868770004573,3.3333333333333335,0,306.22222222222223
57,2,334,1,24,2,1,3,1,83,4,3,0,4,0,9439,23402,3,1,16,3,2,1,12,2,1,5,3,1,4,2.157978966620942,3.0,1,726.0769230769231
38,1,148,1,2,3,3,4,0,42,2,1,2,2,2,2440,23826,1,0,22,4,2,0,4,3,3,4,3,3,3,0.5578417924096937,2.6666666666666665,0,488.0
42,2,1147,0,10,3,0,3,0,31,3,4,3,1,1,16799,16616,0,0,14,3,3,1,21,5,3,20,7,0,9,4.3229541945445185,2.3333333333333335,0,763.5909090909091
36,1,541,2,3,4,3,1,1,48,2,3,7,4,1,9699,7246,4,0,11,3,1,1,16,2,3,13,9,1,12,1.68546355026501,2.0,0,570.5294117647059
51,1,237,2,9,3,1,4,1,83,3,5,3,2,0,19847,19196,4,1,24,4,1,1,31,5,2,29,10,11,10,3.4489529933095837,2.3333333333333335,1,620.21875
45,1,1249,1,7,3,1,1,1,97,3,3,2,1,0,5210,20308,1,0,18,3,1,1,24,2,3,24,9,9,11,1.191129401005944,1.0,0,208.4
40,2,1322,1,2,4,1,3,1,52,2,1,6,3,2,2809,2725,2,0,14,3,4,0,8,2,3,2,2,2,2,0.6422039323273891,3.3333333333333335,0,312.1111111111111
43,2,1372,2,9,3,2,1,0,85,1,2,7,3,2,5346,9489,8,0,13,3,2,0,7,2,2,4,3,1,3,0.9290120775045616,2.0,1,668.25
35,2,1142,1,23,4,3,3,0,30,3,1,2,1,1,4014,16002,3,1,15,3,3,1,4,3,3,2,2,2,2,0.9176954732510288,2.3333333333333335,0,802.8
26,2,583,1,4,2,1,3,1,53,3,1,6,4,2,2875,9973,1,1,20,4,2,0,8,2,2,8,5,2,2,0.6572930955647005,3.0,1,319.44444444444446
31,1,163,1,24,1,5,4,0,30,3,2,4,4,2,5238,6670,2,0,20,4,4,0,9,3,2,5,4,1,4,1.1975308641975309,4.0,1,523.8
37,2,161,1,10,3,1,3,0,42,4,3,5,4,1,13744,15471,1,1,25,4,1,1,16,2,3,16,11,6,8,3.142203932327389,2.6666666666666665,0,808.4705882352941
34,2,507,2,15,2,3,3,0,66,3,2,7,1,2,6125,23553,1,0,12,3,4,0,10,6,4,10,8,9,6,1.064384394821444,2.6666666666666665,0,556.8181818181819
53,2,970,1,7,3,1,3,1,59,4,4,5,3,1,14814,13514,3,0,19,3,3,0,32,3,3,5,1,1,3,3.3868312757201644,3.0,0,448.90909090909093
40,2,611,2,7,4,3,2,1,88,3,5,3,2,2,19833,4349,1,0,14,3,2,0,21,3,2,21,8,12,8,3.446520114692849,2.0,1,901.5
47,1,1093,2,9,3,1,3,1,82,1,4,7,3,1,12936,24164,7,0,11,3,3,0,25,3,1,23,5,14,10,2.24797984186289,3.0,1,497.53846153846155
30,0,641,2,25,2,5,4,0,85,3,2,7,3,1,4736,6069,7,1,12,3,2,1,4,2,4,2,2,2,2,0.8230080806325485,3.0,0,947.2
31,2,154,2,7,4,1,2,1,41,2,1,8,3,1,2329,11737,3,0,15,3,2,0,13,2,4,7,7,5,2,0.40472673559822747,2.3333333333333335,0,166.35714285714286
52,2,621,2,3,4,2,3,1,31,2,4,3,1,1,16856,10084,1,0,11,3,1,0,34,3,4,34,6,1,16,2.929185854548614,1.6666666666666667,0,481.6
26,1,1479,1,1,3,1,3,0,84,3,2,4,2,0,6397,26767,1,0,20,4,1,1,6,6,1,6,5,1,4,1.4625057155921353,2.0,1,913.8571428571429
44,1,602,0,1,5,0,1,1,37,3,2,1,4,1,5743,10503,4,1,11,3,3,0,14,3,3,10,7,0,2,1.4778692743180648,2.6666666666666665,0,382.8666666666667
45,2,930,2,9,3,2,4,1,74,3,3,7,1,0,10761,19239,4,1,12,3,3,1,18,2,3,5,4,0,2,1.8700147710487445,2.6666666666666665,0,566.3684210526316
20,2,1097,1,11,3,3,4,0,98,2,1,6,1,2,2600,18275,1,1,15,3,1,0,1,2,3,1,0,0,0,0.594421582075903,2.0,0,1300.0
28,2,440,1,21,3,3,3,1,42,3,1,6,4,1,2713,6672,1,0,11,3,3,1,5,2,1,5,2,0,2,0.6202560585276634,3.3333333333333335,1,452.1666666666667
39,2,1498,2,21,4,1,1,1,44,2,2,7,4,1,6120,3567,3,1,12,3,4,2,8,2,4,5,4,1,4,1.0635155096011817,3.0,0,680.0
37,2,671,1,19,3,1,3,1,85,3,2,4,3,1,5768,26493,3,0,17,3,1,3,9,2,2,4,3,0,2,1.3187014174668497,2.3333333333333335,1,576.8
31,2,1112,2,5,4,1,1,0,67,3,2,7,4,1,5476,22589,1,0,11,3,1,2,10,2,3,10,0,0,2,0.9516030932313841,2.0,0,497.8181818181818
34,2,121,1,2,4,3,3,0,86,2,1,6,1,2,4381,7530,1,0,11,3,3,0,6,3,3,6,5,1,3,1.0016003657978967,2.3333333333333335,0,625.8571428571429
37,2,446,1,1,4,1,2,0,65,3,2,4,2,1,6447,15701,6,0,12,3,2,1,8,2,2,6,5,4,3,1.4739368998628257,2.0,1,716.3333333333334
28,2,640,1,1,3,5,4,1,84,3,1,6,1,2,2080,4732,2,0,11,3,2,0,5,2,2,3,2,1,2,0.47553726566072246,2.3333333333333335,1,346.6666666666667
31,2,691,1,5,4,5,3,1,86,3,1,6,4,1,4821,10077,0,1,12,3,3,1,6,4,3,5,2,0,3,1.1021947873799727,3.3333333333333335,0,688.7142857142857
50,2,1322,1,28,3,1,4,0,43,3,4,5,1,1,16880,22422,4,1,11,3,2,0,25,2,3,3,2,1,2,3.859167809785094,2.3333333333333335,0,649.2307692307693
43,1,807,1,17,3,5,3,1,38,2,1,6,3,1,2437,15587,9,1,16,3,4,1,6,4,3,1,0,0,0,0.5571559213534523,3.3333333333333335,0,348.14285714285717
27,2,1420,2,2,1,2,3,1,85,3,1,8,1,0,3041,16346,0,0,11,3,2,1,5,3,3,4,3,0,2,0.5284559909635937,2.0,0,506.8333333333333
45,2,1268,2,4,2,1,3,0,30,3,2,7,1,0,5006,6319,4,1,11,3,1,1,9,3,4,5,4,0,3,0.8699278825267183,1.6666666666666667,0,500.6
54,0,142,0,26,3,0,4,0,30,4,4,3,4,2,17328,13871,2,1,12,3,3,0,23,3,3,5,3,4,4,4.459083890890375,3.6666666666666665,0,722.0
35,2,1490,1,11,4,3,4,1,43,3,1,2,3,1,2660,20232,7,1,11,3,3,1,5,3,3,2,2,2,2,0.6081390032007316,3.3333333333333335,0,443.3333333333333
30,2,231,2,8,2,4,3,1,62,3,3,7,3,0,7264,9977,5,0,11,3,1,1,10,2,4,8,4,7,7,1.2623164479972195,2.3333333333333335,0,660.3636363636364
22,0,457,1,26,2,4,2,0,85,2,1,6,3,1,2814,10293,1,1,14,3,2,0,4,2,2,4,2,1,3,0.6433470507544582,2.3333333333333335,1,562.8
55,2,189,0,26,4,0,3,1,71,4,5,3,2,1,19636,25811,4,1,18,3,1,1,35,0,3,10,9,1,4,5.053010808028821,2.0,0,545.4444444444445
54,2,431,1,7,4,3,4,0,68,3,2,6,4,1,6854,15696,4,0,15,3,2,1,14,2,2,7,1,1,7,1.566986739826246,3.3333333333333335,1,456.93333333333334
31,0,979,1,1,4,3,3,1,90,1,2,4,3,1,4345,4381,0,0,12,3,4,1,6,2,3,5,4,1,4,0.9933699131229995,3.3333333333333335,0,620.7142857142857
20,2,500,2,2,3,3,3,0,49,2,1,8,3,2,2044,22052,1,0,13,3,4,0,2,3,2,2,2,0,2,0.3552002780432705,3.3333333333333335,1,681.3333333333334
49,1,279,1,8,1,1,3,1,61,2,2,6,2,1,5130,24907,1,0,23,4,4,1,10,3,3,10,7,1,7,1.1728395061728396,3.0,0,466.3636363636364
37,0,1063,1,25,5,3,2,0,72,3,2,6,3,1,4449,23866,3,1,15,3,1,2,15,2,3,13,11,10,7,1.0171467764060356,2.0,0,278.0625
25,2,977,1,2,1,4,4,1,57,3,1,2,3,0,3977,7298,6,1,19,3,3,1,7,2,2,2,2,0,2,0.9092363968907179,3.3333333333333335,1,497.125
29,2,1370,1,3,1,3,2,1,87,3,1,2,1,2,4723,16213,1,1,18,3,4,0,10,3,3,10,9,1,5,1.0797896662094193,2.3333333333333335,0,429.3636363636364
28,2,1172,2,3,3,3,2,0,78,3,1,8,2,1,2856,3692,1,0,19,3,4,1,1,3,3,1,0,0,0,0.4963072378138848,2.6666666666666665,0,1428.0
41,2,465,1,14,3,1,1,1,56,3,1,6,3,0,2451,4609,4,0,12,3,1,1,13,2,3,9,8,1,8,0.5603566529492455,1.6666666666666667,0,175.07142857142858
31,0,1188,2,20,2,2,4,0,45,3,2,7,3,1,6932,24406,1,0,13,3,4,1,9,2,2,9,8,0,0,1.204622469371796,3.6666666666666665,1,693.2
30,2,1358,2,16,1,1,4,1,96,3,2,7,3,1,5301,2939,8,0,15,3,3,2,4,2,2,2,1,2,2,0.9211921105222001,3.3333333333333335,1,1060.2
36,1,635,1,18,1,3,2,0,73,3,1,2,4,2,2153,7703,1,0,13,3,1,0,8,2,3,8,1,1,7,0.4922267946959305,2.3333333333333335,0,239.22222222222223
54,2,685,1,3,3,1,4,1,85,3,4,5,4,1,17779,23474,3,0,14,3,1,0,36,2,3,10,9,0,9,4.064700502972108,3.0,0,480.5135135135135
38,2,130,2,2,2,2,4,1,32,3,3,7,2,2,7351,20619,7,0,16,3,3,0,10,2,3,1,0,0,0,1.2774350508297854,3.0,0,668.2727272727273
38,2,1261,1,2,4,1,4,1,88,3,2,4,3,1,6553,7259,9,0,14,3,2,0,14,3,3,1,0,0,0,1.4981710105166894,3.0,0,436.8666666666667
38,1,216,1,23,3,1,4,1,44,2,3,4,3,2,9526,8787,0,0,21,4,2,0,10,2,3,9,7,1,8,2.1778692272519433,3.0,0,866.0
28,2,1179,1,19,4,3,4,1,78,2,1,2,1,1,3196,12449,1,0,12,3,3,3,6,2,3,6,5,3,3,0.7306812985825332,2.6666666666666665,0,456.57142857142856
34,2,216,2,1,4,2,2,1,75,4,2,7,4,0,9725,12278,0,0,11,3,4,1,16,2,2,15,1,0,9,1.6899817534103745,3.3333333333333335,1,572.0588235294117
36,0,845,2,1,5,3,4,0,45,3,2,7,4,2,6653,15276,4,0,15,3,2,0,7,6,3,1,0,0,0,1.156138674081154,3.3333333333333335,0,831.625
29,1,459,1,24,2,1,4,1,73,2,1,6,4,2,2439,14753,1,1,24,4,2,0,1,3,2,1,0,1,0,0.5576131687242798,3.3333333333333335,1,1219.5
54,1,928,1,20,4,1,4,0,31,3,2,6,3,2,4869,16885,3,0,12,3,4,0,20,4,2,4,3,0,3,1.1131687242798354,3.6666666666666665,1,231.85714285714286
36,1,566,1,18,4,1,3,1,81,4,1,2,4,1,3688,7122,4,0,18,3,4,2,4,2,3,1,0,0,0,0.8431641518061271,3.6666666666666665,0,737.6
36,2,1120,2,11,4,2,2,0,100,2,2,7,4,1,6652,14369,4,0,13,3,1,1,8,2,2,6,3,0,0,1.1559648970371015,2.3333333333333335,1,739.1111111111111
32,0,1200,1,1,4,5,4,1,62,3,2,6,1,1,4087,25174,4,0,14,3,2,1,9,3,2,6,5,1,2,0.9343850022862369,2.3333333333333335,1,408.7
60,2,1179,2,16,4,2,1,1,84,3,2,7,1,2,5405,11924,8,0,14,3,4,0,10,1,3,2,2,2,2,0.9392649231036581,2.0,0,491.3636363636364
33,2,867,1,8,4,1,4,1,90,4,1,6,1,1,3143,6076,6,0,19,3,2,1,14,1,3,10,8,7,6,0.7185642432556013,2.3333333333333335,0,209.53333333333333
38,1,1189,1,1,3,1,4,1,90,3,2,6,4,1,4735,9867,7,0,15,3,4,2,19,4,4,13,11,2,9,1.082533150434385,4.0,0,236.75
29,2,942,1,15,1,1,2,0,69,1,1,6,4,1,2168,26933,0,1,18,3,1,1,6,2,2,5,4,1,3,0.49565614997713764,2.3333333333333335,1,309.7142857142857
53,2,238,2,1,1,3,4,0,34,3,2,7,1,2,8381,7507,7,0,20,4,4,0,18,2,4,14,7,8,10,1.4564254062038404,3.0,0,441.10526315789474
55,2,147,1,20,2,5,2,1,37,3,2,2,4,1,5415,15972,3,1,19,3,4,1,12,4,3,10,7,0,8,1.237997256515775,3.3333333333333335,0,416.53846153846155
50,2,1046,1,10,3,5,4,1,100,2,3,0,4,2,10496,2755,6,0,15,3,4,0,20,2,3,4,3,1,3,2.399634202103338,4.0,0,499.8095238095238
35,2,1229,1,8,1,1,4,1,36,4,1,2,4,1,2269,4892,1,0,19,3,4,0,1,2,3,1,0,0,1,0.5187471422039324,4.0,0,1134.5
46,2,1254,2,10,3,1,3,0,64,3,3,7,2,1,7314,14011,5,0,21,4,3,3,14,2,3,8,7,0,7,1.2710053001998436,2.6666666666666665,0,487.6
23,2,1320,1,8,1,3,4,1,93,2,1,2,3,2,3989,20586,1,1,11,3,1,0,5,2,3,5,4,1,2,0.9119798811156836,2.6666666666666665,0,664.8333333333334
54,2,1217,1,2,4,5,1,0,60,3,3,5,3,1,13549,24001,9,0,12,3,1,1,16,5,1,4,3,0,3,3.0976223136716965,1.6666666666666667,1,797.0
25,2,867,2,19,2,2,3,1,36,2,1,8,2,1,2413,18798,1,1,18,3,3,3,1,2,3,1,0,0,0,0.41932400729863584,2.6666666666666665,0,1206.5
28,2,1158,1,9,3,3,4,1,94,3,1,6,4,1,2070,2613,1,0,23,4,4,1,5,3,2,5,2,0,4,0.4732510288065844,4.0,1,345.0
56,2,1400,1,7,3,1,4,1,49,1,3,4,4,2,7260,21698,4,0,11,3,1,0,37,3,2,6,4,0,2,1.6598079561042525,3.0,1,191.05263157894737
44,2,1097,1,10,4,1,3,1,96,3,1,6,3,2,2936,10826,1,1,11,3,3,0,6,4,3,6,4,0,2,0.6712391403749428,3.0,0,419.42857142857144
45,1,1199,1,7,4,1,1,1,77,4,2,4,3,1,6434,5118,4,0,17,3,4,1,9,1,3,3,2,0,2,1.4709647919524462,2.6666666666666665,0,643.4
38,0,152,2,10,3,5,3,0,85,3,2,7,4,2,5666,19899,1,1,13,3,2,0,6,1,3,5,3,1,3,0.9846207316013554,3.0,0,809.4285714285714
48,2,1108,1,15,4,4,3,0,65,3,1,6,1,1,2367,16530,8,0,12,3,4,1,10,3,2,8,2,7,6,0.5411522633744856,2.6666666666666665,1,215.1818181818182
33,2,1216,2,8,4,2,3,1,39,3,2,7,3,0,7104,20431,0,0,12,3,4,0,6,3,3,5,0,1,2,1.2345121209488226,3.3333333333333335,0,1014.8571428571429
40,1,580,2,5,4,1,4,1,48,2,3,7,1,1,10475,23772,5,1,21,4,3,1,20,2,3,18,13,1,12,1.820314536449735,2.6666666666666665,0,498.8095238095238
38,2,1180,1,29,1,3,2,1,70,3,2,0,1,1,6673,11354,7,1,19,3,2,0,17,2,3,1,0,0,0,1.5256058527663465,1.6666666666666667,0,370.72222222222223
41,2,930,2,3,3,1,3,1,57,2,2,7,2,0,8938,12227,2,0,11,3,3,1,14,5,3,5,4,0,4,1.5532192197410721,2.6666666666666665,0,595.8666666666667
39,2,170,1,3,2,3,3,1,76,2,2,2,3,0,3069,10302,0,0,15,3,4,1,11,3,3,10,8,0,7,0.7016460905349794,3.3333333333333335,0,255.75
41,0,256,2,10,2,3,3,1,40,1,2,7,2,2,6151,22074,1,0,13,3,1,0,19,4,3,19,2,11,9,1.0689025979668085,2.0,0,307.55
33,0,722,2,17,3,1,4,1,38,3,4,3,3,2,17444,20489,1,0,11,3,4,0,10,2,3,10,8,6,0,3.031366756451473,3.6666666666666665,0,1585.8181818181818
24,1,1287,1,7,3,1,1,0,55,3,1,2,3,1,2886,14168,1,1,16,3,4,1,6,4,3,6,3,1,2,0.6598079561042524,2.6666666666666665,0,412.2857142857143
38,2,168,1,1,3,1,3,0,81,3,3,4,3,2,7861,15397,4,1,14,3,4,0,10,4,4,1,0,0,0,1.7972107910379516,3.3333333333333335,0,714.6363636363636
36,2,1278,0,8,3,1,1,1,77,2,1,1,1,1,2342,8635,0,0,21,4,3,0,6,3,3,5,4,0,3,0.6026762738033968,1.6666666666666667,0,334.57142857142856
29,1,1413,2,1,1,3,2,0,42,3,3,7,4,1,7918,6599,1,0,14,3,4,1,11,5,3,11,10,4,1,1.3759666348075419,3.3333333333333335,0,659.8333333333334
33,2,461,1,13,1,1,2,0,53,3,1,6,4,2,3452,17241,3,0,18,3,1,0,5,4,3,3,2,0,2,0.7892089620484682,2.3333333333333335,0,575.3333333333334
29,2,986,1,3,4,3,2,1,93,2,3,5,3,1,11935,21526,1,0,18,3,3,0,10,2,3,10,2,0,7,2.728623685413809,2.6666666666666665,0,1085.0
37,2,807,0,6,4,0,3,1,63,3,1,1,1,0,2073,23648,4,1,22,4,4,0,7,3,3,3,2,0,2,0.5334534225424601,2.6666666666666665,0,259.125
38,2,343,1,15,2,1,3,1,92,2,3,5,4,0,11510,15682,0,1,14,3,2,1,12,3,3,11,10,2,9,2.6314586191129403,3.0,0,885.3846153846154
45,0,1238,1,1,1,1,3,1,74,2,3,0,3,1,10748,3395,3,0,23,4,4,1,25,3,2,23,15,14,4,2.4572473708276177,3.3333333333333335,1,413.38461538461536
24,0,1092,1,9,3,1,3,1,60,2,1,2,2,0,2694,26551,1,0,11,3,3,3,1,4,3,1,0,0,0,0.6159122085048011,2.6666666666666665,0,1347.0
36,2,938,1,2,4,3,3,1,79,3,1,2,3,2,2519,12287,4,0,21,4,3,0,16,6,3,11,8,3,9,0.5759030635573845,3.0,0,148.1764705882353
24,0,673,1,11,2,4,1,0,96,4,2,4,3,0,4011,8232,0,0,18,3,4,1,5,5,2,4,2,1,3,0.9170096021947873,2.6666666666666665,1,668.5
35,2,607,1,9,3,1,4,0,66,2,3,4,3,1,10685,23457,1,1,20,4,2,1,17,2,3,17,14,5,15,2.442844078646548,3.0,0,593.6111111111111
52,1,890,1,25,4,3,3,0,81,2,4,4,4,1,13826,19028,3,0,22,4,3,0,31,3,3,9,8,0,0,3.1609510745313214,3.3333333333333335,0,432.0625
54,2,376,1,19,4,3,4,0,95,3,2,4,1,0,5485,22670,9,1,11,3,2,2,9,4,3,5,3,1,4,1.2540009144947417,2.3333333333333335,0,548.5
45,2,1339,1,7,3,1,2,1,59,3,3,6,1,0,9724,18787,2,0,17,3,3,1,25,2,3,1,0,0,0,2.2231367169638774,2.0,0,374.0
39,2,1387,1,10,5,3,2,1,76,3,2,4,1,1,5377,3835,2,0,13,3,4,3,10,3,3,7,7,7,7,1.2293095564700502,2.3333333333333335,0,488.8181818181818
45,2,561,2,2,3,4,4,1,61,3,2,7,2,1,4805,16177,0,0,19,3,2,1,9,3,4,8,7,3,7,0.8349986966721696,2.6666666666666665,0,480.5
35,1,130,1,25,4,1,4,0,96,3,1,6,2,0,2022,16612,1,1,19,3,1,1,10,3,2,10,2,7,8,0.46227709190672156,2.3333333333333335,1,183.8181818181818
39,2,117,1,10,1,3,3,1,99,3,4,3,1,1,17068,5355,1,1,14,3,4,0,21,3,3,21,9,11,10,3.9021490626428896,2.6666666666666665,0,775.8181818181819
34,2,254,1,1,2,1,2,1,83,2,1,6,4,1,3622,22794,1,1,13,3,4,1,6,3,3,6,5,1,3,0.8280749885688158,3.3333333333333335,0,517.4285714285714
45,0,1052,2,6,3,3,4,0,57,2,3,7,4,2,8865,16840,6,0,12,3,4,0,23,2,3,19,7,12,8,1.5405334955252412,4.0,0,369.375
25,2,309,0,2,3,0,3,0,82,3,1,1,2,1,2187,19655,4,0,14,3,3,0,6,3,3,2,0,1,2,0.5627895007720021,2.6666666666666665,0,312.42857142857144
37,0,728,1,1,4,3,1,0,80,3,3,5,4,0,13603,11677,2,1,18,3,1,2,15,2,3,5,2,0,2,3.1099679926840422,2.0,0,850.1875
22,2,1294,1,8,1,3,3,0,79,3,1,2,1,1,2398,15999,1,1,17,3,3,0,1,6,3,1,0,0,0,0.5482395976223137,2.3333333333333335,0,1199.0
45,2,1015,1,5,5,3,3,0,50,1,2,2,1,2,5769,23447,1,1,14,3,1,0,10,3,3,10,7,1,4,1.3189300411522633,1.6666666666666667,0,524.4545454545455
42,1,288,1,2,3,1,4,1,40,3,3,0,4,1,10124,18611,2,1,14,3,3,1,24,3,1,20,8,13,9,2.314586191129401,3.6666666666666665,1,404.96
34,2,629,1,27,2,3,4,0,95,3,1,6,2,2,2311,5711,2,0,15,3,4,0,9,3,3,3,2,1,2,0.5283493369913123,3.3333333333333335,0,231.1
34,2,167,1,8,5,1,2,0,32,3,2,4,1,0,5121,4187,3,0,14,3,3,1,7,3,3,0,0,0,0,1.1707818930041152,2.0,0,640.125
49,2,809,1,1,3,1,3,1,36,3,4,3,3,2,15379,22384,4,0,14,3,1,0,23,2,3,8,7,0,0,3.5160036579789664,2.3333333333333335,0,640.7916666666666
36,2,1223,1,8,3,5,3,0,59,3,3,0,3,0,10096,8202,1,0,13,3,2,3,17,2,3,17,14,12,8,2.3081847279378143,2.6666666666666665,0,560.8888888888889
29,2,665,1,15,3,1,3,1,60,3,1,6,4,2,2340,22673,1,0,19,3,1,0,6,1,3,6,5,1,5,0.5349794238683128,2.6666666666666665,0,334.2857142857143
27,2,199,1,6,3,1,4,1,55,2,1,6,3,1,2539,7950,1,0,13,3,3,1,4,0,3,4,2,2,2,0.5804755372656607,3.3333333333333335,0,507.8
36,1,1213,0,2,1,0,2,1,94,2,2,1,4,2,3886,4223,1,0,21,4,4,0,10,2,2,10,1,0,8,1.0,3.3333333333333335,1,353.27272727272725
35,2,660,2,7,1,1,4,1,76,3,1,8,3,1,2404,16192,1,0,13,3,1,1,1,3,3,1,0,0,0,0.41776001390216355,2.6666666666666665,0,1202.0
43,1,313,1,21,3,3,4,1,61,3,1,2,4,1,2258,15238,7,0,20,4,1,1,8,1,3,3,2,1,2,0.5162322816643804,3.0,0,250.88888888888889
35,2,992,1,1,3,3,4,1,68,2,1,2,1,2,2450,21731,1,0,19,3,2,0,3,3,3,3,0,1,2,0.5601280292638318,2.3333333333333335,0,612.5
53,1,124,2,2,3,2,3,0,38,2,3,7,2,1,7525,23537,2,0,12,3,1,1,30,2,3,15,7,6,12,1.307672256494917,2.0,0,242.74193548387098
31,2,525,2,6,4,3,1,1,66,4,2,7,4,0,5460,6219,4,0,22,4,4,2,13,4,4,7,7,5,7,0.9488226605265444,3.0,0,390.0
50,1,333,1,22,5,3,3,1,88,1,4,5,4,2,14411,24450,1,1,13,3,4,0,32,2,3,32,6,13,9,3.2946959304983996,3.6666666666666665,0,436.6969696969697
25,2,949,1,1,3,5,1,1,81,3,1,2,4,1,3229,4910,4,0,11,3,2,1,7,2,2,3,2,0,2,0.7382258802011888,2.3333333333333335,1,403.625
39,2,613,1,6,1,3,4,1,42,2,3,0,1,1,9991,21457,4,0,15,3,1,1,9,5,3,7,7,1,7,2.2841792409693644,2.0,0,999.1
34,2,419,1,7,4,1,1,0,53,3,3,5,2,2,11994,21293,0,0,11,3,3,0,13,4,3,12,6,2,11,2.7421124828532237,2.0,0,856.7142857142857
35,2,950,1,7,3,4,3,1,59,3,3,4,3,2,10221,18869,3,0,21,4,2,0,17,3,4,8,5,1,6,2.3367626886145403,2.6666666666666665,0,567.8333333333334
20,2,805,1,3,3,1,1,1,87,2,1,2,3,2,3033,12828,1,0,12,3,1,0,2,2,2,2,2,1,2,0.6934156378600823,1.6666666666666667,1,1011.0
27,2,591,1,2,1,3,1,1,40,3,1,2,2,1,3468,16632,9,0,12,3,4,1,6,3,3,2,2,2,2,0.7928669410150891,2.3333333333333335,0,495.42857142857144
27,2,1377,2,2,3,1,4,1,74,3,2,7,3,2,4478,5242,1,1,11,3,1,0,5,3,3,5,4,0,4,0.7781736032670085,2.6666666666666665,0,746.3333333333334
52,2,1053,1,1,2,1,4,1,70,3,4,3,4,1,17099,13829,2,0,15,3,2,1,26,2,2,9,8,7,8,3.909236396890718,3.3333333333333335,1,633.2962962962963
32,1,116,1,13,3,4,3,0,77,2,1,2,2,1,2743,7331,1,0,20,4,3,1,2,2,3,2,2,2,2,0.6271147690900777,2.6666666666666665,0,914.3333333333334
50,2,1099,1,29,4,1,2,1,88,2,4,3,3,1,17046,9314,0,0,15,3,2,1,28,2,3,27,10,15,7,3.897119341563786,2.3333333333333335,0,587.7931034482758
49,1,636,1,10,4,1,3,0,35,3,5,5,1,2,18665,25594,9,1,11,3,4,0,22,4,3,3,2,1,2,4.267261088248743,2.6666666666666665,0,811.5217391304348
32,2,374,1,25,4,1,1,1,87,3,1,2,4,2,2795,18016,1,1,24,4,3,0,1,2,1,1,0,0,1,0.6390032007315958,2.6666666666666665,1,1397.5
34,1,135,1,19,3,3,3,0,46,3,2,2,2,0,4444,22534,4,0,13,3,3,2,15,2,4,11,8,5,10,1.0160036579789666,2.6666666666666665,0,277.75
36,2,922,1,3,2,1,1,0,39,3,1,2,4,0,2835,2561,5,0,22,4,1,1,7,2,3,1,0,0,0,0.6481481481481481,2.0,0,354.375
52,2,994,1,7,4,1,2,1,87,3,3,0,2,2,10445,15322,7,0,19,3,4,0,18,4,3,8,6,4,0,2.387974394147234,2.6666666666666665,0,549.7368421052631
30,2,1427,1,2,1,3,2,1,35,2,1,2,4,2,2720,11162,0,0,13,3,4,0,6,3,3,5,3,1,2,0.6218564243255601,3.3333333333333335,0,388.57142857142856
58,0,350,2,2,3,3,2,1,52,3,4,3,2,0,16291,22577,4,0,22,4,4,1,37,0,2,16,9,14,14,2.8310018246589626,2.6666666666666665,1,428.7105263157895
42,1,570,1,8,3,1,2,1,66,3,5,3,4,0,18430,16225,1,0,13,3,2,1,24,4,2,24,7,14,9,4.213534522176498,2.6666666666666665,1,737.2
49,2,1313,2,11,4,2,4,0,80,3,2,7,4,2,4507,8191,3,0,12,3,3,0,8,1,4,5,1,0,4,0.7832131375445304,3.6666666666666665,0,500.77777777777777
43,2,415,2,25,3,3,3,1,79,2,3,7,4,0,10798,5268,5,0,13,3,3,1,18,5,3,1,0,0,0,1.8764445216786863,3.3333333333333335,0,568.3157894736842
40,2,896,1,2,3,3,3,1,68,3,1,6,3,0,2345,8045,2,0,14,3,3,1,8,3,4,3,1,1,2,0.5361225422953818,3.0,0,260.55555555555554
55,2,452,1,1,3,3,4,1,81,3,5,3,1,2,19045,18938,0,1,14,3,3,0,37,2,3,36,10,4,13,4.35413808870599,2.6666666666666665,0,501.1842105263158
32,1,1311,1,7,3,1,2,1,100,4,1,2,2,1,2794,26062,1,0,20,4,3,0,5,3,1,5,1,0,3,0.638774577046182,2.3333333333333335,1,465.6666666666667
55,0,444,1,2,1,3,3,1,40,2,4,3,1,2,16756,17323,7,0,15,3,2,0,31,3,4,9,7,6,2,3.8308184727937813,2.0,0,523.625
31,2,192,1,2,4,1,3,1,32,3,1,6,4,0,2695,7747,0,1,18,3,2,1,3,2,1,2,2,2,2,0.6161408321902149,3.0,1,673.75
43,2,990,1,27,3,5,4,1,87,4,1,2,2,0,4876,5855,5,0,12,3,3,1,8,0,3,6,4,0,2,1.114769090077732,3.0,0,541.7777777777778
34,2,404,1,2,4,5,3,0,98,3,2,0,4,2,6687,6163,1,0,11,3,4,0,14,2,4,14,11,4,11,1.52880658436214,3.6666666666666665,0,445.8
40,2,804,1,2,1,3,4,0,86,2,1,6,4,2,2342,22929,0,1,20,4,4,0,5,2,2,4,2,2,3,0.5354366712391404,4.0,1,390.3333333333333
42,0,335,1,23,2,1,4,1,37,2,2,6,3,2,4332,14811,1,0,12,3,4,0,20,2,3,20,9,3,7,0.99039780521262,3.6666666666666665,0,206.28571428571428
28,2,580,1,27,3,3,2,0,39,1,2,4,1,0,4877,20460,0,0,21,4,2,1,6,5,2,5,3,0,0,1.114997713763146,1.6666666666666667,1,696.7142857142857
40,1,720,1,16,4,3,1,1,51,2,2,2,3,2,5094,11983,6,0,14,3,4,0,10,6,3,1,0,0,0,1.1646090534979423,2.6666666666666665,0,463.09090909090907
35,2,1343,1,27,1,3,3,0,53,2,1,6,1,2,2559,17852,1,0,11,3,4,0,6,3,2,6,5,1,1,0.5850480109739369,2.6666666666666665,1,365.57142857142856
32,2,1089,1,7,2,1,4,1,79,3,2,2,3,1,4883,22845,1,0,18,3,1,1,10,3,3,10,4,1,1,1.1163694558756287,2.6666666666666665,0,443.90909090909093
34,2,1153,1,1,2,3,1,1,94,3,2,4,2,1,4325,17736,1,0,15,3,3,0,5,2,3,5,2,1,3,0.9887974394147233,2.0,0,720.8333333333334
35,2,104,1,2,3,1,1,0,69,3,1,2,1,0,2074,26619,1,1,12,3,4,1,1,2,3,1,0,0,0,0.4741655235482396,2.0,0,1037.0
20,2,1141,2,2,3,3,3,0,31,3,1,8,3,2,2783,13251,1,0,19,3,1,0,2,3,3,2,2,2,2,0.4836215135980537,2.3333333333333335,0,927.6666666666666
52,2,1490,1,4,2,1,4,0,30,3,4,3,4,1,16555,10310,2,0,13,3,4,0,31,2,1,5,2,1,4,3.784865112025606,4.0,1,517.34375
49,2,271,1,3,2,3,3,0,43,2,2,2,1,1,4789,23070,4,0,25,4,1,1,10,3,3,3,2,1,2,1.0948788294467307,1.6666666666666667,0,435.3636363636364
44,0,981,1,5,3,1,3,1,90,2,1,2,3,2,3162,7973,3,0,14,3,4,0,7,5,3,5,2,0,3,0.7229080932784636,3.3333333333333335,0,395.25
36,0,1229,2,8,4,5,1,1,84,3,2,7,4,0,5079,25952,4,0,13,3,4,2,12,3,3,7,7,0,7,0.8826136067425493,3.0,0,390.6923076923077
32,2,634,1,5,4,4,2,0,35,4,1,6,4,1,3312,18783,3,0,17,3,4,2,6,3,3,3,2,0,2,0.757201646090535,3.3333333333333335,0,473.14285714285717
22,2,581,1,1,2,1,4,1,63,3,1,6,3,2,3375,17624,0,0,12,3,4,0,4,2,4,3,2,1,2,0.7716049382716049,3.6666666666666665,0,675.0
37,2,367,1,25,2,3,3,0,52,2,2,0,4,0,5731,17171,7,0,13,3,3,2,9,2,3,6,2,1,3,1.3102423411065387,3.3333333333333335,0,573.1
30,0,1116,1,2,3,3,3,0,49,3,1,2,4,2,2564,7181,0,0,14,3,3,0,12,2,2,11,7,6,7,0.5861911294010059,3.3333333333333335,1,197.23076923076923
33,2,589,1,28,4,1,2,1,79,3,2,2,3,1,5207,22949,1,1,12,3,2,1,15,3,3,15,14,5,7,1.1904435299497027,2.3333333333333335,0,325.4375
41,2,337,2,8,3,2,3,0,54,3,2,7,2,1,4393,26841,5,0,21,4,3,1,14,3,3,5,4,1,4,0.7634025545225476,2.6666666666666665,0,292.8666666666667
41,2,582,1,28,4,1,1,0,60,2,4,4,2,1,13570,5640,0,0,23,4,3,1,21,3,3,20,7,0,10,3.1024234110653865,2.0,0,616.8181818181819
29,1,490,1,10,3,1,4,0,61,3,1,6,2,0,3291,17940,0,0,14,3,4,2,8,2,2,7,5,1,1,0.752400548696845,3.3333333333333335,1,365.6666666666667
51,2,1178,2,14,2,1,3,0,87,3,2,7,4,1,4936,14862,4,0,11,3,3,1,18,2,2,7,7,0,7,0.8577634894430446,3.3333333333333335,1,259.7894736842105
53,2,1168,2,24,4,1,1,1,66,3,3,7,1,2,10448,5843,6,1,13,3,2,0,15,2,2,2,2,2,2,1.815622556260318,1.3333333333333333,1,653.0
43,2,177,1,8,3,1,1,0,55,3,2,4,2,0,4765,23814,4,0,21,4,3,1,4,2,4,1,0,0,0,1.0893918609967992,2.0,0,953.0
29,1,746,2,24,3,5,3,1,45,4,1,8,1,2,1091,10642,1,0,17,3,4,0,1,3,3,1,0,0,0,0.18959075506125642,2.6666666666666665,0,545.5
32,1,430,1,24,4,1,1,1,80,3,2,2,4,1,5309,21146,1,0,15,3,4,2,10,2,3,10,8,4,7,1.2137631458619114,3.0,0,482.6363636363636
28,2,1434,1,5,4,5,3,1,50,3,1,2,3,2,3441,11179,1,1,13,3,3,0,2,3,2,2,2,2,2,0.7866941015089163,3.0,1,1147.0
27,2,135,1,17,4,1,4,0,51,3,1,6,3,2,2394,25681,1,1,13,3,4,0,8,2,3,8,2,7,7,0.5473251028806584,3.6666666666666665,0,266.0
35,1,944,2,1,3,2,3,0,92,3,3,7,3,2,8789,9096,1,0,14,3,1,0,10,3,4,10,7,0,8,1.5273264401772526,2.3333333333333335,0,799.0
42,2,932,1,1,2,1,4,0,43,2,2,4,4,1,6062,4051,9,1,13,3,4,1,8,4,3,4,3,0,2,1.3859167809785093,4.0,0,673.5555555555555
34,2,1354,1,5,3,3,3,0,45,2,3,3,1,2,11631,5615,2,0,12,3,4,0,14,6,3,11,10,5,8,2.659122085048011,2.6666666666666665,0,775.4
25,2,141,2,3,1,4,3,1,98,3,2,7,1,1,4194,14363,1,1,18,3,4,0,5,3,3,5,3,0,3,0.7288209227561039,2.6666666666666665,0,699.0
34,2,1346,1,19,2,3,2,1,93,3,1,2,4,0,2661,8758,0,0,11,3,3,1,3,2,3,2,2,1,2,0.6083676268861454,3.0,0,665.25
27,2,798,1,6,4,3,1,0,66,2,1,6,3,0,2187,5013,0,0,12,3,3,2,6,5,2,5,3,0,3,0.5,2.3333333333333335,1,312.42857142857144
34,1,234,1,9,4,1,4,1,93,3,2,2,1,1,5346,6208,4,0,17,3,3,1,11,3,2,7,1,0,7,1.2222222222222223,2.6666666666666665,1,445.5
33,2,813,1,14,3,3,3,1,58,3,1,2,4,1,2436,22149,5,1,13,3,3,1,8,2,1,5,4,0,4,0.5569272976680384,3.3333333333333335,1,270.6666666666667
27,2,1302,1,19,3,4,4,1,67,2,1,2,1,0,4066,16290,1,0,11,3,1,2,7,3,3,7,7,0,7,0.9295839048925468,2.0,0,508.25
35,2,982,1,1,4,3,4,1,58,2,1,2,3,1,2258,16340,6,0,12,3,2,1,10,2,3,8,0,1,7,0.5162322816643804,3.0,0,205.27272727272728
35,2,662,2,1,5,2,3,1,94,3,3,7,2,1,7295,11439,1,0,13,3,1,2,10,3,3,10,8,0,6,1.2677035363628464,2.0,0,663.1818181818181
23,2,977,1,10,3,5,4,1,45,4,1,6,3,1,2073,12826,2,0,16,3,4,1,4,2,3,2,2,2,2,0.4739368998628258,3.6666666666666665,0,414.6
45,2,538,1,1,4,5,1,1,66,3,3,0,2,0,7441,20933,1,0,12,3,1,3,10,4,3,10,8,7,7,1.7011888431641518,1.3333333333333333,0,676.4545454545455
31,1,307,1,29,2,3,3,1,71,2,1,2,2,2,3479,11652,0,0,11,3,2,0,6,2,4,5,4,1,4,0.7953818015546411,2.3333333333333335,0,497.0
47,0,1162,1,1,1,3,3,0,98,3,3,5,2,1,11957,17231,0,0,18,3,1,2,14,3,1,13,8,5,12,2.7336534064929126,2.0,1,797.1333333333333
46,2,488,2,2,3,5,3,0,75,1,4,3,2,1,16872,14977,3,1,12,3,2,1,28,2,2,7,7,7,7,2.931966287253454,2.3333333333333335,1,581.7931034482758
42,2,916,1,17,2,1,4,0,82,4,2,6,1,2,6545,23016,3,1,13,3,3,0,10,1,3,3,2,0,2,1.496342021033379,2.6666666666666665,0,595.0
35,1,662,2,18,4,2,4,0,67,3,2,7,3,1,4614,23288,0,1,18,3,3,1,5,0,2,4,2,3,2,0.8018072812581458,3.3333333333333335,1,769.0
55,2,1311,1,2,3,1,3,0,97,3,4,3,4,2,16659,23258,2,1,13,3,3,0,30,2,3,5,4,1,2,3.808641975308642,3.3333333333333335,0,537.3870967741935
34,1,648,0,11,3,1,3,1,56,2,2,1,2,1,4490,21833,4,0,11,3,4,2,14,5,4,10,9,1,8,1.1554297478126607,3.0,0,299.3333333333333
45,2,193,1,6,4,4,4,1,52,3,3,5,1,1,13245,15067,4,1,14,3,2,0,17,3,4,0,0,0,0,3.0281207133058983,2.3333333333333335,0,735.8333333333334
32,0,1146,1,15,4,3,3,0,34,3,2,0,4,0,6667,16542,5,0,18,3,2,1,9,6,3,5,1,1,2,1.5242341106538637,3.0,0,666.7
51,2,770,0,5,3,1,3,1,84,3,4,3,2,0,14026,17588,1,1,11,3,2,1,33,2,3,33,9,0,10,3.609366958311889,2.3333333333333335,0,412.52941176470586
30,0,1400,1,3,3,1,3,1,53,3,1,2,4,1,2097,16734,4,0,15,3,3,1,9,3,1,5,3,1,4,0.4794238683127572,3.3333333333333335,1,209.7
37,0,1252,2,19,2,3,1,1,32,3,3,7,2,2,7642,4814,1,1,13,3,4,0,10,2,3,10,0,0,9,1.3280041706490573,2.3333333333333335,0,694.7272727272727
34,1,1003,1,2,2,1,4,1,95,3,2,4,3,2,4033,15834,2,0,11,3,4,0,5,3,2,3,2,0,2,0.9220393232738912,3.6666666666666665,1,672.1666666666666
54,2,157,1,10,3,3,3,0,77,3,2,4,1,2,4440,25198,6,1,19,3,4,0,9,3,3,5,2,1,4,1.0150891632373114,2.6666666666666665,0,444.0
49,1,1475,1,28,2,1,1,1,97,2,2,2,1,2,4284,22710,3,0,20,4,1,0,20,2,3,4,3,1,3,0.9794238683127572,1.0,0,204.0
28,1,773,1,6,3,1,3,1,39,2,1,6,3,0,2703,22088,1,1,14,3,4,1,3,2,3,3,1,0,2,0.6179698216735254,3.3333333333333335,0,675.75
38,2,437,2,16,3,1,2,0,90,3,2,7,2,2,4198,16379,2,0,12,3,2,0,8,5,4,3,2,1,2,0.7295160309323139,2.0,0,466.44444444444446
26,2,1357,1,25,3,1,1,1,48,1,1,2,3,2,2293,10558,1,0,12,3,3,0,1,2,2,1,0,0,1,0.5242341106538637,2.3333333333333335,1,1146.5
26,0,786,1,7,3,3,4,1,76,3,1,2,4,2,2570,11925,1,0,20,4,3,0,7,5,3,7,7,5,7,0.5875628715134888,3.6666666666666665,0,321.25
31,1,561,1,3,3,1,4,0,33,3,1,6,3,2,4084,4156,1,0,12,3,1,0,7,2,1,7,2,7,7,0.9336991312299955,2.6666666666666665,1,510.5
32,2,495,1,10,3,3,3,1,64,3,3,3,4,2,11244,21072,2,0,25,4,2,0,10,5,4,5,2,0,0,2.570644718792867,3.0,0,1022.1818181818181
40,2,759,2,2,2,2,4,0,46,3,2,7,2,0,5715,22553,7,0,12,3,3,2,8,5,3,5,4,1,3,0.993135806759927,3.0,0,635.0
58,2,848,1,23,4,1,1,1,88,3,1,6,3,0,2372,26076,1,0,12,3,4,2,2,3,3,2,2,2,2,0.5422953818015547,2.6666666666666665,0,790.6666666666666
42,2,810,1,23,5,1,1,0,44,3,4,5,4,2,15992,15901,2,0,14,3,2,0,16,2,3,1,0,0,0,3.6561499771376313,2.3333333333333335,0,940.7058823529412
34,2,1107,0,9,4,5,1,0,52,3,1,1,3,1,2742,3072,1,0,15,3,4,0,2,0,3,2,2,2,2,0.705609881626351,2.6666666666666665,0,914.0
40,2,630,2,4,4,2,3,1,67,2,3,7,4,1,10855,8552,7,0,11,3,1,1,15,2,2,12,11,2,11,1.8863498131896776,2.6666666666666665,1,678.4375
34,2,511,2,3,2,1,4,0,32,1,2,7,4,2,6029,25353,5,0,12,3,1,0,6,3,3,2,2,2,2,1.047701798592406,3.0,0,861.2857142857143
28,0,280,0,1,2,1,3,1,43,3,1,1,4,0,2706,10494,1,0,15,3,2,1,3,2,3,3,2,2,2,0.6963458569222851,3.0,0,676.5
40,1,530,1,1,4,1,3,1,78,2,4,0,2,1,13503,14115,1,0,22,4,4,1,22,3,2,22,3,11,11,3.0871056241426613,3.0,1,587.0869565217391
32,2,588,2,8,2,5,3,0,65,2,2,7,2,1,5228,24624,1,1,11,3,4,0,13,2,3,13,12,11,9,0.9085063863063689,3.0,0,373.42857142857144
48,2,1236,1,1,4,1,4,0,40,2,4,3,1,1,15402,17997,7,0,11,3,1,1,21,3,1,3,2,0,2,3.521262002743484,2.0,1,700.0909090909091
36,1,607,2,7,3,2,1,0,83,4,2,7,1,1,4639,2261,2,0,16,3,4,1,17,2,2,15,7,6,13,0.8061517073594578,2.0,1,257.72222222222223
42,0,926,1,21,2,3,3,0,36,3,2,4,3,0,5265,16439,2,0,16,3,2,1,11,5,3,5,3,0,2,1.2037037037037037,2.6666666666666665,0,438.75
58,1,781,1,2,1,1,4,1,57,2,1,2,4,0,2380,13384,9,1,14,3,4,1,3,3,2,1,0,0,0,0.5441243712848651,4.0,1,595.0
34,0,1381,2,4,4,2,3,0,72,3,2,7,3,1,6538,12740,9,0,15,3,1,1,6,3,3,3,2,1,2,1.1361543140151187,2.3333333333333335,0,934.0
34,2,1157,1,5,2,3,2,1,57,2,2,2,4,1,3986,11912,1,0,14,3,3,1,15,3,4,15,10,4,13,0.9112940100594421,3.0,0,249.125
41,2,642,1,1,3,1,4,1,76,3,1,6,4,1,2782,21412,3,0,22,4,1,1,12,3,3,5,3,1,0,0.6360310928212163,3.0,0,214.0
35,2,735,1,6,1,1,3,1,66,3,1,6,3,1,3506,6020,0,1,14,3,4,0,4,3,3,3,2,2,2,0.8015546410608139,3.3333333333333335,0,701.2
30,2,1275,1,28,2,3,4,0,64,3,2,6,4,1,5775,11934,1,0,13,3,4,2,11,2,3,10,8,1,9,1.3203017832647461,4.0,0,481.25
26,2,652,1,7,3,4,3,1,100,4,1,2,1,2,3578,23577,0,0,12,3,4,0,8,2,3,7,7,0,7,0.8180155464106081,2.6666666666666665,0,397.55555555555554
29,2,1107,1,28,4,1,3,0,93,3,1,6,4,0,2514,26968,4,0,22,4,1,1,11,1,3,7,5,1,7,0.5747599451303155,2.6666666666666665,0,209.5
41,2,509,1,7,2,5,2,0,43,4,1,6,3,1,3376,18863,1,0,13,3,3,0,10,3,3,10,6,0,8,0.7718335619570188,2.6666666666666665,0,306.90909090909093
55,2,836,1,2,4,5,2,1,98,2,1,6,4,1,2662,7975,8,0,20,4,2,1,19,2,4,5,2,0,4,0.6085962505715592,2.6666666666666665,0,133.1
54,2,821,1,5,2,3,1,1,86,3,5,5,1,1,19406,8509,4,0,11,3,3,1,24,4,2,4,2,1,2,4.436671239140375,1.6666666666666667,1,776.24
39,2,466,1,1,1,1,4,0,65,2,4,4,4,1,12742,7060,1,0,16,3,3,1,21,3,3,21,6,11,8,2.9131229995427526,3.6666666666666665,0,579.1818181818181
31,1,523,1,2,3,1,2,1,94,3,1,2,4,1,3722,21081,6,1,13,3,3,1,7,2,1,2,2,2,2,0.8509373571101966,3.0,1,465.25
44,2,921,1,2,3,1,3,0,96,4,3,0,4,1,7879,14810,1,1,19,3,2,1,9,2,3,8,7,6,7,1.8013260173754,3.0,0,787.9
36,2,530,2,3,1,1,3,1,51,2,3,7,4,1,10325,5518,1,1,11,3,1,1,16,6,3,16,7,3,7,1.794247979841863,2.6666666666666665,0,607.3529411764706
29,2,1401,1,6,1,3,2,0,54,3,1,2,4,1,3131,26342,1,0,13,3,1,1,10,5,3,10,8,0,8,0.7158207590306356,2.3333333333333335,0,284.6363636363636
41,2,802,2,9,1,1,3,1,96,3,3,7,3,0,8189,21196,3,1,13,3,3,1,12,2,3,9,7,0,7,1.4230602137457642,3.0,0,629.9230769230769
52,2,956,1,6,2,5,4,1,78,3,2,6,1,0,5577,22087,3,1,12,3,2,2,18,3,3,10,9,6,9,1.275034293552812,2.3333333333333335,0,293.5263157894737
28,2,103,1,24,3,1,3,1,50,2,1,2,3,2,2028,12947,5,1,14,3,2,0,6,4,3,4,2,0,3,0.46364883401920437,2.6666666666666665,0,289.7142857142857
40,2,676,1,9,4,1,4,1,86,3,1,2,1,2,2018,21831,3,0,14,3,2,0,15,3,1,5,4,1,0,0.4613625971650663,2.3333333333333335,1,126.125
59,2,1435,2,25,3,1,1,0,99,3,3,7,1,2,7637,2354,7,0,11,3,4,0,28,3,2,21,16,7,9,1.3271352854287948,2.0,1,263.3448275862069
45,2,192,1,10,2,1,1,1,69,3,1,6,4,1,2654,9655,3,0,21,4,4,2,8,3,2,2,2,0,2,0.6067672610882487,3.0,1,294.8888888888889
53,2,1436,2,6,2,2,2,1,34,3,2,8,3,1,2306,16047,2,1,20,4,4,1,13,3,1,7,7,4,5,0.40072986358502044,3.0,1,164.71428571428572
46,2,377,2,9,3,2,1,1,52,3,3,7,4,0,10096,15986,4,0,11,3,1,1,28,1,4,7,7,4,3,1.754453036753845,2.0,0,348.13793103448273
40,2,1171,1,10,4,1,4,0,46,4,1,2,3,1,2213,22495,3,1,13,3,3,1,10,3,3,7,7,1,7,0.505944215820759,3.3333333333333335,0,201.1818181818182
31,2,182,1,8,5,1,1,0,93,3,4,5,2,2,16422,8847,3,0,11,3,3,0,9,3,4,3,2,1,0,3.7544581618655695,2.0,0,1642.2
42,1,555,2,26,3,2,3,0,77,3,4,7,2,1,13525,14864,5,0,14,3,4,1,23,2,4,20,4,4,8,2.350334520809801,3.0,0,563.5416666666666
60,2,696,2,7,4,2,2,1,52,4,2,7,4,0,5220,10893,0,1,18,3,2,1,12,3,3,11,7,1,9,0.9071161699539491,2.6666666666666665,0,401.53846153846155
40,2,1124,2,1,2,3,2,1,57,1,2,7,4,1,7457,13273,2,1,22,4,3,3,6,2,2,4,3,0,2,1.2958554174993484,3.0,1,1065.2857142857142
19,2,1181,1,3,1,3,2,0,79,3,1,2,2,2,1483,16102,1,0,14,3,4,0,1,3,3,1,0,0,0,0.33904892546867854,2.6666666666666665,0,741.5
26,2,1349,1,23,3,1,1,0,90,3,1,6,4,0,2886,3032,1,0,22,4,2,2,3,3,1,3,2,0,2,0.6598079561042524,2.3333333333333335,1,721.5
45,0,805,1,4,2,1,3,1,57,3,2,2,2,1,4447,23163,1,0,12,3,2,0,9,5,2,9,7,0,8,1.016689529035208,2.3333333333333335,1,444.7
50,2,1207,1,28,1,3,4,1,74,4,1,2,3,1,3221,3297,1,1,11,3,3,3,20,3,3,20,8,3,8,0.7363968907178784,3.3333333333333335,0,153.38095238095238
29,1,115,2,13,3,5,1,0,51,3,2,7,2,2,5765,17485,5,0,11,3,1,0,7,4,1,5,3,0,0,1.001824658962551,1.3333333333333333,1,720.625
28,2,1476,1,16,2,3,2,1,68,4,2,0,1,2,5661,4824,0,0,19,3,3,0,9,2,3,8,3,0,7,1.294238683127572,2.0,0,566.1
40,1,902,1,26,2,3,3,0,92,2,2,6,4,1,4422,21203,3,1,13,3,4,1,16,3,1,1,1,0,0,1.010973936899863,3.6666666666666665,1,260.11764705882354
32,0,1184,1,1,3,1,3,0,70,2,1,2,2,1,2332,3974,6,0,20,4,3,0,5,3,3,3,0,0,2,0.5331504343850023,2.6666666666666665,0,388.6666666666667
59,2,1089,2,1,2,5,2,1,66,3,3,3,4,1,11904,11038,3,1,14,3,3,1,14,1,1,6,4,0,4,2.06864193240073,3.0,1,793.6
32,2,1373,1,5,4,1,4,1,56,2,2,4,4,2,9679,10138,8,0,24,4,2,0,8,1,3,1,0,0,0,2.212848651120256,3.3333333333333335,0,1075.4444444444443
40,2,300,2,26,3,2,3,1,74,3,2,7,1,1,8396,22217,1,0,14,3,2,1,8,3,2,7,7,7,5,1.4590320618646277,2.0,1,932.8888888888889
33,0,775,1,4,3,5,4,1,90,3,2,6,2,0,3055,6194,5,0,15,3,4,2,11,2,2,9,8,1,7,0.6984453589391861,3.3333333333333335,1,254.58333333333334
36,0,635,2,10,4,3,2,1,32,3,3,7,4,2,9980,15318,1,0,14,3,4,0,10,3,2,10,3,9,7,1.734294899643757,3.3333333333333335,1,907.2727272727273
19,2,645,1,9,2,1,3,1,54,3,1,6,1,2,2552,7172,1,0,25,4,3,0,1,4,3,1,1,0,0,0.5834476451760402,2.3333333333333335,0,1276.0
37,2,1470,1,10,3,3,2,0,71,3,1,6,2,1,3936,9953,1,0,11,3,1,1,8,2,1,8,4,7,7,0.8998628257887518,1.6666666666666667,1,437.3333333333333
39,2,412,1,13,4,3,3,0,94,2,4,3,2,0,17123,17334,6,1,13,3,4,2,21,4,3,19,9,15,2,3.9147233653406492,3.0,0,778.3181818181819
33,1,553,1,5,4,1,4,0,74,3,3,3,2,1,11878,23364,6,0,11,3,2,2,12,2,3,10,6,8,8,2.7155921353452217,2.6666666666666665,0,913.6923076923077
30,2,855,2,7,4,2,4,0,73,3,2,7,1,0,4779,12761,7,0,14,3,2,2,8,3,3,3,2,0,2,0.8304804935268051,2.3333333333333335,0,531.0
31,2,202,1,8,3,1,1,0,34,2,1,6,2,2,1261,22262,1,0,12,3,3,0,1,3,4,1,0,0,0,0.28829446730681296,2.0,0,630.5
26,1,921,1,1,1,3,1,0,66,2,1,6,3,0,2007,25265,1,0,13,3,3,2,5,5,3,5,3,1,3,0.4588477366255144,2.3333333333333335,0,334.5
40,2,1194,1,2,4,3,3,0,98,3,1,6,3,1,2001,12549,2,0,14,3,2,3,20,2,3,5,3,0,2,0.45747599451303156,2.6666666666666665,0,95.28571428571429
36,2,711,1,5,4,1,2,0,42,3,3,0,1,1,8008,22792,4,0,12,3,3,2,9,6,3,3,2,0,2,1.8308184727937815,2.0,0,800.8
25,2,1356,2,10,4,1,3,1,57,3,2,7,4,2,4950,20623,0,0,14,3,2,0,5,4,3,4,3,1,1,0.8601963680597793,3.0,0,825.0
33,1,1141,2,1,3,1,3,0,42,4,2,7,1,1,5376,3193,2,0,19,3,1,2,10,3,3,5,3,1,3,0.934225388826136,1.6666666666666667,0,488.72727272727275
43,2,1291,1,15,2,1,3,1,65,2,4,5,3,1,17603,3525,1,0,24,4,1,1,14,3,3,14,10,6,11,4.024462734339277,2.3333333333333335,0,1173.5333333333333
40,1,593,1,9,4,3,2,0,88,3,3,5,3,2,13499,13782,9,0,17,3,3,0,20,3,2,18,7,2,13,3.086191129401006,2.6666666666666665,1,642.8095238095239
45,0,336,2,26,3,2,1,1,52,2,2,7,1,1,4385,24162,1,0,15,3,1,1,10,2,3,10,7,4,5,0.7620123381701277,1.0,0,398.6363636363636
32,0,1474,2,11,4,4,4,1,60,4,2,7,3,1,4707,23914,8,0,12,3,4,0,6,2,3,4,2,1,2,0.8179685463550265,3.6666666666666665,0,672.4285714285714
29,2,1246,2,19,3,1,3,1,77,2,2,7,3,0,8620,23757,1,0,14,3,3,2,10,3,3,10,7,0,4,1.4979581197323832,3.0,0,783.6363636363636
38,1,1444,0,1,4,4,4,1,88,3,1,1,2,1,2991,5224,0,1,11,3,2,1,7,2,3,6,2,1,2,0.76968605249614,2.6666666666666665,0,373.875
24,2,984,1,17,2,1,4,0,97,3,1,2,2,1,2210,3372,1,0,13,3,1,1,1,3,1,1,0,0,0,0.5052583447645176,2.3333333333333335,1,1105.0
25,2,240,2,5,3,2,3,1,46,2,2,7,3,2,5744,26959,1,1,11,3,4,0,6,1,3,6,4,0,3,0.998175341037449,3.3333333333333335,0,820.5714285714286
30,2,305,1,16,3,1,3,1,58,4,2,0,3,1,5294,9128,3,0,16,3,3,1,10,3,3,7,0,1,7,1.2103337905807041,3.0,0,481.27272727272725
35,2,1395,1,9,4,3,2,1,48,3,2,6,3,2,5098,18698,1,0,19,3,2,0,10,5,3,10,7,0,8,1.1655235482395976,2.3333333333333335,0,463.45454545454544
55,2,436,2,2,1,3,3,1,37,3,2,7,4,2,5160,21519,4,0,16,3,3,0,12,3,2,9,7,7,3,0.8966895473108002,3.3333333333333335,1,396.9230769230769
35,1,853,2,18,5,1,2,1,71,3,3,7,1,1,9069,11031,1,0,22,4,4,1,9,3,2,9,8,1,8,1.575984012511947,2.3333333333333335,1,906.9
33,2,350,2,5,3,2,4,0,34,3,1,8,3,2,2851,9150,1,1,13,3,2,0,1,2,3,1,0,0,0,0.4954383525936224,3.0,0,1425.5
33,2,516,1,8,5,1,4,1,69,3,2,0,3,2,6388,22049,2,1,17,3,1,0,14,6,3,0,0,0,0,1.460448102423411,2.6666666666666665,0,425.8666666666667
35,2,737,2,10,3,3,4,1,55,2,3,7,1,1,10306,21530,9,0,17,3,3,0,15,3,3,13,12,6,0,1.7909462160048657,2.6666666666666665,0,644.125
32,0,1109,1,29,4,3,4,0,69,3,1,2,3,2,4025,11135,9,0,12,3,2,0,10,2,3,8,7,7,7,0.9202103337905807,3.0,0,365.90909090909093
58,2,1272,1,5,3,5,3,0,37,2,3,0,2,0,10552,9255,2,1,13,3,4,1,24,3,3,6,0,0,4,2.4124371284865114,3.0,0,422.08
34,1,296,2,6,2,2,4,0,33,1,1,8,3,0,2351,12253,0,0,16,3,4,1,3,3,2,2,2,1,0,0.40854983056738203,3.6666666666666665,1,587.75
49,2,1418,1,1,3,5,3,0,36,3,1,6,1,1,3580,10554,2,0,16,3,2,1,7,2,3,4,2,0,2,0.8184727937814358,2.0,0,447.5
50,2,939,1,24,3,1,4,1,95,3,4,4,3,1,13973,4161,3,1,18,3,4,1,22,2,3,12,11,1,5,3.1945587562871514,3.6666666666666665,0,607.5217391304348
30,2,570,2,5,3,2,4,0,30,2,2,7,3,0,6118,5431,1,0,13,3,3,3,10,2,3,10,9,1,2,1.0631679555130766,3.3333333333333335,0,556.1818181818181
42,1,1368,1,28,4,5,4,0,88,2,2,0,4,1,4523,4386,0,0,11,3,4,3,7,4,4,6,5,0,4,1.0340649291266575,4.0,0,565.375
53,0,661,1,1,4,3,1,0,60,2,4,4,3,1,12965,22308,4,1,20,4,4,3,27,2,2,3,2,0,2,2.964106081390032,2.6666666666666665,1,463.0357142857143
29,2,441,1,8,1,4,3,0,39,1,2,0,1,1,9715,7288,3,0,13,3,3,1,9,3,3,7,7,0,7,2.2210791037951534,2.3333333333333335,0,971.5
27,2,1167,1,4,2,1,1,1,76,3,1,6,3,0,2517,3208,1,0,11,3,2,3,5,2,3,5,3,0,3,0.5754458161865569,2.0,0,419.5
35,2,1224,2,7,4,1,3,0,55,3,2,7,4,1,5204,13586,1,1,11,3,4,0,10,2,3,10,8,0,9,0.9043357372491094,3.6666666666666665,0,473.09090909090907
19,2,489,0,2,2,5,1,1,52,2,1,1,4,2,2564,18437,1,0,12,3,3,0,1,3,4,1,0,0,0,0.6598044261451363,2.6666666666666665,0,1282.0
40,2,1492,1,20,4,5,1,1,61,3,3,0,4,1,10322,26542,4,0,20,4,4,1,14,6,3,11,10,11,1,2.359853680841335,3.0,0,688.1333333333333
35,1,1182,2,11,2,2,4,1,54,3,2,7,4,0,4968,18500,1,0,11,3,4,1,5,3,3,5,2,0,2,0.863324354852724,4.0,0,828.0
46,2,945,0,5,2,3,2,1,80,3,2,1,2,0,5021,10425,8,1,22,4,4,1,16,2,3,4,2,0,2,1.2920741121976325,2.6666666666666665,0,295.3529411764706
42,1,532,1,29,2,1,1,0,92,3,2,6,3,0,4556,12932,2,0,11,3,2,1,19,3,3,5,4,0,2,1.0416095107453132,2.0,0,227.8
45,2,1329,1,2,2,4,4,0,59,2,2,4,4,0,5770,5388,1,0,19,3,1,2,10,3,3,10,7,3,9,1.3191586648376772,3.0,0,524.5454545454545
29,2,428,2,9,3,2,2,0,52,1,1,8,2,2,2760,14630,1,0,13,3,3,0,2,3,3,2,2,2,2,0.47962464158484663,2.3333333333333335,0,920.0
34,1,560,1,1,4,4,4,1,91,3,1,6,1,0,2996,20284,5,0,14,3,3,2,10,2,3,4,3,1,3,0.6849565614997714,2.6666666666666665,0,272.3636363636364
49,2,1091,1,1,2,5,3,0,90,2,4,0,3,2,13964,17810,7,1,12,3,4,0,25,2,3,7,1,0,7,3.192501143118427,3.3333333333333335,0,537.0769230769231
24,2,1371,2,10,4,2,4,0,77,3,2,7,3,0,4260,5915,1,1,12,3,4,1,5,2,4,5,2,0,3,0.7402902076635677,3.6666666666666665,0,710.0
22,1,1368,1,4,1,5,3,1,99,2,1,2,3,2,3894,9129,5,0,16,3,3,0,4,3,3,2,2,1,2,0.8902606310013718,3.0,0,778.8
30,0,990,1,7,3,5,3,1,64,3,1,6,3,0,1274,7152,1,0,13,3,2,2,1,2,2,1,0,0,0,0.2912665752171925,2.6666666666666665,1,637.0
44,2,200,1,29,4,4,4,1,32,3,2,6,4,2,4541,7744,1,0,25,4,2,0,20,3,3,20,11,13,17,1.0381801554641061,3.3333333333333335,0,216.23809523809524
30,2,1358,1,24,1,1,4,1,67,3,1,2,3,0,2693,13335,1,0,22,4,2,1,1,2,3,1,0,0,0,0.6156835848193873,3.0,0,1346.5
27,1,994,2,8,3,1,4,1,37,3,3,7,3,2,8726,2975,1,0,15,3,4,0,9,0,3,9,8,1,7,1.5163784864019463,3.6666666666666665,0,872.6
30,2,852,2,10,3,2,3,1,72,2,2,7,3,1,6578,2706,1,0,18,3,1,1,10,3,3,10,3,1,4,1.143105395777218,2.3333333333333335,0,598.0
24,2,771,1,1,2,1,2,1,45,2,2,0,3,2,4617,14120,1,0,12,3,2,0,4,2,2,4,3,1,2,1.0555555555555556,2.3333333333333335,1,923.4
33,2,501,1,15,2,3,2,0,95,3,2,0,4,1,4878,21653,0,1,13,3,1,1,10,6,3,9,7,8,1,1.1152263374485596,2.3333333333333335,0,443.45454545454544
43,1,185,1,10,4,1,3,0,33,3,1,2,4,2,2455,10675,0,0,19,3,1,0,9,5,3,8,7,1,7,0.5612711476909008,2.6666666666666665,0,245.5
34,2,1111,2,8,2,1,3,0,93,3,2,7,1,1,6500,13305,5,0,17,3,2,1,6,1,3,3,2,1,2,1.1295507863411243,2.0,0,928.5714285714286
46,1,1211,2,5,4,2,1,1,98,3,2,7,4,2,5772,20445,4,1,21,4,3,0,14,4,3,9,6,0,8,1.0030410982709184,2.6666666666666665,0,384.8
50,1,1115,1,1,3,1,1,0,73,3,5,5,2,1,18172,9755,3,1,19,3,1,0,28,1,2,8,3,0,7,4.154549611339735,1.3333333333333333,1,626.6206896551724
37,2,625,2,1,4,1,1,1,46,2,3,7,3,1,10609,14922,5,0,11,3,3,0,17,2,1,14,1,11,7,1.8436006603527675,2.3333333333333335,1,589.3888888888889
29,1,442,2,2,2,1,2,1,44,3,2,7,4,2,4554,20260,1,0,18,3,1,0,10,3,2,10,7,0,9,0.791380658614997,2.3333333333333335,1,414.0
44,1,383,2,1,5,2,1,0,79,3,2,7,3,1,4768,9282,7,0,12,3,3,1,11,4,2,1,0,0,0,0.8285689460422279,2.3333333333333335,1,397.3333333333333
44,2,1467,1,20,3,1,4,1,49,3,1,6,2,2,3420,21158,1,0,13,3,3,0,6,3,2,5,2,1,3,0.7818930041152263,3.0,1,488.57142857142856
35,0,727,1,3,3,1,3,1,41,2,1,2,3,1,1281,16900,1,0,18,3,3,2,1,3,3,1,0,0,0,0.29286694101508914,3.0,0,640.5
54,1,966,1,1,4,1,4,0,53,3,3,4,3,0,10502,9659,7,0,17,3,1,1,33,2,1,5,4,1,4,2.4010059442158207,2.6666666666666665,1,308.88235294117646
48,2,530,2,29,1,3,1,0,91,3,3,3,3,1,12504,23978,3,0,21,4,2,1,15,3,1,0,0,0,0,2.172908158832218,2.0,1,781.5
31,1,853,1,1,1,1,3,0,96,3,2,4,1,1,4148,11275,1,0,12,3,3,1,4,1,3,4,3,0,3,0.9483310470964792,2.3333333333333335,0,829.6
32,2,824,1,5,2,1,4,0,67,2,2,6,2,1,5878,15624,3,0,12,3,1,1,12,2,3,7,1,2,5,1.3438500228623684,2.3333333333333335,0,452.15384615384613
42,2,635,2,1,1,1,2,1,99,3,2,7,3,1,4907,24532,1,0,25,4,3,0,20,3,3,20,16,11,6,0.8527239551655227,2.6666666666666665,0,233.66666666666666
31,1,874,1,15,3,3,3,1,72,3,1,2,3,1,2610,6233,1,0,12,3,3,1,2,5,2,2,2,2,2,0.5967078189300411,3.0,1,870.0
36,2,885,1,16,4,1,3,0,43,4,1,2,1,2,2743,8269,1,0,16,3,3,0,18,1,3,17,13,15,14,0.6271147690900777,2.3333333333333335,0,144.3684210526316
39,2,116,1,24,1,1,1,1,52,3,2,6,4,2,4108,5340,7,0,13,3,1,0,18,2,3,7,7,1,7,0.9391860996799268,2.0,0,216.21052631578948
29,2,224,1,1,4,5,1,1,100,2,1,6,1,2,2362,7568,6,0,13,3,3,0,11,2,1,9,7,0,7,0.5400091449474166,1.6666666666666667,1,196.83333333333334
26,2,1167,2,5,3,4,4,0,30,2,1,8,3,2,2966,21378,0,0,18,3,4,0,5,2,3,4,2,0,0,0.5154227126596577,3.6666666666666665,0,494.3333333333333
34,0,1362,2,19,3,2,1,1,67,4,2,7,4,2,5304,4652,8,1,13,3,2,0,9,3,2,5,2,0,4,0.9217134416543574,2.3333333333333335,1,530.4
46,2,1319,2,3,3,5,1,0,45,4,4,7,1,0,13225,7739,2,0,12,3,4,1,25,5,3,19,17,2,8,2.298201407594057,2.0,0,508.65384615384613
38,1,594,1,2,2,3,3,0,75,2,1,2,2,1,2468,15963,4,0,14,3,2,1,9,4,2,6,1,0,5,0.5642432556012803,2.3333333333333335,1,246.8
55,2,1136,1,1,4,3,2,1,81,4,4,5,4,0,14732,12414,2,0,13,3,4,2,31,4,4,7,7,0,0,3.3680841335162324,3.3333333333333335,0,460.375
39,2,903,2,2,5,1,1,1,41,4,3,7,3,2,7880,2560,0,0,18,3,4,0,9,3,3,8,7,0,7,1.3693631071335477,2.6666666666666665,0,788.0
40,0,1094,2,28,3,4,3,1,58,1,3,7,1,0,10932,11373,3,0,15,3,3,1,20,2,3,1,0,0,1,1.8997306455817187,2.3333333333333335,0,520.5714285714286
34,1,303,2,2,4,2,3,0,75,3,1,8,3,1,2231,11314,6,0,18,3,4,1,6,3,3,4,3,1,2,0.38769658528108436,3.3333333333333335,0,318.7142857142857
29,2,408,1,25,5,5,3,0,71,2,1,6,2,1,2546,18300,5,0,16,3,2,0,6,2,4,2,2,1,1,0.5820759030635574,2.3333333333333335,0,363.7142857142857
56,2,310,1,7,2,5,4,1,72,3,1,2,3,1,2339,3666,8,0,11,3,4,1,14,4,1,10,9,9,8,0.534750800182899,3.6666666666666665,1,155.93333333333334
32,2,234,2,1,4,3,2,1,68,2,1,8,2,1,2269,18024,0,0,14,3,2,1,3,2,3,2,2,2,2,0.3943001129550786,2.0,0,567.25
53,2,1395,1,24,4,3,2,1,48,4,3,0,4,1,7005,3458,3,0,15,3,3,0,11,2,3,4,3,1,2,1.601508916323731,3.0,0,583.75
23,2,1243,1,6,3,1,3,1,63,4,1,2,1,1,1601,3445,1,1,21,4,3,2,1,2,3,0,0,0,0,0.366026520347508,2.3333333333333335,0,800.5
35,0,1212,2,8,2,2,3,0,78,2,3,7,4,1,10377,13755,4,1,11,3,2,1,16,6,2,13,2,4,12,1.8032843861325918,3.0,1,610.4117647058823
48,2,277,1,6,3,1,1,1,97,2,2,0,3,2,4240,13119,2,0,13,3,4,0,19,0,3,2,2,2,2,0.9693644261545497,2.6666666666666665,0,212.0
26,0,265,2,29,2,3,2,1,79,1,2,7,1,2,4969,21813,8,0,18,3,4,0,7,6,3,2,2,2,2,0.8634981318967765,2.3333333333333335,0,621.125
35,1,664,1,1,3,3,2,1,79,3,1,6,1,1,2194,5868,4,0,13,3,4,1,5,2,2,3,2,1,2,0.5016003657978967,2.3333333333333335,1,365.6666666666667
35,1,1199,1,18,4,1,3,1,80,3,2,0,3,1,5689,24594,1,1,14,3,4,2,10,2,4,10,2,0,2,1.3006401463191586,3.3333333333333335,0,517.1818181818181
38,2,362,1,1,1,1,3,0,43,3,1,6,1,2,2619,14561,3,0,17,3,4,0,8,3,2,0,0,0,0,0.5987654320987654,2.6666666666666665,1,291.0
55,2,1117,2,18,5,1,1,0,83,3,4,3,2,2,16835,9873,3,0,23,4,4,0,37,2,3,10,9,7,7,2.925536536623512,2.3333333333333335,0,443.0263157894737
37,2,558,2,2,3,2,4,1,75,3,2,7,3,1,9602,3010,4,1,11,3,3,1,17,3,2,3,0,1,0,1.6686071769919193,3.3333333333333335,1,533.4444444444445
30,2,945,2,9,3,3,2,1,89,3,1,8,4,2,1081,16019,1,0,13,3,3,0,1,3,2,1,0,0,0,0.1878529846207316,3.0,1,540.5
51,2,1318,2,26,4,2,1,0,66,3,4,3,3,1,16307,5594,2,0,14,3,3,1,29,2,2,20,6,4,17,2.833782257363802,2.3333333333333335,1,543.5666666666667
31,1,798,1,7,2,1,3,0,48,2,3,4,3,1,8943,14034,1,0,24,4,1,1,10,2,3,10,9,8,9,2.044581618655693,2.3333333333333335,0,813.0
57,2,210,2,29,3,2,1,1,56,2,4,3,4,0,14118,22102,3,0,12,3,3,1,32,3,2,1,0,0,0,2.453384307932922,2.6666666666666665,1,427.8181818181818
32,2,646,1,9,4,1,1,0,92,3,2,6,4,1,6322,18089,1,1,12,3,4,1,6,2,2,6,4,0,5,1.4453589391860997,3.0,1,903.1428571428571
41,2,167,1,12,4,1,2,1,46,3,1,2,4,1,4766,9051,3,1,11,3,1,1,6,4,3,1,0,0,0,1.089620484682213,2.3333333333333335,0,680.8571428571429
38,1,1490,1,2,2,1,4,1,42,3,1,2,4,1,1702,12106,1,1,23,4,3,1,1,3,3,1,0,0,0,0.3891175125743027,3.6666666666666665,0,851.0
27,1,591,1,2,3,3,4,1,87,3,1,6,4,2,2580,6297,2,0,13,3,3,0,6,0,2,4,2,1,2,0.5898491083676269,3.6666666666666665,1,368.57142857142856
37,0,142,2,9,4,3,1,1,69,3,3,7,2,0,8834,24666,1,0,13,3,4,1,9,6,3,9,5,7,7,1.5351464071596141,2.3333333333333335,0,883.4
44,2,1488,2,1,5,2,2,0,75,3,2,7,1,0,5454,4009,5,1,21,4,3,1,9,2,2,4,3,1,3,0.9477799982622296,2.0,1,545.4
29,2,1389,1,21,4,1,2,0,51,4,3,4,1,0,9980,10195,1,0,11,3,3,1,10,1,3,10,9,8,8,2.2816643804298127,2.0,0,907.2727272727273
35,2,776,2,1,4,2,3,1,32,2,2,7,1,2,4312,23016,0,0,14,3,2,0,16,2,3,15,13,2,8,0.7493266139542967,2.0,0,253.64705882352942
30,2,793,1,16,1,1,2,1,33,3,1,6,4,1,2862,3811,1,0,12,3,2,1,10,2,2,10,0,0,8,0.654320987654321,2.6666666666666665,1,260.1818181818182
38,2,397,1,2,2,3,4,0,54,2,3,4,3,1,7756,14199,3,1,19,3,4,1,10,6,4,5,4,0,2,1.7732053040695015,3.6666666666666665,0,705.0909090909091
34,2,1400,2,9,1,1,2,0,70,3,2,7,3,1,5714,5829,1,0,20,4,1,0,6,3,2,6,5,1,3,0.9929620297158746,2.0,1,816.2857142857143
42,2,265,2,5,2,2,4,1,90,3,5,3,3,1,18303,7770,6,0,13,3,2,0,21,3,4,1,0,0,0,3.1806412372925537,3.0,0,831.9545454545455
48,2,855,1,4,3,1,4,1,54,3,3,4,4,2,7898,18706,1,0,11,3,3,0,11,2,3,10,9,0,8,1.8056698673982625,3.6666666666666665,0,658.1666666666666
39,2,408,1,2,4,5,4,0,80,2,2,0,3,2,4553,20978,1,0,11,3,1,0,20,4,3,20,7,11,10,1.0409236396890718,2.6666666666666665,0,216.8095238095238
49,0,1002,1,18,4,1,4,1,92,3,2,4,4,0,6804,23793,1,1,15,3,1,2,7,0,3,7,7,1,7,1.5555555555555556,3.0,0,850.5
41,2,896,2,6,3,1,4,0,75,3,3,3,4,2,13591,14674,3,1,18,3,3,0,16,3,3,1,0,0,0,2.3618038057172646,3.6666666666666665,0,799.4705882352941
30,2,1240,0,9,3,0,3,1,48,3,2,1,4,1,6347,13982,0,1,19,3,4,0,12,2,1,11,9,4,7,1.6332990221307258,3.6666666666666665,1,488.2307692307692
40,0,458,1,16,2,1,3,1,74,3,1,6,3,0,3544,8532,9,0,16,3,2,1,6,0,3,4,2,0,0,0.8102423411065386,2.6666666666666665,0,506.2857142857143
31,1,667,2,1,4,1,2,0,50,1,1,8,3,2,1359,16154,1,0,12,3,2,0,1,3,3,1,0,0,0,0.23616300286732123,2.3333333333333335,0,679.5
44,2,1112,0,1,4,1,1,0,50,2,2,1,3,2,5985,26894,4,0,11,3,2,0,10,1,4,2,2,0,2,1.540144107050952,2.0,0,544.0909090909091
29,2,1086,1,7,1,3,1,0,62,2,1,2,4,0,2532,6054,6,0,14,3,3,3,8,5,3,4,3,0,3,0.578875171467764,2.6666666666666665,0,281.3333333333333
38,1,508,1,6,4,1,1,1,72,2,2,4,3,1,5321,14284,2,0,11,3,4,1,10,1,3,8,3,7,7,1.216506630086877,2.6666666666666665,0,483.72727272727275
41,1,1018,2,1,3,2,3,0,66,3,2,7,1,0,4103,4297,0,0,17,3,4,1,10,2,3,9,3,1,7,0.7130072117473282,2.6666666666666665,0,373.0
33,2,586,2,1,3,3,1,1,48,4,2,7,1,0,4037,21816,1,0,22,4,1,1,9,5,3,9,8,0,8,0.7015379268398645,1.0,0,403.7
44,2,1313,1,7,3,3,2,0,31,3,5,5,4,0,19049,3549,0,1,14,3,4,1,23,4,2,22,7,1,10,4.3550525834476455,3.3333333333333335,1,793.7083333333334
36,0,427,1,8,3,1,1,0,63,4,3,5,1,1,11713,20335,9,0,14,3,1,1,10,2,3,8,7,0,5,2.6778692272519433,1.0,0,1064.8181818181818
34,2,304,2,2,3,4,4,1,60,3,2,7,4,2,6274,18686,1,0,22,4,3,0,6,5,3,6,5,1,4,1.0902771743852637,3.6666666666666665,0,896.2857142857143
46,2,705,2,2,4,2,2,0,83,3,5,3,1,2,18947,22822,3,0,12,3,4,0,22,2,2,2,2,2,1,3.292553653662351,2.3333333333333335,1,823.7826086956521
44,0,111,1,17,3,1,4,1,74,1,1,6,3,2,2290,4279,2,0,13,3,4,0,6,3,3,0,0,0,0,0.5235482395976223,3.6666666666666665,0,327.14285714285717
35,0,208,1,8,4,1,3,0,52,3,2,0,3,1,4148,12250,1,0,12,3,4,1,15,5,3,14,11,2,9,0.9483310470964792,3.3333333333333335,0,259.25
29,2,805,1,1,2,1,2,0,36,2,1,2,1,1,2319,6689,1,1,11,3,4,1,1,1,3,1,0,0,0,0.5301783264746228,2.3333333333333335,0,1159.5
38,2,827,1,1,4,1,2,0,33,4,2,0,4,2,7625,19383,0,0,13,3,3,0,10,4,2,9,7,1,8,1.7432556012802927,3.0,1,693.1818181818181
53,2,1084,1,13,2,3,4,0,57,4,2,4,1,0,4450,26250,1,0,11,3,3,2,5,3,3,4,2,1,3,1.0173754000914494,2.6666666666666665,0,741.6666666666666
50,2,797,1,4,1,1,1,1,96,3,5,5,2,0,19144,15815,3,0,14,3,1,2,28,4,2,10,4,1,6,4.376771833561957,1.3333333333333333,1,660.1379310344828
37,1,1231,2,21,2,3,3,0,54,3,1,8,4,1,2973,21222,5,0,15,3,2,1,10,3,3,5,4,0,0,0.516639151968025,3.0,0,270.27272727272725
37,2,370,1,10,4,3,4,1,58,3,2,4,1,2,4213,4992,1,0,15,3,2,0,10,4,1,10,3,0,8,0.9631915866483768,2.3333333333333335,1,383.0
38,2,688,1,23,4,1,4,1,82,3,2,0,4,0,5745,18899,9,0,14,3,2,1,10,2,3,2,2,1,2,1.313443072702332,3.3333333333333335,0,522.2727272727273
28,2,1423,1,1,3,1,1,1,72,2,1,6,3,0,1563,12530,1,0,14,3,4,1,1,2,1,1,0,0,0,0.35733882030178327,2.6666666666666665,1,781.5
55,1,1091,1,2,1,1,4,1,65,3,3,4,2,1,10976,15813,3,0,18,3,2,1,23,4,3,3,2,1,2,2.5093735711019662,2.6666666666666665,0,457.3333333333333
38,2,330,1,17,1,1,3,0,65,2,3,0,3,1,8823,24608,0,0,18,3,1,1,20,4,2,19,9,1,9,2.017146776406036,2.3333333333333335,1,420.14285714285717
45,2,1449,2,2,3,2,1,0,94,1,5,3,2,2,18824,2493,2,1,16,3,1,0,26,2,3,24,10,1,11,3.2711790772438962,1.3333333333333333,0,697.1851851851852
31,2,359,0,18,5,0,4,1,89,4,1,1,1,1,2956,21495,0,0,17,3,3,0,2,4,3,1,0,0,0,0.7606793618116315,2.6666666666666665,0,985.3333333333334
43,2,1273,1,2,2,3,4,0,72,4,1,6,3,0,2645,21923,1,0,12,3,4,2,6,3,2,5,3,1,4,0.6047096479195244,3.6666666666666665,1,377.85714285714283
40,2,1137,1,1,4,1,1,1,98,3,4,3,1,0,16823,18991,2,0,11,3,1,1,22,3,3,19,7,11,16,3.8461362597165065,1.0,0,731.4347826086956
30,2,1082,2,12,3,5,2,0,83,3,2,7,3,2,6577,19558,0,0,11,3,2,0,6,6,3,5,4,4,4,1.1429316187331653,2.3333333333333335,0,939.5714285714286
28,2,736,2,26,3,1,3,1,48,2,2,7,1,1,4724,24232,1,0,11,3,3,1,5,0,3,5,3,0,4,0.8209227561039186,2.3333333333333335,0,787.3333333333334
18,1,544,2,3,2,3,2,0,70,3,1,8,4,2,1569,18420,1,1,12,3,3,0,0,2,4,0,0,0,0,0.2726561821183422,3.0,0,1569.0
28,2,529,1,2,4,1,1,1,79,3,1,2,3,2,3485,14935,2,0,11,3,3,0,5,5,1,0,0,0,0,0.7967535436671239,2.3333333333333335,1,580.8333333333334
39,2,1162,2,3,2,3,4,0,41,3,2,7,3,1,5238,17778,4,1,18,3,1,0,12,3,2,1,0,0,0,0.9102441567468937,2.6666666666666665,1,402.9230769230769
25,1,772,1,2,1,1,4,1,77,4,2,4,3,0,5206,4973,1,0,17,3,3,2,7,6,3,7,7,0,7,1.190214906264289,3.3333333333333335,0,650.75
33,2,1242,2,8,4,1,1,1,46,3,2,7,1,1,6392,10589,2,0,13,3,4,1,8,6,1,2,2,2,2,1.1107828655834564,2.0,1,710.2222222222222
28,2,1475,2,13,2,2,4,0,84,3,2,7,3,2,9854,23352,3,1,11,3,4,0,6,0,3,2,0,2,2,1.7123989920931444,3.6666666666666665,0,1407.7142857142858
60,1,1499,2,28,3,2,3,0,80,2,3,7,1,1,10266,2845,4,0,19,3,4,0,22,5,4,18,13,13,11,1.7839951342427665,2.6666666666666665,0,446.3478260869565
42,1,481,2,12,3,1,3,1,44,3,4,7,1,2,13758,2447,0,1,12,3,2,0,22,2,2,21,9,13,14,2.390824572074029,2.0,1,598.1739130434783
34,2,970,1,8,2,3,2,0,96,3,2,0,3,2,6142,7360,3,0,11,3,4,0,10,2,3,5,1,4,3,1.404206675811614,3.0,0,558.3636363636364
47,2,249,2,2,2,2,3,0,35,3,2,7,4,1,4537,17783,0,1,22,4,1,1,8,2,3,7,6,7,7,0.7884264488661048,2.6666666666666665,0,504.1111111111111
56,2,832,1,9,3,3,3,1,81,3,4,0,4,1,11103,20420,7,0,11,3,3,0,30,1,2,10,7,1,1,2.53840877914952,3.3333333333333335,1,358.16129032258067
32,0,953,1,5,4,5,2,1,65,3,1,6,2,2,2718,17674,2,0,14,3,2,0,12,3,3,7,7,0,7,0.6213991769547325,2.0,0,209.07692307692307
49,2,1098,1,4,2,3,1,1,85,2,5,3,3,1,18711,12124,2,0,13,3,3,1,23,2,4,1,0,0,0,4.277777777777778,2.3333333333333335,0,779.625
37,1,889,1,9,3,3,2,1,53,3,1,6,4,1,2326,11411,1,1,12,3,3,3,4,3,2,4,2,1,2,0.5317786922725194,3.0,1,465.2
41,1,143,2,4,3,2,1,1,56,3,2,7,2,2,9355,9558,1,0,18,3,3,0,8,5,3,8,7,7,7,1.6256842471109567,2.0,0,1039.4444444444443
37,2,921,1,10,3,3,3,0,98,3,1,2,1,1,3452,17663,6,0,20,4,2,1,17,3,3,5,4,0,3,0.7892089620484682,2.0,0,191.77777777777777
28,1,467,2,7,3,1,3,1,55,3,2,7,1,2,4898,11827,0,0,14,3,4,0,5,5,3,4,2,1,3,0.8511599617690503,2.6666666666666665,0,816.3333333333334
27,1,1131,1,15,3,1,4,0,77,2,1,6,1,1,4774,23844,0,0,19,3,4,1,8,2,2,7,6,7,3,1.0914494741655236,3.0,1,530.4444444444445
34,2,1303,1,2,4,1,4,1,62,2,1,6,3,0,2768,8416,3,0,12,3,3,1,14,3,3,7,3,5,7,0.6328303612254229,3.3333333333333335,0,184.53333333333333
37,2,977,1,1,3,1,4,0,56,2,2,4,4,1,6474,9961,1,0,13,3,2,1,14,2,2,14,8,3,11,1.4801097393689986,3.3333333333333335,1,431.6
59,1,1225,2,1,1,1,1,0,57,2,2,7,3,2,5473,24668,7,0,11,3,4,0,20,2,2,4,3,1,3,0.9510817620992267,2.6666666666666665,1,260.6190476190476
31,2,655,1,7,4,1,4,1,48,3,2,2,4,0,5915,9528,3,0,22,4,4,1,10,3,2,7,7,1,7,1.3523090992226794,4.0,1,537.7272727272727
31,2,1082,1,1,4,3,3,1,87,3,1,6,2,2,2501,18775,1,0,17,3,2,0,1,4,3,1,1,1,0,0.571787837219936,2.3333333333333335,0,1250.5
36,2,506,1,3,3,5,3,1,30,3,2,6,2,2,4485,26285,4,0,12,3,4,0,10,2,3,8,0,7,7,1.0253772290809329,3.0,0,407.72727272727275
27,2,486,1,8,3,3,2,0,86,4,1,6,3,1,3517,22490,7,0,17,3,1,0,5,0,3,3,2,0,2,0.8040695016003658,2.0,0,586.1666666666666
40,2,1308,1,14,3,3,3,1,44,2,5,5,3,2,19626,17544,1,0,14,3,1,0,21,2,4,20,7,4,9,4.486968449931413,2.3333333333333335,0,892.0909090909091
25,2,685,1,1,3,1,1,0,62,3,2,4,3,1,4898,7505,0,0,12,3,4,2,5,3,3,4,2,1,2,1.1197988111568358,2.6666666666666665,0,816.3333333333334
41,0,267,2,10,2,1,4,1,56,3,2,7,4,2,6230,13430,7,0,14,3,4,0,16,3,3,14,3,1,10,1.0826309844469546,4.0,0,366.47058823529414
50,1,878,2,1,4,1,2,1,94,3,2,7,3,0,6728,14255,7,0,12,3,4,2,12,3,3,6,3,0,1,1.1691719523850899,3.0,0,517.5384615384615
24,1,535,2,24,3,3,4,1,38,3,1,8,4,1,2400,5530,0,0,13,3,3,2,3,3,3,2,2,2,1,0.4170649057259536,3.6666666666666665,0,600.0
33,2,536,2,10,5,2,4,1,82,4,3,7,3,0,8380,21708,0,1,14,3,4,2,10,3,3,9,8,0,8,1.456251629159788,3.6666666666666665,0,761.8181818181819
29,2,1396,2,10,3,1,3,1,99,3,1,8,3,2,2642,2755,1,0,11,3,3,0,1,6,3,1,0,0,0,0.4591189503866539,3.0,0,1321.0
42,2,1265,1,3,3,1,3,0,95,4,2,2,4,1,5231,23726,2,1,13,3,2,1,17,1,2,5,3,1,3,1.1959304983996342,3.0,1,290.6111111111111
42,2,1332,1,2,4,4,1,1,98,2,2,0,4,2,6781,17078,3,0,23,4,2,0,14,6,3,1,0,0,0,1.550297210791038,2.3333333333333335,0,452.06666666666666
33,0,1038,2,8,1,1,2,0,88,2,1,8,4,2,2342,21437,0,0,19,3,4,0,3,2,2,2,2,2,2,0.40698583717090975,3.3333333333333335,1,585.5
19,2,265,1,25,3,1,2,0,57,4,1,6,4,2,2994,21221,1,1,12,3,4,0,1,2,3,1,0,0,1,0.6844993141289437,3.3333333333333335,0,1497.0
26,2,1443,2,23,3,2,3,0,47,2,2,7,4,1,4157,21436,7,1,19,3,3,1,5,2,2,2,2,0,0,0.7223911721261621,3.3333333333333335,1,692.8333333333334
35,2,384,2,8,4,1,1,0,72,3,1,8,4,1,2572,20317,1,0,16,3,2,1,3,1,2,3,2,0,2,0.4469545573029803,2.3333333333333335,1,643.0
47,0,666,1,29,4,1,1,1,88,3,3,3,2,1,11849,10268,1,1,12,3,4,1,10,2,2,10,7,9,9,2.7089620484682215,2.3333333333333335,1,1077.1818181818182
30,1,1312,1,23,3,1,1,1,96,1,1,6,3,0,2613,22310,1,0,25,4,3,3,10,2,2,10,7,0,9,0.5973936899862826,2.3333333333333335,1,237.54545454545453
35,2,1349,1,7,2,1,3,1,63,2,1,2,4,1,2690,7713,1,0,18,3,4,1,1,5,2,1,0,0,1,0.6149977137631458,3.6666666666666665,1,1345.0
32,2,117,2,13,4,1,2,1,73,3,2,7,4,0,4403,9250,2,0,11,3,3,1,8,3,2,5,2,0,3,0.7651403249630724,3.0,1,489.22222222222223
34,2,401,1,1,3,1,4,0,86,2,1,2,2,1,3294,3708,5,0,17,3,1,1,7,2,2,5,4,0,2,0.7530864197530864,2.3333333333333335,1,411.75
55,2,725,1,2,3,3,4,1,78,3,5,3,1,1,19859,21199,5,1,13,3,4,1,24,2,3,5,2,1,4,4.540237768632831,3.0,0,794.36
50,0,881,1,2,4,1,1,1,98,3,4,3,1,0,17924,4544,1,0,11,3,4,1,31,3,3,31,6,14,7,4.09785093735711,2.0,0,560.125
36,2,329,1,2,3,1,4,0,96,3,1,6,3,1,2543,11868,4,0,13,3,2,1,6,3,3,2,2,2,2,0.581390032007316,3.0,0,363.2857142857143
50,1,1234,1,20,5,3,2,1,41,3,4,0,3,1,11245,20689,2,1,15,3,3,1,32,3,3,30,8,12,13,2.5708733424782806,2.6666666666666665,0,340.75757575757575
28,2,1485,1,12,1,1,3,0,79,3,1,2,4,1,2515,22955,1,1,11,3,4,0,1,4,2,1,1,0,0,0.5749885688157294,3.6666666666666665,1,1257.5
31,2,1463,1,23,3,3,2,1,64,2,2,0,4,1,5582,14408,0,0,21,4,2,1,10,2,3,9,0,7,8,1.2761774119798812,2.6666666666666665,0,507.45454545454544
36,2,1174,2,3,4,2,1,0,99,3,2,7,2,2,9278,20763,3,1,16,3,4,0,15,3,3,5,4,0,1,1.6123034147189157,2.3333333333333335,0,579.875
27,1,294,1,10,2,1,4,1,32,3,3,4,1,0,8793,4809,1,0,21,4,3,2,9,4,2,9,7,1,7,2.0102880658436213,2.6666666666666665,1,879.3
32,2,1401,2,4,2,1,3,0,56,3,1,8,2,1,3931,20990,2,0,11,3,1,1,6,5,3,4,3,1,2,0.6831175601703015,2.0,0,561.5714285714286
25,2,180,1,2,1,3,1,1,65,4,1,6,1,2,3424,21632,7,0,13,3,3,0,6,3,2,4,3,0,1,0.7828074988568816,1.6666666666666667,1,489.14285714285717
40,2,1398,2,2,4,1,3,0,79,3,5,3,3,1,18041,13022,0,0,14,3,4,0,21,2,3,20,15,1,12,3.1351116517508038,3.3333333333333335,0,820.0454545454545
49,2,301,1,22,4,4,1,0,72,3,4,5,2,1,16413,3498,3,0,16,3,2,2,27,2,3,4,2,1,2,3.752400548696845,1.6666666666666667,0,586.1785714285714
33,1,1296,1,6,3,1,3,1,30,3,2,0,4,0,7725,5335,3,0,23,4,3,1,15,2,1,13,11,4,7,1.7661179698216736,3.3333333333333335,1,482.8125
32,2,827,1,1,1,1,4,1,71,3,1,6,1,2,2956,15178,1,0,13,3,4,0,1,2,3,1,0,0,0,0.675811614083219,3.0,0,1478.0
36,2,1157,2,2,4,1,3,1,70,3,1,8,4,2,2644,17001,3,1,21,4,4,0,7,3,2,3,2,1,2,0.4594665044747589,3.6666666666666665,1,330.5
51,2,1405,1,11,2,5,4,0,82,2,4,4,2,2,13142,24439,3,0,16,3,2,0,29,1,2,5,2,0,3,3.004572473708276,2.6666666666666665,1,438.06666666666666
30,1,448,2,12,4,1,2,1,74,2,1,8,1,1,2033,14470,1,0,18,3,3,1,1,2,4,1,0,0,0,0.3532887305586932,2.0,0,1016.5
54,2,584,1,22,5,3,2,0,91,3,4,3,3,1,17426,18685,3,0,25,4,3,1,36,6,3,10,8,4,7,3.9839963420210336,2.6666666666666665,0,470.97297297297297
31,1,1125,2,7,4,2,1,0,68,3,3,7,1,1,9637,8277,2,0,14,3,4,2,9,3,3,3,2,2,2,1.6746893735337562,2.0,0,963.7
35,2,802,1,10,3,4,2,1,45,3,1,2,4,0,3917,9541,1,0,20,4,1,1,3,4,2,3,2,1,2,0.8955189757658893,2.3333333333333335,1,979.25
47,2,207,1,9,4,1,2,0,64,3,1,2,3,2,2105,5411,4,0,12,3,3,0,7,2,3,2,2,2,0,0.4812528577960677,2.6666666666666665,0,263.125
45,2,974,1,1,4,3,4,0,91,3,1,2,4,0,2270,11005,3,0,14,3,4,2,8,2,3,5,3,0,2,0.5189757658893461,4.0,0,252.22222222222223
27,2,269,1,5,1,5,3,1,42,2,3,5,4,0,12808,8842,1,1,16,3,2,1,9,3,3,9,8,0,8,2.928212162780064,3.0,0,1280.8
47,2,1001,1,4,3,1,3,0,92,2,3,4,2,0,10333,19271,8,1,12,3,3,1,28,4,3,22,11,14,10,2.3623685413808873,2.6666666666666665,0,356.3103448275862
55,2,1229,1,4,4,1,4,1,30,3,2,0,3,1,4035,16143,0,1,16,3,2,0,4,2,3,3,2,1,2,0.9224965706447188,3.0,0,807.0
54,2,397,0,19,4,3,3,1,88,3,3,1,2,1,10725,6729,2,0,15,3,3,1,16,1,4,9,7,7,1,2.7599073597529595,2.6666666666666665,0,630.8823529411765
31,2,1232,1,7,4,3,3,0,39,3,3,4,4,2,7143,25713,1,1,14,3,3,0,11,2,2,11,9,4,10,1.6330589849108368,3.3333333333333335,1,595.25
41,2,1276,2,2,5,1,2,0,91,3,4,3,1,1,16595,5626,7,0,16,3,2,1,22,2,3,18,16,11,8,2.8838300460509165,1.6666666666666667,0,721.5217391304348
29,1,995,1,2,1,1,1,1,87,3,2,0,4,0,8853,24483,1,0,19,3,4,1,6,0,4,6,4,1,3,2.02400548696845,3.0,0,1264.7142857142858
39,2,1462,2,6,3,3,4,1,38,4,3,7,3,1,8237,4658,2,0,11,3,1,1,11,3,3,7,6,7,6,1.4314015118602832,2.6666666666666665,0,686.4166666666666
39,2,1132,1,1,3,3,3,1,48,4,3,0,4,0,9613,10942,0,0,17,3,1,3,19,5,2,18,10,3,7,2.1977594878829447,2.6666666666666665,1,480.65
31,2,1222,1,11,4,1,4,1,48,3,1,6,4,1,2356,14871,3,1,19,3,2,1,8,2,3,6,4,0,2,0.5386374028349337,3.3333333333333335,0,261.77777777777777
35,2,1276,1,16,3,1,4,1,72,3,3,0,3,1,7632,14295,4,1,12,3,3,0,10,2,3,8,7,0,0,1.7448559670781894,3.3333333333333335,0,693.8181818181819
24,2,506,1,29,1,3,2,1,91,3,1,2,1,0,3907,3622,1,0,13,3,2,3,6,2,4,6,2,1,2,0.8932327389117513,1.6666666666666667,0,558.1428571428571
27,1,472,1,1,1,5,3,1,60,2,2,4,1,1,4298,9679,5,0,19,3,3,1,6,1,3,2,2,2,0,0.9826245999085506,2.3333333333333335,0,614.0
26,2,390,1,17,4,3,4,1,62,1,1,2,3,1,2305,6217,1,0,15,3,3,3,3,3,4,3,2,0,2,0.5269775948788294,3.3333333333333335,0,576.25
43,2,782,1,6,4,4,2,1,50,2,4,5,4,0,16627,2671,4,1,14,3,3,1,21,3,2,1,0,0,0,3.8013260173754,3.0,1,755.7727272727273
27,2,1103,1,14,3,1,1,1,42,3,1,6,1,1,2235,14377,1,1,14,3,4,2,9,3,2,9,7,6,8,0.5109739368998628,2.0,1,223.5
36,1,884,1,23,2,3,3,1,41,4,2,2,4,1,2571,12290,4,0,17,3,3,1,17,3,3,5,2,0,3,0.5877914951989026,3.3333333333333335,0,142.83333333333334
31,1,754,2,26,4,2,1,1,63,3,2,7,4,1,5617,21075,1,1,11,3,3,0,10,4,3,10,7,0,8,0.9761056564427839,2.6666666666666665,0,510.6363636363636
50,2,691,1,2,3,3,3,1,64,3,4,5,3,1,17639,6881,5,0,16,3,4,0,30,3,3,4,3,0,3,4.032693187014175,3.3333333333333335,0,569.0
33,0,750,2,22,2,2,3,1,95,3,2,7,2,1,6146,15480,0,0,13,3,1,1,8,2,4,7,7,0,7,1.0680337127465462,2.0,0,682.8888888888889
36,0,217,1,18,4,1,1,1,78,3,2,4,4,2,7779,23238,2,0,20,4,1,0,18,0,3,11,9,0,9,1.7784636488340193,2.0,0,409.42105263157896
36,2,1041,0,13,3,0,3,1,36,3,1,1,2,1,2143,25527,4,0,13,3,2,1,8,2,3,5,2,0,4,0.5514668039114771,2.3333333333333335,0,238.11111111111111
29,0,1496,1,1,1,5,4,1,41,3,2,4,3,1,4319,26283,1,0,13,3,1,1,10,1,3,10,7,0,9,0.9874256973022405,2.6666666666666665,0,392.6363636363636
26,2,1355,0,25,1,1,3,0,61,3,1,1,3,1,2942,8916,1,0,23,4,4,1,8,3,3,8,7,5,7,0.7570766855378281,3.3333333333333335,0,326.8888888888889
43,0,1344,1,7,3,3,4,1,37,4,1,6,4,0,2089,5228,4,0,14,3,4,3,7,3,4,5,4,2,2,0.47759487882944673,4.0,0,261.125
34,2,204,2,14,3,5,3,0,31,3,1,8,3,0,2579,2912,1,1,18,3,4,2,8,3,3,8,2,0,6,0.4481709966113476,3.3333333333333335,0,286.55555555555554
47,0,543,2,2,4,2,3,1,87,3,2,7,2,1,4978,3536,7,0,11,3,4,1,4,3,1,1,0,0,0,0.8650621252932488,3.0,1,995.6
45,2,1385,1,20,2,3,3,1,79,3,4,0,4,1,13496,7501,0,1,14,3,2,0,21,2,3,20,7,4,10,3.0855052583447646,3.0,0,613.4545454545455
47,2,359,1,2,4,3,1,0,82,3,4,5,3,1,17169,26703,3,0,19,3,2,2,26,2,4,20,17,5,6,3.9252400548696844,2.0,0,635.8888888888889
32,2,414,2,2,4,2,3,1,82,2,2,7,2,2,9907,26186,7,1,12,3,3,0,7,3,2,2,2,2,2,1.721609175427926,2.6666666666666665,1,1238.375
53,2,447,1,2,3,3,4,1,39,4,4,5,2,2,16598,19764,4,0,12,3,2,0,35,2,2,9,8,8,8,3.7946959304983996,2.6666666666666665,1,461.05555555555554
34,2,131,2,2,3,2,3,0,86,3,2,7,1,2,4538,6039,0,1,12,3,4,0,4,3,3,3,2,0,2,0.7886002259101572,2.6666666666666665,0,907.6
39,2,524,1,18,2,1,1,1,32,3,2,4,3,2,4534,13352,0,0,11,3,1,0,9,6,3,8,7,1,7,1.0365797896662095,1.6666666666666667,0,453.4
28,0,120,2,4,3,3,2,1,43,3,2,7,3,1,4221,8863,1,0,15,3,2,0,5,3,4,5,4,0,4,0.7335129029455209,2.3333333333333335,0,703.5
48,1,117,1,22,3,3,4,0,58,3,4,3,4,0,17174,2437,3,0,11,3,2,1,24,3,3,22,17,4,7,3.9263831732967533,3.3333333333333335,0,686.96
37,2,1319,1,6,3,3,3,1,51,4,2,6,1,0,5974,17001,4,1,13,3,1,2,13,2,3,7,7,6,7,1.3657978966620943,1.6666666666666667,0,426.7142857142857
22,2,617,1,3,1,1,2,0,34,3,2,4,3,1,4171,10022,0,1,19,3,1,1,4,3,4,3,2,0,2,0.9535893918609968,2.0,0,834.2
46,2,1009,1,2,3,1,1,1,51,3,4,5,3,1,17861,2288,6,0,13,3,3,0,26,2,1,3,2,0,1,4.08344764517604,2.3333333333333335,1,661.5185185185185
46,2,717,1,13,4,1,3,1,34,3,2,0,2,2,5562,9697,6,0,14,3,4,0,19,3,3,10,7,0,9,1.271604938271605,3.0,0,278.1
47,2,703,2,14,4,2,4,1,42,3,2,7,1,2,4960,11825,2,0,12,3,4,0,20,2,3,7,7,1,7,0.8619341385003041,3.0,0,236.1904761904762
24,1,897,0,10,3,3,1,1,59,3,1,1,4,1,2145,2097,0,0,14,3,4,1,3,2,3,2,2,2,1,0.5519814719505919,3.0,0,536.25
42,2,1396,1,6,3,3,3,1,83,3,3,5,1,1,13348,14842,9,0,13,3,2,1,18,3,4,13,7,5,7,3.051668952903521,2.0,0,702.5263157894736
44,1,1193,1,2,1,3,2,1,86,3,3,4,3,2,10209,19719,5,1,18,3,2,0,16,2,2,2,2,2,2,2.3340192043895747,2.3333333333333335,1,600.5294117647059
44,2,1037,1,1,3,3,2,1,42,3,1,6,4,2,2436,13422,6,1,12,3,3,0,6,2,3,4,3,1,2,0.5569272976680384,3.0,0,348.0
54,2,971,1,1,3,3,4,0,54,3,4,5,4,2,17328,5652,6,0,19,3,4,0,29,3,2,20,7,12,7,3.96159122085048,4.0,1,577.6
45,2,176,0,4,3,1,3,0,56,1,3,1,3,1,9756,6595,4,0,21,4,3,2,9,2,4,5,0,0,3,2.510550694801853,3.0,0,975.6
27,0,443,1,3,3,3,4,1,50,3,1,6,4,1,1706,16571,1,0,11,3,3,3,0,6,2,0,0,0,0,0.39003200731595794,3.6666666666666665,1,1706.0
30,1,464,1,4,3,5,3,1,40,3,1,6,4,2,2285,3427,9,1,23,4,3,0,3,4,3,1,0,0,0,0.5224051211705533,3.3333333333333335,0,571.25
27,2,1134,1,16,4,5,3,0,37,3,1,2,2,1,2811,12086,9,0,14,3,2,1,4,2,3,2,2,2,2,0.6426611796982168,2.3333333333333335,0,562.2
29,2,1010,1,1,3,1,1,0,97,3,1,6,4,0,3760,5598,1,0,15,3,1,3,3,5,3,3,2,1,2,0.8596250571559213,2.0,0,940.0
26,1,887,1,5,2,3,3,0,88,2,1,6,3,1,2366,20898,1,1,14,3,1,1,8,2,3,8,7,1,7,0.5409236396890718,2.3333333333333335,0,262.8888888888889
36,2,1040,1,3,2,1,4,1,79,4,2,0,1,0,6842,26308,6,0,20,4,1,1,13,3,3,5,4,0,4,1.5642432556012802,2.0,0,488.7142857142857
29,2,738,1,9,5,4,2,1,30,2,1,2,4,2,3983,7621,0,0,17,3,3,0,4,2,3,3,2,2,2,0.9106081390032007,3.0,0,796.6
33,2,118,2,16,3,2,1,0,69,3,2,7,1,2,5324,26507,5,0,15,3,3,0,6,3,3,3,2,0,2,0.925188982535407,1.6666666666666667,0,760.5714285714286
54,2,1441,1,17,3,5,3,0,56,3,3,4,3,1,10739,13943,8,0,11,3,3,1,22,2,3,10,7,0,8,2.4551897576588932,3.0,0,466.9130434782609
31,2,1365,2,13,4,3,2,1,46,3,2,7,1,0,4233,11512,2,0,17,3,3,0,9,2,1,3,1,1,2,0.7355982274741507,2.0,1,423.3
40,2,1300,1,24,2,5,1,1,62,3,2,6,4,0,3319,24447,1,0,17,3,1,2,9,3,3,9,8,4,7,0.7588020118884317,2.0,0,331.9
47,2,1176,0,26,4,1,4,0,98,3,5,3,3,1,19658,5220,3,0,11,3,3,1,27,2,3,5,2,1,0,5.0586721564590835,3.3333333333333335,0,702.0714285714286
30,1,1312,1,2,4,5,4,0,78,2,1,6,1,2,4968,26427,0,0,16,3,4,0,10,2,3,9,7,0,7,1.1358024691358024,3.0,0,451.6363636363636
31,2,670,1,26,1,1,1,1,31,3,1,6,3,0,2911,15170,1,0,17,3,4,1,5,1,2,5,2,4,3,0.6655235482395976,2.6666666666666665,1,485.1666666666667
38,1,653,1,29,5,1,4,0,50,3,2,2,4,2,2406,5456,1,0,11,3,4,0,10,2,3,10,3,9,9,0.5500685871056241,4.0,0,218.72727272727272
35,2,1296,1,5,4,5,3,1,62,3,3,4,2,2,8095,18264,0,0,13,3,4,0,17,5,3,16,6,0,13,1.8507087334247827,3.0,0,449.72222222222223
56,2,1369,1,23,3,1,4,1,68,3,4,4,2,1,13402,18235,4,1,12,3,1,1,33,0,3,19,16,15,9,3.0640146319158665,2.3333333333333335,0,394.1764705882353
37,1,319,2,4,4,2,1,1,41,3,1,8,4,0,2793,2539,4,0,17,3,3,1,13,2,3,9,8,5,8,0.48535928403857853,2.6666666666666665,0,199.5
34,0,1065,2,23,4,2,2,1,72,3,2,7,3,2,4568,10034,0,0,20,4,3,0,10,2,3,9,5,8,7,0.7938135372317316,2.6666666666666665,0,415.27272727272725
41,2,1085,1,2,4,1,2,0,57,1,1,2,4,0,2778,17725,4,1,13,3,3,1,10,1,2,7,7,1,0,0.635116598079561,3.0,1,252.54545454545453
40,2,543,1,1,4,1,1,1,83,3,1,2,4,1,2406,4060,8,0,19,3,3,2,8,3,2,1,0,0,0,0.5500685871056241,2.6666666666666665,1,267.3333333333333
50,2,1126,1,1,2,3,4,1,66,3,4,5,4,0,17399,6615,9,0,22,4,3,1,32,1,2,5,4,1,3,3.9778235025148607,3.6666666666666665,1,527.2424242424242
39,0,1485,1,25,2,1,3,1,71,3,3,0,3,1,10920,3449,3,0,21,4,2,1,13,2,3,6,4,0,5,2.4965706447187928,2.6666666666666665,0,780.0
21,2,984,1,1,1,5,4,0,70,2,1,6,2,2,2070,25326,1,1,11,3,3,0,2,6,4,2,2,2,2,0.4732510288065844,3.0,0,690.0
38,0,1336,0,2,3,0,1,1,100,3,1,1,2,0,2592,7129,5,0,13,3,4,3,13,3,3,11,10,3,8,0.6670097786927431,2.3333333333333335,0,185.14285714285714
39,2,1253,1,10,1,3,3,1,65,3,3,5,3,2,13464,7914,7,0,21,4,3,0,9,3,3,4,3,2,2,3.078189300411523,3.0,0,1346.4
34,2,735,2,3,1,3,4,0,75,2,2,7,4,1,8103,16495,3,1,12,3,3,0,9,3,2,4,2,0,1,1.4081153879572508,3.6666666666666665,1,810.3
39,2,360,1,23,3,3,3,1,93,3,1,6,1,2,3904,22154,0,0,13,3,1,0,6,2,3,5,2,0,3,0.8925468678555099,1.6666666666666667,0,557.7142857142857
32,1,238,1,5,2,1,1,0,47,4,1,6,3,2,2432,15318,3,1,14,3,1,0,8,2,3,4,1,0,3,0.5560128029263832,1.6666666666666667,0,270.22222222222223
33,2,134,1,2,3,1,3,1,90,3,1,6,4,2,2500,10515,0,0,14,3,1,0,4,2,4,3,1,0,2,0.5715592135345222,2.6666666666666665,0,500.0
38,2,243,2,7,4,2,4,0,46,2,2,7,4,2,4028,7791,0,0,20,4,1,0,8,2,3,7,7,0,5,0.6999739334433921,3.0,0,447.55555555555554
45,2,1448,1,29,3,5,2,1,55,3,3,4,4,1,9380,14720,4,1,18,3,4,2,10,4,4,3,1,1,2,2.1444901691815272,3.3333333333333335,0,852.7272727272727
39,1,711,1,4,3,3,1,0,81,3,2,4,3,2,5042,3140,0,0,13,3,4,0,10,2,1,9,2,3,8,1.1527206218564243,2.6666666666666665,1,458.3636363636364
56,2,713,1,8,3,1,3,0,67,3,1,6,1,0,4257,13939,4,1,18,3,3,1,19,3,3,2,2,2,2,0.9732510288065843,2.3333333333333335,0,212.85
46,2,1485,1,18,3,3,3,0,87,3,2,4,3,0,4810,26314,2,0,14,3,3,1,19,5,2,10,7,0,8,1.0996799268404207,3.0,1,240.5
33,1,515,1,1,2,1,1,0,98,3,3,5,4,2,13458,15146,1,1,12,3,3,0,15,1,3,15,14,8,12,3.0768175582990396,2.6666666666666665,0,841.125
53,2,1376,2,2,2,3,3,1,45,3,4,3,3,0,14852,13938,6,0,13,3,3,1,22,3,4,17,13,15,2,2.5809366582674427,3.0,0,645.7391304347826
30,2,317,1,2,3,1,3,0,43,1,2,4,4,2,6091,24793,2,0,20,4,3,0,11,2,3,5,4,0,2,1.3925468678555097,3.3333333333333335,0,507.5833333333333
47,2,1482,1,5,5,1,4,1,42,3,5,5,3,1,18300,16375,4,0,11,3,2,1,21,2,3,3,2,1,1,4.183813443072703,3.0,0,831.8181818181819
25,2,810,2,8,3,1,4,1,57,4,2,7,2,1,4851,15678,0,0,22,4,3,1,4,4,3,3,2,1,2,0.8429924406985837,3.0,0,970.2
28,2,329,1,24,3,3,3,1,51,3,1,2,2,1,2408,7324,1,1,17,3,3,3,1,3,3,1,1,0,0,0.5505258344764518,2.6666666666666665,0,1204.0
35,2,556,1,23,2,1,2,1,50,2,2,4,3,1,5916,15497,3,1,13,3,1,0,8,1,3,1,0,0,1,1.3525377229080933,2.0,0,657.3333333333334
43,1,957,1,28,3,3,2,0,72,4,1,6,3,2,4739,16090,4,0,12,3,4,0,18,2,3,3,2,1,2,1.0834476451760402,3.0,0,249.42105263157896
43,2,1001,1,7,3,1,3,0,43,3,3,0,1,1,9985,9262,8,0,16,3,1,1,10,1,2,1,0,0,0,2.2828074988568816,1.6666666666666667,1,907.7272727272727
46,2,261,1,21,2,3,4,0,66,3,2,0,2,1,8926,10842,4,0,22,4,4,1,13,2,4,9,7,3,7,2.040695016003658,3.3333333333333335,0,637.5714285714286
22,2,1136,1,5,3,1,4,1,60,4,1,6,2,0,2328,12392,1,1,16,3,1,1,4,2,2,4,2,2,2,0.532235939643347,2.3333333333333335,1,465.6
42,2,647,2,4,4,2,2,1,45,3,2,7,1,2,5155,2253,7,0,13,3,4,0,9,3,4,6,4,1,5,0.8958206620905378,2.3333333333333335,0,515.5
34,2,1130,1,3,3,1,4,0,66,3,2,6,2,0,5433,19332,1,0,12,3,3,1,11,2,3,11,8,7,9,1.2421124828532235,3.0,0,452.75
48,2,1469,1,20,4,3,4,1,51,3,1,6,3,1,2259,5543,4,0,17,3,1,2,13,2,2,0,0,0,0,0.5164609053497943,2.6666666666666665,1,161.35714285714286
34,1,653,1,10,4,5,4,1,92,2,2,0,3,1,5063,15332,1,0,14,3,2,1,8,3,2,8,2,7,7,1.1575217192501144,3.0,1,562.5555555555555
55,2,111,2,1,2,1,1,1,70,3,3,7,4,1,10239,18092,3,0,14,3,4,1,24,4,3,1,0,1,0,1.7793031540533495,3.0,0,409.56
47,2,1180,1,25,3,3,1,1,84,3,3,0,3,2,8633,13084,2,0,23,4,2,0,25,3,3,17,14,12,11,1.973708276177412,2.0,0,332.03846153846155
52,0,715,1,19,4,3,4,1,41,3,1,6,4,1,4258,26589,0,0,18,3,1,1,5,3,3,4,3,1,2,0.9734796524919982,3.0,0,709.6666666666666
20,2,727,2,9,1,1,4,1,54,3,1,8,1,2,2728,21082,1,0,11,3,1,0,2,3,3,2,2,0,2,0.47406377617516726,2.0,0,909.3333333333334
35,2,1137,1,21,1,1,4,0,51,3,2,0,4,1,4014,19170,1,1,25,4,4,1,10,2,1,10,6,0,7,0.9176954732510288,4.0,1,364.90909090909093
44,2,1459,1,10,4,4,4,1,41,3,2,0,4,1,6465,19121,2,1,13,3,4,0,9,5,4,4,2,1,3,1.4780521262002744,4.0,0,646.5
23,2,885,1,4,3,3,1,1,58,4,1,6,1,1,2819,8544,2,0,16,3,1,1,5,3,4,3,2,0,2,0.6444901691815272,1.0,0,469.8333333333333
38,2,201,1,10,3,3,2,0,99,1,3,5,3,1,13206,3376,3,0,12,3,1,1,20,3,3,18,16,1,11,3.01920438957476,2.0,0,628.8571428571429
45,2,1038,1,20,3,3,2,1,95,1,3,0,1,0,10851,19863,2,1,18,3,2,1,24,2,3,7,7,0,7,2.48079561042524,1.6666666666666667,0,434.04
32,2,964,2,1,2,1,1,1,34,1,2,7,2,2,6735,12147,6,0,15,3,2,0,10,2,3,0,0,0,0,1.1703883916934572,1.6666666666666667,0,612.2727272727273
40,2,575,2,22,2,2,3,1,68,2,2,7,3,1,6380,6110,2,1,12,3,1,2,8,6,3,6,4,1,0,1.1086975410548268,2.3333333333333335,0,708.8888888888889
35,2,1361,2,17,4,1,3,1,94,3,2,7,1,1,8966,21026,3,1,15,3,4,3,15,2,3,7,7,1,7,1.5580849769745417,2.6666666666666665,0,560.375
53,2,346,1,6,3,1,4,1,86,3,2,2,4,2,2450,10919,2,0,17,3,4,0,19,4,3,2,2,2,2,0.5601280292638318,4.0,0,122.5
32,2,604,2,8,3,3,3,1,56,4,2,7,4,1,6209,11693,1,0,15,3,3,2,10,4,4,10,7,0,8,1.0789816665218526,3.3333333333333335,0,564.4545454545455
34,2,704,2,28,3,2,4,0,95,2,2,7,3,1,6712,8978,1,0,21,4,4,2,8,2,3,8,7,1,7,1.1663915196802503,3.6666666666666665,0,745.7777777777778
27,2,1157,1,17,3,5,3,1,51,3,1,6,2,1,3058,13364,0,1,16,3,4,1,6,3,2,5,2,1,1,0.6991312299954275,3.0,1,436.85714285714283
42,1,748,1,9,2,3,1,0,74,3,1,2,4,2,3673,16458,1,0,13,3,3,0,12,3,3,12,9,5,8,0.83973479652492,2.6666666666666665,0,282.53846153846155
28,1,783,2,1,2,1,3,1,42,2,2,7,4,1,6834,19255,1,1,12,3,3,1,7,2,3,7,7,0,7,1.187592319054653,3.3333333333333335,0,854.25
45,2,194,1,9,3,1,2,1,60,3,2,2,2,0,2348,10901,8,0,18,3,3,1,20,2,1,17,9,0,15,0.5368084133516232,2.3333333333333335,1,111.80952380952381
40,2,616,1,2,2,1,3,0,99,3,1,2,1,1,3377,25605,4,0,17,3,4,1,7,5,2,4,3,0,2,0.7720621856424326,2.6666666666666665,1,422.125
52,2,258,1,8,4,4,3,0,54,3,1,2,1,1,2950,17363,9,0,13,3,3,0,12,2,1,5,4,0,4,0.6744398719707362,2.3333333333333335,1,226.92307692307693
18,0,1124,1,1,3,1,4,0,97,3,1,2,4,2,1611,19305,1,0,15,3,3,0,0,5,4,0,0,0,0,0.3683127572016461,3.6666666666666665,0,1611.0
35,2,817,1,1,3,3,4,0,60,2,2,2,4,1,5363,10846,0,0,12,3,2,1,10,0,3,9,7,0,0,1.2261088248742569,3.3333333333333335,0,487.54545454545456
46,2,150,1,2,4,5,4,1,60,3,2,4,4,0,7379,17433,2,0,11,3,3,1,12,3,2,6,3,1,4,1.6870141746684957,3.6666666666666665,1,567.6153846153846
42,2,269,1,2,3,3,4,0,56,2,1,2,1,0,2593,8007,0,1,11,3,3,1,10,4,3,9,6,7,8,0.5928212162780064,2.6666666666666665,0,235.72727272727272
34,2,829,0,3,2,0,3,1,88,3,1,1,4,1,3737,2243,0,0,19,3,3,1,4,1,1,3,2,0,2,0.9616572310859496,3.3333333333333335,1,747.4
42,2,1059,1,9,2,4,4,1,93,2,5,3,4,2,19613,26362,8,0,22,4,4,0,24,2,3,1,0,0,1,4.483996342021033,4.0,0,784.52
53,2,868,2,8,3,2,1,1,73,3,4,7,4,1,11836,22789,5,0,14,3,3,1,28,3,3,2,0,2,2,2.0568250934051613,2.6666666666666665,0,408.13793103448273
30,2,1339,2,5,3,1,2,0,41,3,3,7,4,1,9419,8053,2,0,12,3,3,1,12,2,3,10,9,7,4,1.6368059779303155,3.0,0,724.5384615384615
54,2,548,1,8,4,1,3,0,42,3,2,2,3,2,3780,23428,7,0,11,3,3,0,19,3,3,1,0,0,0,0.8641975308641975,3.0,0,189.0
31,2,746,1,8,4,1,3,0,61,3,2,4,4,2,4424,20682,1,0,23,4,4,0,11,2,3,11,7,1,8,1.0114311842706905,3.6666666666666665,0,368.6666666666667
29,2,592,1,7,3,1,4,1,59,3,1,2,1,2,2062,19384,3,0,14,3,2,0,11,2,3,3,2,1,2,0.47142203932327387,2.3333333333333335,0,171.83333333333334
31,0,325,1,5,3,3,2,1,74,3,2,4,1,2,9936,3787,0,0,19,3,2,0,10,2,3,9,4,1,7,2.271604938271605,1.6666666666666667,0,903.2727272727273
31,2,1332,1,11,2,3,3,1,80,3,2,0,1,1,6833,17089,1,1,12,3,4,0,6,2,2,6,5,0,1,1.562185642432556,2.6666666666666665,1,976.1428571428571
33,1,1303,1,7,2,1,4,1,36,3,2,0,3,0,5968,18079,1,0,20,4,3,3,9,2,3,9,7,2,8,1.3644261545496112,3.3333333333333335,0,596.8
20,2,129,1,4,3,5,1,1,84,3,1,2,1,2,2973,13008,1,0,19,3,2,0,1,2,3,1,0,0,0,0.6796982167352538,1.3333333333333333,0,1486.5
49,2,1245,1,18,4,1,4,1,58,2,5,5,3,0,19502,2125,1,1,17,3,3,1,31,5,3,31,9,0,9,4.4586191129401005,3.3333333333333335,0,609.4375
49,2,1261,1,7,3,4,2,1,31,2,3,0,3,2,10965,12066,8,0,24,4,3,0,26,2,3,5,2,0,0,2.506858710562414,2.6666666666666665,0,406.1111111111111
55,1,135,1,18,4,3,3,1,62,3,2,0,2,1,6385,12992,3,1,14,3,4,2,17,3,3,8,7,6,7,1.4597622313671696,3.0,0,354.72222222222223
24,2,1127,1,18,1,1,2,1,52,3,1,2,3,1,2774,13257,0,0,12,3,3,1,6,2,3,5,3,1,2,0.6342021033379058,2.6666666666666665,0,396.2857142857143
58,2,601,1,7,4,3,3,0,53,2,3,4,1,1,10008,12023,7,1,14,3,4,0,31,0,2,10,9,5,9,2.288065843621399,2.6666666666666665,1,312.75
33,2,654,1,5,3,1,4,1,34,2,3,0,4,0,7119,21214,4,0,15,3,3,1,9,2,3,3,2,1,2,1.6275720164609053,3.6666666666666665,0,711.9
37,0,1413,1,5,2,5,3,1,84,4,1,2,3,2,3500,25470,0,0,14,3,1,0,7,2,1,6,5,1,3,0.8001828989483311,2.3333333333333335,1,437.5
37,2,290,1,21,3,1,2,1,65,4,1,6,1,1,3564,22977,1,1,12,3,1,1,8,3,2,8,7,1,7,0.8148148148148148,1.3333333333333333,1,396.0
24,2,1476,2,4,1,3,4,0,42,3,2,7,3,1,4162,15211,1,1,12,3,3,2,5,3,3,5,4,0,3,0.7232600573464245,3.3333333333333335,0,693.6666666666666
58,0,390,1,1,4,1,4,1,32,1,2,0,3,0,5660,17056,2,1,13,3,4,1,12,2,3,5,3,1,2,1.2940100594421582,3.6666666666666665,0,435.38461538461536
32,1,1125,1,16,1,1,2,0,72,1,1,6,1,2,3919,4681,1,1,22,4,2,0,10,5,3,10,2,6,7,0.895976223136717,1.6666666666666667,0,356.27272727272725
20,1,769,2,9,3,2,4,0,54,3,1,8,4,2,2323,17205,1,1,14,3,2,0,2,3,3,2,2,0,2,0.4036840733339126,3.3333333333333335,0,774.3333333333334
43,1,394,2,26,2,1,3,1,92,3,4,3,4,1,16959,19494,1,1,12,3,4,2,25,3,4,25,12,4,12,2.94708489008602,3.6666666666666665,0,652.2692307692307
33,2,217,2,10,4,2,2,1,43,3,2,7,3,2,5487,10410,1,0,14,3,2,0,10,2,2,10,4,0,9,0.9535146407159614,2.3333333333333335,1,498.8181818181818
33,2,211,2,16,3,1,1,0,74,3,3,7,1,2,8564,10092,2,1,20,4,3,0,11,2,2,0,0,0,0,1.4882266052654445,1.6666666666666667,1,713.6666666666666
32,2,906,2,7,3,1,4,1,91,2,2,7,3,1,5484,16985,1,0,14,3,3,1,13,3,2,13,8,4,8,0.952993309583804,3.3333333333333335,1,391.7142857142857
54,1,1050,1,11,4,3,2,0,87,3,4,3,4,0,16032,24456,3,0,20,4,1,1,26,2,3,14,9,1,12,3.6652949245541837,2.3333333333333335,0,593.7777777777778
31,2,329,1,1,2,1,4,1,98,2,1,2,1,1,2218,16193,1,0,12,3,3,1,4,3,3,4,2,3,2,0.507087334247828,2.6666666666666665,0,443.6
31,1,703,2,2,3,1,3,0,90,2,1,8,4,2,2785,11882,7,0,14,3,3,0,3,3,4,1,0,0,0,0.48396906768615866,3.3333333333333335,0,696.25
42,2,1210,1,2,3,3,3,1,68,2,1,2,2,1,4841,24052,4,0,14,3,2,1,4,3,3,1,0,0,0,1.1067672610882486,2.3333333333333335,0,968.2
42,2,419,2,12,4,2,2,1,77,3,2,7,4,0,5087,2900,3,1,12,3,3,2,14,4,3,0,0,0,0,0.8840038230949692,3.0,0,339.1333333333333
55,2,836,1,8,3,3,4,0,33,3,4,3,3,0,14756,19730,2,1,14,3,3,3,21,2,3,5,0,0,2,3.3735711019661636,3.3333333333333335,0,670.7272727272727
33,2,1099,1,4,4,3,1,0,82,2,1,2,2,1,3838,8192,8,0,11,3,4,0,8,5,3,5,4,0,2,0.8774577046181985,2.3333333333333335,0,426.44444444444446
30,2,138,1,22,3,1,1,0,48,3,1,6,3,1,2132,11539,4,1,11,3,2,0,7,2,3,5,2,0,1,0.4874256973022405,2.0,0,266.5
56,1,906,2,6,3,1,3,0,86,4,4,7,1,1,13212,18256,9,0,11,3,4,3,36,0,2,7,7,7,7,2.2959423060213746,2.6666666666666665,1,357.0810810810811
41,0,247,1,7,1,1,2,0,55,1,5,5,3,0,19973,20284,1,0,22,4,2,2,21,3,3,21,16,5,10,4.566300868770004,2.3333333333333335,0,907.8636363636364
25,2,959,2,28,3,1,1,1,41,2,2,7,3,1,8639,24835,2,0,18,3,4,0,6,3,3,2,2,2,2,1.5012598835693804,2.6666666666666665,0,1234.142857142857
31,2,326,2,8,2,1,1,1,31,3,3,7,4,0,10793,8386,1,0,18,3,1,1,13,5,3,13,7,9,9,1.8755756364584237,2.0,0,770.9285714285714
55,2,1441,1,22,3,5,1,1,94,2,1,6,2,0,3537,23737,5,0,12,3,4,1,8,1,3,4,2,1,2,0.808641975308642,2.3333333333333335,0,393.0
47,1,719,2,27,2,1,2,0,77,4,2,7,3,2,6397,10339,4,1,12,3,4,0,8,2,3,5,4,1,3,1.111651750803719,3.0,0,710.7777777777778
52,0,771,2,2,4,1,1,1,79,2,5,3,3,2,19068,21030,1,1,18,3,4,0,33,2,4,33,7,15,12,3.3135806759927013,2.6666666666666665,0,560.8235294117648
52,2,1030,2,5,3,1,2,1,64,3,3,7,2,2,8446,21534,9,1,19,3,3,0,10,2,2,8,7,7,7,1.4677209140672518,2.3333333333333335,1,767.8181818181819
33,2,147,1,4,4,3,3,0,47,2,1,6,2,1,2622,13248,6,0,21,4,4,0,7,3,3,3,2,1,1,0.5994513031550068,3.0,0,327.75
27,2,1469,1,1,2,3,4,1,82,3,1,2,2,0,3816,17881,1,0,11,3,2,1,5,2,3,5,2,0,4,0.8724279835390947,2.6666666666666665,0,636.0
35,2,1029,1,16,3,1,4,0,91,2,3,0,2,2,8606,21195,1,0,19,3,4,0,11,3,1,11,8,3,3,1.9675354366712392,3.3333333333333335,1,717.1666666666666
19,2,528,2,22,1,2,4,1,50,3,1,8,3,2,1675,26820,1,1,19,3,4,0,0,2,2,0,0,0,0,0.2910765487879051,3.6666666666666665,1,1675.0
36,1,688,1,4,2,1,4,0,97,3,2,4,2,0,5131,9192,7,0,13,3,2,3,18,3,3,4,2,0,2,1.1730681298582533,2.6666666666666665,0,270.05263157894734
45,2,950,1,28,3,5,4,1,97,3,1,6,4,1,2132,4585,4,0,20,4,4,1,8,3,3,5,4,0,3,0.4874256973022405,4.0,0,236.88888888888889
34,1,658,1,7,3,1,1,1,66,1,2,2,3,2,6074,22887,1,1,24,4,4,0,9,3,3,9,7,0,6,1.3886602652034752,2.6666666666666665,0,607.4
29,2,136,1,1,3,1,1,1,89,3,2,0,1,1,5373,6225,0,0,12,3,1,1,6,5,2,5,3,0,2,1.228395061728395,1.0,1,767.5714285714286
34,2,182,1,1,4,1,2,0,72,4,1,6,4,2,3280,13551,2,0,16,3,3,0,10,2,3,4,2,1,3,0.7498856881572931,3.0,0,298.1818181818182
41,2,796,2,4,1,2,3,0,81,3,3,7,3,0,10447,26458,0,1,13,3,4,1,23,3,4,22,14,13,5,1.8154487792162655,3.3333333333333335,0,435.2916666666667
31,2,741,1,2,4,1,2,1,69,3,1,2,3,1,3477,18103,1,0,14,3,4,1,6,2,4,5,2,0,3,0.7949245541838135,3.0,0,496.7142857142857
41,2,549,1,7,2,3,4,0,42,3,2,4,3,2,5003,23371,6,0,14,3,2,0,8,6,3,2,2,2,1,1.1438042981252858,3.0,0,555.8888888888889
49,2,465,1,6,1,1,3,0,41,2,4,0,3,1,13966,11652,2,1,19,3,2,1,30,3,3,15,11,2,12,3.1929583904892547,2.6666666666666665,0,450.51612903225805
32,1,689,2,9,2,3,4,1,35,1,2,7,4,0,4668,22812,0,0,17,3,4,3,9,2,4,8,7,0,7,0.8111912416369798,4.0,0,466.8
43,1,1422,2,2,4,1,1,1,92,3,2,7,4,1,5675,19246,1,0,20,4,3,1,7,5,3,7,7,7,7,0.9861847249978278,2.6666666666666665,0,709.375
40,2,1329,1,7,3,1,1,1,73,3,1,2,1,2,2166,3339,3,1,14,3,2,0,10,3,1,4,2,0,3,0.49519890260631,1.3333333333333333,1,196.9090909090909
28,2,821,2,5,4,3,1,1,98,3,2,7,4,2,4908,24252,1,0,14,3,2,0,4,3,3,4,2,0,2,0.8528977322095751,2.3333333333333335,0,981.6
36,2,676,1,1,3,4,3,0,35,3,2,4,2,1,5228,23361,0,0,15,3,1,1,10,2,3,9,7,0,5,1.1952446273433928,2.0,0,475.27272727272725
44,2,986,1,8,4,1,1,1,62,4,1,2,4,1,2818,5044,2,1,24,4,3,1,10,2,2,3,2,0,2,0.6442615454961134,2.6666666666666665,1,256.1818181818182
36,2,311,1,7,3,1,1,1,77,3,1,2,2,2,2013,10950,2,0,11,3,3,0,15,4,3,4,3,1,3,0.46021947873799723,2.0,0,125.8125
28,2,950,1,3,3,3,4,0,93,3,3,4,2,0,7655,8039,0,0,17,3,2,3,10,3,2,9,7,1,7,1.750114311842707,2.6666666666666665,1,695.9090909090909
21,2,156,2,12,3,1,3,0,90,4,1,8,2,2,2716,25422,1,0,15,3,4,0,1,0,3,1,0,0,0,0.4719784516465375,3.0,0,1358.0
30,1,600,0,8,3,0,3,0,66,2,1,1,4,0,2180,9732,6,0,11,3,3,1,6,0,2,4,2,1,2,0.5609881626351003,3.3333333333333335,1,311.42857142857144
26,2,1146,2,8,3,5,4,1,38,2,2,7,1,2,5326,3064,6,0,17,3,3,0,6,2,2,4,3,1,2,0.925536536623512,2.6666666666666665,1,760.8571428571429
40,0,1151,1,9,5,1,4,1,63,2,2,0,4,1,4876,14242,9,0,14,3,4,1,5,5,1,3,2,0,2,1.114769090077732,4.0,1,812.6666666666666
24,0,1269,1,4,1,1,1,1,46,2,1,2,4,1,3162,10778,0,0,17,3,4,0,6,2,2,5,2,3,4,0.7229080932784636,3.0,1,451.7142857142857
35,2,1214,1,1,3,3,2,1,30,2,1,6,3,2,2859,26278,1,0,18,3,1,0,6,3,3,6,4,0,4,0.6536351165980796,2.0,0,408.42857142857144
37,2,783,1,7,4,3,4,1,78,3,2,6,1,1,4284,13588,5,1,22,4,3,1,16,2,3,5,3,0,4,0.9794238683127572,2.6666666666666665,0,252.0
26,1,496,1,11,2,3,1,1,60,3,2,0,1,1,4741,22722,1,1,13,3,3,1,5,3,3,5,3,3,3,1.083904892546868,1.6666666666666667,0,790.1666666666666
46,2,669,2,9,2,3,3,1,64,2,3,7,4,2,9619,13596,1,0,16,3,4,0,9,3,3,9,8,4,7,1.6715613867408115,3.6666666666666665,0,961.9
28,2,866,2,5,3,3,4,1,84,3,2,7,1,2,8463,23490,0,0,18,3,4,0,6,4,3,5,4,1,3,1.470675123816144,3.0,0,1209.0
29,2,806,1,7,3,5,2,0,39,3,1,2,3,0,3339,17285,3,1,13,3,1,2,10,2,3,7,7,7,7,0.7633744855967078,2.0,0,303.54545454545456
36,2,172,1,4,4,1,1,1,37,2,2,2,4,2,5810,22604,1,0,16,3,3,0,10,2,2,10,4,1,8,1.3283036122542295,2.6666666666666665,1,528.1818181818181
30,2,125,1,9,2,3,4,1,83,2,1,2,3,2,2206,16117,1,0,13,3,1,0,10,5,3,10,0,1,8,0.5043438500228624,2.6666666666666665,0,200.54545454545453
29,1,806,1,1,4,1,2,1,76,1,1,6,4,0,2720,18959,1,0,18,3,4,1,10,5,3,10,7,2,8,0.6218564243255601,3.3333333333333335,0,247.27272727272728
29,2,726,1,29,1,1,4,1,93,1,2,0,3,0,6384,21143,8,0,17,3,4,2,11,3,3,7,0,1,6,1.4595336076817558,3.6666666666666665,0,532.0
34,2,1333,2,10,4,1,3,0,87,3,1,8,3,1,2220,18410,1,1,19,3,4,1,1,2,3,1,1,0,0,0.3857850377965071,3.3333333333333335,0,1110.0
32,2,859,1,4,3,1,3,0,98,2,2,4,3,1,6162,19124,1,0,12,3,3,1,14,3,3,14,13,6,8,1.4087791495198903,3.0,0,410.8
42,2,544,0,2,1,5,3,1,52,3,1,1,3,0,2696,24017,0,1,11,3,3,1,4,5,3,3,2,1,0,0.6937725167267113,3.0,0,539.2
30,2,911,1,1,2,3,4,1,76,3,1,2,2,1,3748,4077,1,0,13,3,3,0,12,6,2,12,8,1,7,0.8568815729309557,3.0,1,288.3076923076923
48,2,163,2,2,5,2,2,0,37,3,2,7,4,1,4051,19658,2,0,14,3,1,1,14,2,3,9,7,6,7,0.7039708054565992,2.3333333333333335,0,270.06666666666666
38,2,371,1,2,3,1,4,1,45,3,1,6,4,2,3944,4306,5,1,11,3,3,0,6,3,3,3,2,1,2,0.9016918152720622,3.6666666666666665,0,563.4285714285714
32,2,128,1,2,1,5,4,1,84,2,2,2,1,2,2176,19737,4,0,13,3,4,0,9,5,3,6,2,0,4,0.4974851394604481,3.0,0,217.6
35,2,1232,2,16,3,2,3,1,96,3,3,7,2,1,8020,5100,0,0,15,3,3,2,12,3,2,11,9,6,9,1.393691893300895,2.6666666666666665,1,616.9230769230769
44,2,528,0,1,3,1,3,0,44,3,1,1,4,0,3195,4167,4,1,18,3,1,3,8,2,3,2,2,2,2,0.8221821924858467,2.6666666666666665,0,355.0
57,2,405,1,1,2,1,2,1,93,4,2,6,3,1,4900,2721,0,0,24,4,1,1,13,2,2,12,9,2,8,1.1202560585276635,2.0,1,350.0
34,2,181,1,2,4,3,4,1,97,4,1,6,4,1,2932,5586,0,1,14,3,1,3,6,3,3,5,0,1,2,0.6703246456332876,3.0,0,418.85714285714283
49,2,1184,2,11,3,2,3,0,43,3,3,7,4,1,7654,5860,1,0,18,3,1,2,9,3,4,9,8,7,7,1.330089495177687,2.6666666666666665,0,765.4
38,0,573,1,6,3,3,2,0,79,1,2,6,4,0,5329,15717,7,1,12,3,4,3,17,3,3,13,11,1,9,1.2183356195701875,3.3333333333333335,0,296.05555555555554
40,2,989,1,4,1,3,4,0,46,3,5,3,3,1,19033,6499,1,0,14,3,2,1,21,2,3,20,8,9,9,4.351394604481024,3.0,0,865.1363636363636
53,2,1223,1,7,2,3,4,0,50,3,5,3,3,0,18606,18640,3,0,18,3,2,1,26,6,3,7,7,4,7,4.253772290809328,3.0,0,689.1111111111111
29,2,1283,1,23,3,1,4,1,54,3,1,6,4,2,2201,18168,9,0,16,3,4,0,6,4,3,3,2,1,2,0.5032007315957934,4.0,0,314.42857142857144
44,1,429,1,1,2,3,3,1,99,3,1,6,2,0,2342,11092,1,1,12,3,3,3,6,2,2,5,3,2,3,0.5354366712391404,2.6666666666666665,1,334.57142857142856
33,1,1111,2,5,1,1,2,1,61,3,2,7,4,1,9998,19293,6,0,13,3,1,0,8,2,4,5,4,1,2,1.7374228864367016,2.3333333333333335,0,1110.888888888889
44,2,477,1,7,4,3,1,0,42,2,3,0,4,1,10248,2094,3,0,14,3,4,1,24,4,3,22,6,5,17,2.342935528120713,3.0,0,409.92
33,2,575,1,25,3,1,4,1,44,2,2,4,2,2,4320,24152,1,0,13,3,4,0,5,2,3,5,3,0,2,0.9876543209876543,3.3333333333333335,0,720.0
27,1,1337,0,22,3,0,1,0,58,2,1,1,2,1,2863,19555,1,0,12,3,1,0,1,2,3,1,0,0,0,0.7367472979927946,1.3333333333333333,0,1431.5
29,2,991,2,5,3,3,1,1,43,2,2,7,2,0,4187,3356,1,1,13,3,2,1,10,3,2,10,0,0,9,0.7276044834477365,1.6666666666666667,1,380.6363636363636
18,0,287,1,5,2,1,2,1,73,3,1,6,4,2,1051,13493,1,0,15,3,4,0,0,2,3,0,0,0,0,0.24028349336991311,3.3333333333333335,0,1051.0
43,2,531,2,4,4,2,4,0,56,2,3,7,4,2,10231,20364,3,0,14,3,4,0,23,3,4,21,7,15,17,1.7779129377009297,4.0,0,426.2916666666667
29,2,232,1,19,3,5,4,1,34,3,2,4,4,0,4262,22645,4,0,12,3,2,2,8,2,4,3,2,1,2,0.9743941472336534,3.3333333333333335,0,473.55555555555554
32,2,498,1,3,4,3,3,0,93,3,2,4,1,1,6725,13554,1,0,12,3,3,1,8,2,4,8,7,6,3,1.5374942844078647,2.3333333333333335,0,747.2222222222222
50,2,410,2,28,3,2,4,1,39,2,3,7,1,0,10854,16586,4,1,13,3,2,1,20,3,3,3,2,2,0,1.8861760361456252,2.3333333333333335,0,516.8571428571429
31,1,1060,2,1,3,1,4,0,54,3,1,8,2,2,2302,8319,1,1,11,3,1,0,3,2,4,3,2,2,2,0.4000347554088105,2.3333333333333335,0,575.5
40,2,1194,1,1,3,1,3,0,52,3,2,0,4,0,6513,9060,4,0,17,3,4,1,12,3,3,5,3,0,3,1.489026063100137,3.6666666666666665,0,501.0
30,2,288,1,2,3,1,3,1,99,2,2,0,4,1,4152,15830,1,0,19,3,1,3,11,3,3,11,10,10,8,0.9492455418381345,2.6666666666666665,0,346.0
31,2,249,2,6,4,1,2,1,76,1,2,7,3,1,6172,20739,4,1,18,3,2,0,12,3,2,7,7,7,7,1.0725519158919106,2.3333333333333335,1,474.7692307692308
35,2,670,1,10,4,3,1,0,51,3,2,0,3,2,6142,4223,3,1,16,3,3,0,10,4,3,5,2,0,4,1.404206675811614,2.3333333333333335,0,558.3636363636364
34,2,1397,1,1,5,1,2,1,42,3,1,6,4,1,2691,7660,1,0,12,3,4,1,10,4,2,10,9,8,8,0.6152263374485597,3.3333333333333335,1,244.63636363636363
28,0,1476,1,1,3,1,3,0,55,1,2,2,4,1,6674,16392,0,0,11,3,1,3,10,6,3,9,8,7,5,1.5258344764517604,2.6666666666666665,0,606.7272727272727
40,0,663,1,9,4,4,3,1,81,3,2,2,3,0,3975,23099,3,0,11,3,3,2,11,2,4,8,7,0,7,0.9087791495198903,3.0,0,331.25
46,2,563,2,1,4,1,4,1,56,4,4,3,1,2,17567,3156,1,0,15,3,2,0,27,5,1,26,0,0,12,3.0527413328699278,2.3333333333333335,1,627.3928571428571
26,2,933,2,1,3,1,3,1,57,3,2,7,3,1,5296,20156,1,0,17,3,2,1,8,3,3,8,7,7,7,0.9203232253019377,2.6666666666666665,0,588.4444444444445
30,2,979,2,15,2,2,3,1,94,2,3,7,1,0,7140,3088,2,0,11,3,1,1,12,2,3,7,7,1,7,1.240768094534712,1.6666666666666667,0,549.2307692307693
35,2,622,1,14,4,4,3,1,39,2,1,2,2,0,3743,10074,1,1,24,4,4,1,5,2,1,4,2,0,2,0.8557384545038866,3.0,1,623.8333333333334
32,2,1033,1,9,3,3,1,0,41,3,1,2,1,2,4200,10224,7,0,22,4,1,0,10,2,4,5,4,0,4,0.9602194787379973,1.0,0,381.8181818181818
30,2,1176,1,20,3,4,3,1,85,3,2,4,1,1,9957,9096,0,0,15,3,3,1,7,1,2,6,2,0,2,2.276406035665295,2.3333333333333335,1,1244.625
34,2,810,2,8,2,5,2,1,92,4,2,7,3,1,6799,22128,1,0,21,4,3,2,10,5,3,10,8,4,8,1.181510122512816,2.6666666666666665,0,618.0909090909091
35,2,195,2,1,3,3,1,0,80,3,2,7,3,2,4859,6698,1,0,16,3,4,0,5,3,3,5,4,0,3,0.8443826570510036,2.6666666666666665,0,809.8333333333334
40,2,444,2,2,2,2,2,0,92,3,2,7,2,1,5677,4258,3,0,14,3,3,1,15,4,3,11,8,5,10,0.9865322790859328,2.3333333333333335,0,354.8125
34,2,790,2,24,4,3,1,0,40,2,2,7,2,2,4599,7815,0,1,23,4,3,0,16,2,4,15,9,10,10,0.7992006255973586,2.0,0,270.52941176470586
38,2,1206,1,9,2,1,2,1,71,3,1,6,4,0,4771,14293,2,0,19,3,4,2,10,0,4,5,2,0,3,1.0907636031092822,3.3333333333333335,0,433.72727272727275
30,2,634,1,17,4,3,2,0,95,3,3,3,1,1,11916,25927,1,1,23,4,4,2,9,2,3,9,1,0,8,2.7242798353909463,2.3333333333333335,0,1191.6
46,2,1125,2,10,3,2,3,0,94,2,3,7,4,1,9071,11563,2,1,19,3,3,1,15,3,3,3,2,1,2,1.5763315666000521,3.3333333333333335,0,566.9375
51,2,1469,1,8,4,1,2,1,81,2,3,5,2,1,12490,15736,5,0,16,3,4,2,16,5,1,10,9,4,7,2.8555098308184728,2.6666666666666665,1,734.7058823529412
23,2,310,1,10,1,3,1,1,79,4,1,6,3,2,3505,19630,1,0,18,3,4,0,2,3,3,2,2,0,2,0.8013260173754001,2.6666666666666665,0,1168.3333333333333
55,2,692,1,14,4,3,3,1,61,4,5,5,2,2,18722,13339,8,0,11,3,4,0,36,3,3,24,15,2,15,4.28029263831733,3.0,0,506.0
46,2,1277,2,2,3,1,3,1,74,3,3,7,4,0,10368,5596,4,1,12,3,2,1,13,5,2,10,6,0,3,1.8017203927361196,3.0,1,740.5714285714286
30,2,438,1,18,3,1,1,0,75,3,1,6,3,2,2632,23910,1,0,14,3,3,0,5,4,2,5,4,0,4,0.6017375400091449,2.3333333333333335,1,438.6666666666667
58,1,1216,1,15,4,1,1,1,87,3,4,5,3,1,15787,21624,2,1,14,3,2,0,23,3,3,2,2,2,2,3.6092821216278006,2.0,0,657.7916666666666
51,2,942,1,3,3,5,1,0,53,3,3,3,3,1,13116,22984,2,0,11,3,4,0,15,2,3,2,2,2,2,2.998628257887517,2.6666666666666665,0,819.75
42,1,1474,1,5,2,4,2,1,97,3,1,2,3,1,2093,9260,4,0,17,3,4,1,8,4,3,2,2,2,0,0.47850937357110196,3.0,0,232.55555555555554
31,2,691,2,7,3,2,4,1,73,3,2,7,4,0,7547,7143,4,0,12,3,4,3,13,3,3,7,7,1,7,1.3114953514640717,4.0,0,539.0714285714286
34,2,1440,2,7,2,5,2,1,55,3,1,8,3,1,2308,4944,0,1,25,4,2,1,12,4,3,11,10,5,7,0.4010774176731254,2.3333333333333335,0,177.53846153846155
60,2,422,1,7,3,1,1,0,41,3,5,3,1,1,19566,3854,5,0,11,3,4,0,33,5,1,29,8,11,10,4.473251028806584,2.0,1,575.4705882352941
37,2,1462,1,11,3,3,1,0,94,3,1,2,3,2,3629,19106,4,0,18,3,1,0,8,6,3,3,2,0,2,0.8296753543667124,1.6666666666666667,0,403.22222222222223
35,2,682,2,18,4,3,2,1,71,3,2,7,1,1,5561,15975,0,0,16,3,4,1,6,2,1,5,3,0,4,0.966374141975845,2.3333333333333335,1,794.4285714285714
46,0,1144,1,7,4,3,3,0,30,3,2,4,3,1,5258,16044,2,0,14,3,3,0,7,2,4,1,0,0,0,1.202103337905807,3.0,0,657.25
23,2,427,2,7,3,1,3,1,99,3,1,8,4,0,2275,25103,1,1,21,4,2,1,3,2,3,3,2,0,2,0.39534277521939354,3.0,0,568.75
38,2,1009,2,2,2,1,2,0,31,3,2,7,1,0,6893,19461,3,0,15,3,4,1,11,3,3,7,7,1,7,1.1978451646537494,2.3333333333333335,0,574.4166666666666
22,2,217,1,8,1,1,2,1,94,1,1,2,1,1,2451,6881,1,0,15,3,1,1,4,3,2,4,3,1,1,0.5603566529492455,1.3333333333333333,1,490.2
36,2,430,1,2,4,4,4,0,73,3,2,6,2,1,6962,19573,4,1,22,4,4,1,15,2,3,1,0,0,0,1.5916780978509373,3.3333333333333335,0,435.125
39,1,766,2,20,3,1,3,1,83,3,2,7,4,0,4127,19188,2,0,18,3,4,1,7,6,3,2,1,2,2,0.7171778608045877,3.6666666666666665,0,515.875
